PrimaryIndex,Hour,EV_demand_pred,center,avg_volt
0,0,0.03165568,"(-10926430.816974942, 3547773.7526442404)",0.9991129341083334
0,1,0.03165568,"(-10926430.816974942, 3547773.7526442404)",0.9991129341083334
0,2,0.03165568,"(-10926430.816974942, 3547773.7526442404)",0.9991129341083334
0,3,0.03165568,"(-10926430.816974942, 3547773.7526442404)",0.9991129341083334
0,4,0.03165568,"(-10926430.816974942, 3547773.7526442404)",0.9991129341083334
0,5,0.03165568,"(-10926430.816974942, 3547773.7526442404)",0.9991129341083334
0,6,0.03165568,"(-10926430.816974942, 3547773.7526442404)",0.9991129341083334
0,7,0.03165568,"(-10926430.816974942, 3547773.7526442404)",0.9991129341083334
0,8,0.03165568,"(-10926430.816974942, 3547773.7526442404)",0.9991129341083334
0,9,0.03165568,"(-10926430.816974942, 3547773.7526442404)",0.9991129341083334
0,10,0.03165568,"(-10926430.816974942, 3547773.7526442404)",0.9991129341083334
0,11,0.03165568,"(-10926430.816974942, 3547773.7526442404)",0.9991129341083334
0,12,0.03165568,"(-10926430.816974942, 3547773.7526442404)",0.9991129341083334
0,13,0.03165568,"(-10926430.816974942, 3547773.7526442404)",0.9991129341083334
0,14,0.03165568,"(-10926430.816974942, 3547773.7526442404)",0.9991129341083334
0,15,0.03165568,"(-10926430.816974942, 3547773.7526442404)",0.9991129341083334
0,16,0.03165568,"(-10926430.816974942, 3547773.7526442404)",0.9991129341083334
0,17,0.03165568,"(-10926430.816974942, 3547773.7526442404)",0.9991129341083334
0,18,0.03165568,"(-10926430.816974942, 3547773.7526442404)",0.9991129341083334
0,19,0.03165568,"(-10926430.816974942, 3547773.7526442404)",0.9991129341083334
0,20,0.03165568,"(-10926430.816974942, 3547773.7526442404)",0.9991129341083334
0,21,0.03165568,"(-10926430.816974942, 3547773.7526442404)",0.9991129341083334
0,22,0.03165568,"(-10926430.816974942, 3547773.7526442404)",0.9991129341083334
0,23,0.03165568,"(-10926430.816974942, 3547773.7526442404)",0.9991129341083334
1,0,0.7733954,"(-10926430.816974942, 3560373.7526442404)",1.009184525913689
1,1,0.7733954,"(-10926430.816974942, 3560373.7526442404)",1.009184525913689
1,2,0.7733954,"(-10926430.816974942, 3560373.7526442404)",1.009184525913689
1,3,0.7733954,"(-10926430.816974942, 3560373.7526442404)",1.009184525913689
1,4,0.7733954,"(-10926430.816974942, 3560373.7526442404)",1.009184525913689
1,5,0.7733954,"(-10926430.816974942, 3560373.7526442404)",1.009184525913689
1,6,1.1550435,"(-10926430.816974942, 3560373.7526442404)",1.009184525913689
1,7,1.1068541,"(-10926430.816974942, 3560373.7526442404)",1.009184525913689
1,8,1.042252,"(-10926430.816974942, 3560373.7526442404)",1.009184525913689
1,9,1.0344235,"(-10926430.816974942, 3560373.7526442404)",1.009184525913689
1,10,1.0521357,"(-10926430.816974942, 3560373.7526442404)",1.009184525913689
1,11,1.1632136,"(-10926430.816974942, 3560373.7526442404)",1.009184525913689
1,12,1.3914814,"(-10926430.816974942, 3560373.7526442404)",1.009184525913689
1,13,0.7733954,"(-10926430.816974942, 3560373.7526442404)",1.009184525913689
1,14,0.7733954,"(-10926430.816974942, 3560373.7526442404)",1.009184525913689
1,15,0.7733954,"(-10926430.816974942, 3560373.7526442404)",1.009184525913689
1,16,0.7733954,"(-10926430.816974942, 3560373.7526442404)",1.009184525913689
1,17,0.7733954,"(-10926430.816974942, 3560373.7526442404)",1.009184525913689
1,18,0.7733954,"(-10926430.816974942, 3560373.7526442404)",1.009184525913689
1,19,0.7733954,"(-10926430.816974942, 3560373.7526442404)",1.009184525913689
1,20,0.7733954,"(-10926430.816974942, 3560373.7526442404)",1.009184525913689
1,21,0.7733954,"(-10926430.816974942, 3560373.7526442404)",1.009184525913689
1,22,0.7733954,"(-10926430.816974942, 3560373.7526442404)",1.009184525913689
1,23,0.7733954,"(-10926430.816974942, 3560373.7526442404)",1.009184525913689
8,0,0.66604286,"(-10920130.816974942, 3547773.7526442404)",1.0274608455118333
8,1,0.66604286,"(-10920130.816974942, 3547773.7526442404)",1.0274608455118333
8,2,0.66604286,"(-10920130.816974942, 3547773.7526442404)",1.0274608455118333
8,3,0.66604286,"(-10920130.816974942, 3547773.7526442404)",1.0274608455118333
8,4,0.66604286,"(-10920130.816974942, 3547773.7526442404)",1.0274608455118333
8,5,0.66604286,"(-10920130.816974942, 3547773.7526442404)",1.0274608455118333
8,6,0.9671333,"(-10920130.816974942, 3547773.7526442404)",1.0274608455118333
8,7,0.80256754,"(-10920130.816974942, 3547773.7526442404)",1.0274608455118333
8,8,1.2910638,"(-10920130.816974942, 3547773.7526442404)",1.0274608455118333
8,9,1.0871643,"(-10920130.816974942, 3547773.7526442404)",1.0274608455118333
8,10,1.037894,"(-10920130.816974942, 3547773.7526442404)",1.0274608455118333
8,11,0.936706,"(-10920130.816974942, 3547773.7526442404)",1.0274608455118333
8,12,0.9303978,"(-10920130.816974942, 3547773.7526442404)",1.0274608455118333
8,13,0.936706,"(-10920130.816974942, 3547773.7526442404)",1.0274608455118333
8,14,1.0871643,"(-10920130.816974942, 3547773.7526442404)",1.0274608455118333
8,15,0.66604286,"(-10920130.816974942, 3547773.7526442404)",1.0274608455118333
8,16,0.66604286,"(-10920130.816974942, 3547773.7526442404)",1.0274608455118333
8,17,0.66604286,"(-10920130.816974942, 3547773.7526442404)",1.0274608455118333
8,18,0.66604286,"(-10920130.816974942, 3547773.7526442404)",1.0274608455118333
8,19,0.66604286,"(-10920130.816974942, 3547773.7526442404)",1.0274608455118333
8,20,0.66604286,"(-10920130.816974942, 3547773.7526442404)",1.0274608455118333
8,21,0.66604286,"(-10920130.816974942, 3547773.7526442404)",1.0274608455118333
8,22,0.66604286,"(-10920130.816974942, 3547773.7526442404)",1.0274608455118333
8,23,0.66604286,"(-10920130.816974942, 3547773.7526442404)",1.0274608455118333
9,0,1.1766564,"(-10920130.816974942, 3554073.7526442404)",1.0257764725648795
9,1,1.0425661,"(-10920130.816974942, 3554073.7526442404)",1.0257764725648795
9,2,0.93991023,"(-10920130.816974942, 3554073.7526442404)",1.0257764725648795
9,3,0.93991023,"(-10920130.816974942, 3554073.7526442404)",1.0257764725648795
9,4,0.93991023,"(-10920130.816974942, 3554073.7526442404)",1.0257764725648795
9,5,1.0858327,"(-10920130.816974942, 3554073.7526442404)",1.0257764725648795
9,6,1.0274179,"(-10920130.816974942, 3554073.7526442404)",1.0257764725648795
9,7,0.99045074,"(-10920130.816974942, 3554073.7526442404)",1.0257764725648795
9,8,1.0155817,"(-10920130.816974942, 3554073.7526442404)",1.0257764725648795
9,9,1.0155817,"(-10920130.816974942, 3554073.7526442404)",1.0257764725648795
9,10,1.0155817,"(-10920130.816974942, 3554073.7526442404)",1.0257764725648795
9,11,1.1082842,"(-10920130.816974942, 3554073.7526442404)",1.0257764725648795
9,12,1.123453,"(-10920130.816974942, 3554073.7526442404)",1.0257764725648795
9,13,1.1785935,"(-10920130.816974942, 3554073.7526442404)",1.0257764725648795
9,14,1.1518627,"(-10920130.816974942, 3554073.7526442404)",1.0257764725648795
9,15,1.191914,"(-10920130.816974942, 3554073.7526442404)",1.0257764725648795
9,16,1.1178192,"(-10920130.816974942, 3554073.7526442404)",1.0257764725648795
9,17,1.154817,"(-10920130.816974942, 3554073.7526442404)",1.0257764725648795
9,18,1.461083,"(-10920130.816974942, 3554073.7526442404)",1.0257764725648795
9,19,1.5773333,"(-10920130.816974942, 3554073.7526442404)",1.0257764725648795
9,20,1.5709779,"(-10920130.816974942, 3554073.7526442404)",1.0257764725648795
9,21,1.2401183,"(-10920130.816974942, 3554073.7526442404)",1.0257764725648795
9,22,1.2644784,"(-10920130.816974942, 3554073.7526442404)",1.0257764725648795
9,23,1.5229728,"(-10920130.816974942, 3554073.7526442404)",1.0257764725648795
10,0,0.18490218,"(-10920130.816974942, 3560373.7526442404)",1.023138207267993
10,1,0.18490218,"(-10920130.816974942, 3560373.7526442404)",1.023138207267993
10,2,0.18490218,"(-10920130.816974942, 3560373.7526442404)",1.023138207267993
10,3,0.18490218,"(-10920130.816974942, 3560373.7526442404)",1.023138207267993
10,4,0.18490218,"(-10920130.816974942, 3560373.7526442404)",1.023138207267993
10,5,0.18490218,"(-10920130.816974942, 3560373.7526442404)",1.023138207267993
10,6,0.18490218,"(-10920130.816974942, 3560373.7526442404)",1.023138207267993
10,7,0.18490218,"(-10920130.816974942, 3560373.7526442404)",1.023138207267993
10,8,0.18490218,"(-10920130.816974942, 3560373.7526442404)",1.023138207267993
10,9,0.18490218,"(-10920130.816974942, 3560373.7526442404)",1.023138207267993
10,10,0.18490218,"(-10920130.816974942, 3560373.7526442404)",1.023138207267993
10,11,0.18490218,"(-10920130.816974942, 3560373.7526442404)",1.023138207267993
10,12,0.18490218,"(-10920130.816974942, 3560373.7526442404)",1.023138207267993
10,13,0.18490218,"(-10920130.816974942, 3560373.7526442404)",1.023138207267993
10,14,0.18490218,"(-10920130.816974942, 3560373.7526442404)",1.023138207267993
10,15,0.18490218,"(-10920130.816974942, 3560373.7526442404)",1.023138207267993
10,16,0.18490218,"(-10920130.816974942, 3560373.7526442404)",1.023138207267993
10,17,0.18490218,"(-10920130.816974942, 3560373.7526442404)",1.023138207267993
10,18,0.18490218,"(-10920130.816974942, 3560373.7526442404)",1.023138207267993
10,19,0.18490218,"(-10920130.816974942, 3560373.7526442404)",1.023138207267993
10,20,0.18490218,"(-10920130.816974942, 3560373.7526442404)",1.023138207267993
10,21,0.18490218,"(-10920130.816974942, 3560373.7526442404)",1.023138207267993
10,22,0.18490218,"(-10920130.816974942, 3560373.7526442404)",1.023138207267993
10,23,0.18490218,"(-10920130.816974942, 3560373.7526442404)",1.023138207267993
11,0,0.22320172,"(-10920130.816974942, 3572973.7526442404)",1.0141780258220883
11,1,0.22320172,"(-10920130.816974942, 3572973.7526442404)",1.0141780258220883
11,2,0.22320172,"(-10920130.816974942, 3572973.7526442404)",1.0141780258220883
11,3,0.22320172,"(-10920130.816974942, 3572973.7526442404)",1.0141780258220883
11,4,0.22320172,"(-10920130.816974942, 3572973.7526442404)",1.0141780258220883
11,5,0.22320172,"(-10920130.816974942, 3572973.7526442404)",1.0141780258220883
11,6,0.22320172,"(-10920130.816974942, 3572973.7526442404)",1.0141780258220883
11,7,0.22320172,"(-10920130.816974942, 3572973.7526442404)",1.0141780258220883
11,8,0.22320172,"(-10920130.816974942, 3572973.7526442404)",1.0141780258220883
11,9,0.22320172,"(-10920130.816974942, 3572973.7526442404)",1.0141780258220883
11,10,0.22320172,"(-10920130.816974942, 3572973.7526442404)",1.0141780258220883
11,11,0.22320172,"(-10920130.816974942, 3572973.7526442404)",1.0141780258220883
11,12,0.22320172,"(-10920130.816974942, 3572973.7526442404)",1.0141780258220883
11,13,0.22320172,"(-10920130.816974942, 3572973.7526442404)",1.0141780258220883
11,14,0.22320172,"(-10920130.816974942, 3572973.7526442404)",1.0141780258220883
11,15,0.22320172,"(-10920130.816974942, 3572973.7526442404)",1.0141780258220883
11,16,0.22320172,"(-10920130.816974942, 3572973.7526442404)",1.0141780258220883
11,17,0.22320172,"(-10920130.816974942, 3572973.7526442404)",1.0141780258220883
11,18,0.22320172,"(-10920130.816974942, 3572973.7526442404)",1.0141780258220883
11,19,0.22320172,"(-10920130.816974942, 3572973.7526442404)",1.0141780258220883
11,20,0.22320172,"(-10920130.816974942, 3572973.7526442404)",1.0141780258220883
11,21,0.22320172,"(-10920130.816974942, 3572973.7526442404)",1.0141780258220883
11,22,0.22320172,"(-10920130.816974942, 3572973.7526442404)",1.0141780258220883
11,23,0.22320172,"(-10920130.816974942, 3572973.7526442404)",1.0141780258220883
12,0,0.22320172,"(-10920130.816974942, 3579273.7526442404)",0.9596730168259382
12,1,0.22320172,"(-10920130.816974942, 3579273.7526442404)",0.9596730168259382
12,2,0.22320172,"(-10920130.816974942, 3579273.7526442404)",0.9596730168259382
12,3,0.22320172,"(-10920130.816974942, 3579273.7526442404)",0.9596730168259382
12,4,0.22320172,"(-10920130.816974942, 3579273.7526442404)",0.9596730168259382
12,5,0.22320172,"(-10920130.816974942, 3579273.7526442404)",0.9596730168259382
12,6,0.22320172,"(-10920130.816974942, 3579273.7526442404)",0.9596730168259382
12,7,0.22320172,"(-10920130.816974942, 3579273.7526442404)",0.9596730168259382
12,8,0.22320172,"(-10920130.816974942, 3579273.7526442404)",0.9596730168259382
12,9,0.22320172,"(-10920130.816974942, 3579273.7526442404)",0.9596730168259382
12,10,0.22320172,"(-10920130.816974942, 3579273.7526442404)",0.9596730168259382
12,11,0.22320172,"(-10920130.816974942, 3579273.7526442404)",0.9596730168259382
12,12,0.22320172,"(-10920130.816974942, 3579273.7526442404)",0.9596730168259382
12,13,0.22320172,"(-10920130.816974942, 3579273.7526442404)",0.9596730168259382
12,14,0.22320172,"(-10920130.816974942, 3579273.7526442404)",0.9596730168259382
12,15,0.22320172,"(-10920130.816974942, 3579273.7526442404)",0.9596730168259382
12,16,0.22320172,"(-10920130.816974942, 3579273.7526442404)",0.9596730168259382
12,17,0.22320172,"(-10920130.816974942, 3579273.7526442404)",0.9596730168259382
12,18,0.22320172,"(-10920130.816974942, 3579273.7526442404)",0.9596730168259382
12,19,0.22320172,"(-10920130.816974942, 3579273.7526442404)",0.9596730168259382
12,20,0.22320172,"(-10920130.816974942, 3579273.7526442404)",0.9596730168259382
12,21,0.22320172,"(-10920130.816974942, 3579273.7526442404)",0.9596730168259382
12,22,0.22320172,"(-10920130.816974942, 3579273.7526442404)",0.9596730168259382
12,23,0.22320172,"(-10920130.816974942, 3579273.7526442404)",0.9596730168259382
15,0,0.22320172,"(-10913830.816974942, 3535173.7526442404)",1.0188194215501647
15,1,0.22320172,"(-10913830.816974942, 3535173.7526442404)",1.0188194215501647
15,2,0.22320172,"(-10913830.816974942, 3535173.7526442404)",1.0188194215501647
15,3,0.22320172,"(-10913830.816974942, 3535173.7526442404)",1.0188194215501647
15,4,0.22320172,"(-10913830.816974942, 3535173.7526442404)",1.0188194215501647
15,5,0.22320172,"(-10913830.816974942, 3535173.7526442404)",1.0188194215501647
15,6,0.22320172,"(-10913830.816974942, 3535173.7526442404)",1.0188194215501647
15,7,0.22320172,"(-10913830.816974942, 3535173.7526442404)",1.0188194215501647
15,8,0.22320172,"(-10913830.816974942, 3535173.7526442404)",1.0188194215501647
15,9,0.22320172,"(-10913830.816974942, 3535173.7526442404)",1.0188194215501647
15,10,0.22320172,"(-10913830.816974942, 3535173.7526442404)",1.0188194215501647
15,11,0.22320172,"(-10913830.816974942, 3535173.7526442404)",1.0188194215501647
15,12,0.22320172,"(-10913830.816974942, 3535173.7526442404)",1.0188194215501647
15,13,0.22320172,"(-10913830.816974942, 3535173.7526442404)",1.0188194215501647
15,14,0.22320172,"(-10913830.816974942, 3535173.7526442404)",1.0188194215501647
15,15,0.22320172,"(-10913830.816974942, 3535173.7526442404)",1.0188194215501647
15,16,0.22320172,"(-10913830.816974942, 3535173.7526442404)",1.0188194215501647
15,17,0.22320172,"(-10913830.816974942, 3535173.7526442404)",1.0188194215501647
15,18,0.22320172,"(-10913830.816974942, 3535173.7526442404)",1.0188194215501647
15,19,0.22320172,"(-10913830.816974942, 3535173.7526442404)",1.0188194215501647
15,20,0.22320172,"(-10913830.816974942, 3535173.7526442404)",1.0188194215501647
15,21,0.22320172,"(-10913830.816974942, 3535173.7526442404)",1.0188194215501647
15,22,0.22320172,"(-10913830.816974942, 3535173.7526442404)",1.0188194215501647
15,23,0.22320172,"(-10913830.816974942, 3535173.7526442404)",1.0188194215501647
16,0,0.150251,"(-10913830.816974942, 3541473.7526442404)",1.0277090496315398
16,1,0.150251,"(-10913830.816974942, 3541473.7526442404)",1.0277090496315398
16,2,0.150251,"(-10913830.816974942, 3541473.7526442404)",1.0277090496315398
16,3,0.150251,"(-10913830.816974942, 3541473.7526442404)",1.0277090496315398
16,4,0.150251,"(-10913830.816974942, 3541473.7526442404)",1.0277090496315398
16,5,0.150251,"(-10913830.816974942, 3541473.7526442404)",1.0277090496315398
16,6,0.150251,"(-10913830.816974942, 3541473.7526442404)",1.0277090496315398
16,7,0.150251,"(-10913830.816974942, 3541473.7526442404)",1.0277090496315398
16,8,0.150251,"(-10913830.816974942, 3541473.7526442404)",1.0277090496315398
16,9,0.150251,"(-10913830.816974942, 3541473.7526442404)",1.0277090496315398
16,10,0.150251,"(-10913830.816974942, 3541473.7526442404)",1.0277090496315398
16,11,0.150251,"(-10913830.816974942, 3541473.7526442404)",1.0277090496315398
16,12,0.150251,"(-10913830.816974942, 3541473.7526442404)",1.0277090496315398
16,13,0.150251,"(-10913830.816974942, 3541473.7526442404)",1.0277090496315398
16,14,0.150251,"(-10913830.816974942, 3541473.7526442404)",1.0277090496315398
16,15,0.150251,"(-10913830.816974942, 3541473.7526442404)",1.0277090496315398
16,16,0.150251,"(-10913830.816974942, 3541473.7526442404)",1.0277090496315398
16,17,0.150251,"(-10913830.816974942, 3541473.7526442404)",1.0277090496315398
16,18,0.150251,"(-10913830.816974942, 3541473.7526442404)",1.0277090496315398
16,19,0.150251,"(-10913830.816974942, 3541473.7526442404)",1.0277090496315398
16,20,0.150251,"(-10913830.816974942, 3541473.7526442404)",1.0277090496315398
16,21,0.150251,"(-10913830.816974942, 3541473.7526442404)",1.0277090496315398
16,22,0.150251,"(-10913830.816974942, 3541473.7526442404)",1.0277090496315398
16,23,0.150251,"(-10913830.816974942, 3541473.7526442404)",1.0277090496315398
17,0,0.76346266,"(-10913830.816974942, 3547773.7526442404)",1.0237435158222188
17,1,0.76346266,"(-10913830.816974942, 3547773.7526442404)",1.0237435158222188
17,2,0.76346266,"(-10913830.816974942, 3547773.7526442404)",1.0237435158222188
17,3,0.76346266,"(-10913830.816974942, 3547773.7526442404)",1.0237435158222188
17,4,0.76346266,"(-10913830.816974942, 3547773.7526442404)",1.0237435158222188
17,5,0.76346266,"(-10913830.816974942, 3547773.7526442404)",1.0237435158222188
17,6,0.76346266,"(-10913830.816974942, 3547773.7526442404)",1.0237435158222188
17,7,1.0152409,"(-10913830.816974942, 3547773.7526442404)",1.0237435158222188
17,8,0.8783195,"(-10913830.816974942, 3547773.7526442404)",1.0237435158222188
17,9,1.0965177,"(-10913830.816974942, 3547773.7526442404)",1.0237435158222188
17,10,1.2753483,"(-10913830.816974942, 3547773.7526442404)",1.0237435158222188
17,11,1.2753483,"(-10913830.816974942, 3547773.7526442404)",1.0237435158222188
17,12,1.2682476,"(-10913830.816974942, 3547773.7526442404)",1.0237435158222188
17,13,1.2753483,"(-10913830.816974942, 3547773.7526442404)",1.0237435158222188
17,14,1.2753483,"(-10913830.816974942, 3547773.7526442404)",1.0237435158222188
17,15,0.91591877,"(-10913830.816974942, 3547773.7526442404)",1.0237435158222188
17,16,1.0844111,"(-10913830.816974942, 3547773.7526442404)",1.0237435158222188
17,17,0.9783839,"(-10913830.816974942, 3547773.7526442404)",1.0237435158222188
17,18,1.2876068,"(-10913830.816974942, 3547773.7526442404)",1.0237435158222188
17,19,0.8783195,"(-10913830.816974942, 3547773.7526442404)",1.0237435158222188
17,20,0.76346266,"(-10913830.816974942, 3547773.7526442404)",1.0237435158222188
17,21,0.76346266,"(-10913830.816974942, 3547773.7526442404)",1.0237435158222188
17,22,0.76346266,"(-10913830.816974942, 3547773.7526442404)",1.0237435158222188
17,23,0.76346266,"(-10913830.816974942, 3547773.7526442404)",1.0237435158222188
18,0,1.6425894,"(-10913830.816974942, 3554073.7526442404)",1.0253557870925956
18,1,1.6425894,"(-10913830.816974942, 3554073.7526442404)",1.0253557870925956
18,2,1.6425894,"(-10913830.816974942, 3554073.7526442404)",1.0253557870925956
18,3,1.6425894,"(-10913830.816974942, 3554073.7526442404)",1.0253557870925956
18,4,1.6425894,"(-10913830.816974942, 3554073.7526442404)",1.0253557870925956
18,5,1.6425894,"(-10913830.816974942, 3554073.7526442404)",1.0253557870925956
18,6,2.169215,"(-10913830.816974942, 3554073.7526442404)",1.0253557870925956
18,7,2.0831714,"(-10913830.816974942, 3554073.7526442404)",1.0253557870925956
18,8,2.0831714,"(-10913830.816974942, 3554073.7526442404)",1.0253557870925956
18,9,2.269719,"(-10913830.816974942, 3554073.7526442404)",1.0253557870925956
18,10,2.2787256,"(-10913830.816974942, 3554073.7526442404)",1.0253557870925956
18,11,2.837251,"(-10913830.816974942, 3554073.7526442404)",1.0253557870925956
18,12,2.347554,"(-10913830.816974942, 3554073.7526442404)",1.0253557870925956
18,13,2.8160548,"(-10913830.816974942, 3554073.7526442404)",1.0253557870925956
18,14,3.0274374,"(-10913830.816974942, 3554073.7526442404)",1.0253557870925956
18,15,2.420847,"(-10913830.816974942, 3554073.7526442404)",1.0253557870925956
18,16,2.383699,"(-10913830.816974942, 3554073.7526442404)",1.0253557870925956
18,17,2.5733447,"(-10913830.816974942, 3554073.7526442404)",1.0253557870925956
18,18,2.459796,"(-10913830.816974942, 3554073.7526442404)",1.0253557870925956
18,19,2.254636,"(-10913830.816974942, 3554073.7526442404)",1.0253557870925956
18,20,1.6425894,"(-10913830.816974942, 3554073.7526442404)",1.0253557870925956
18,21,1.6425894,"(-10913830.816974942, 3554073.7526442404)",1.0253557870925956
18,22,1.6425894,"(-10913830.816974942, 3554073.7526442404)",1.0253557870925956
18,23,1.6425894,"(-10913830.816974942, 3554073.7526442404)",1.0253557870925956
19,0,0.35584557,"(-10913830.816974942, 3560373.7526442404)",1.0248742903334631
19,1,0.35584557,"(-10913830.816974942, 3560373.7526442404)",1.0248742903334631
19,2,0.35584557,"(-10913830.816974942, 3560373.7526442404)",1.0248742903334631
19,3,0.35584557,"(-10913830.816974942, 3560373.7526442404)",1.0248742903334631
19,4,0.35584557,"(-10913830.816974942, 3560373.7526442404)",1.0248742903334631
19,5,0.35584557,"(-10913830.816974942, 3560373.7526442404)",1.0248742903334631
19,6,0.35584557,"(-10913830.816974942, 3560373.7526442404)",1.0248742903334631
19,7,0.35584557,"(-10913830.816974942, 3560373.7526442404)",1.0248742903334631
19,8,0.35584557,"(-10913830.816974942, 3560373.7526442404)",1.0248742903334631
19,9,0.67931616,"(-10913830.816974942, 3560373.7526442404)",1.0248742903334631
19,10,0.6851284,"(-10913830.816974942, 3560373.7526442404)",1.0248742903334631
19,11,0.67931616,"(-10913830.816974942, 3560373.7526442404)",1.0248742903334631
19,12,0.6851284,"(-10913830.816974942, 3560373.7526442404)",1.0248742903334631
19,13,0.6888237,"(-10913830.816974942, 3560373.7526442404)",1.0248742903334631
19,14,0.67931616,"(-10913830.816974942, 3560373.7526442404)",1.0248742903334631
19,15,0.6863121,"(-10913830.816974942, 3560373.7526442404)",1.0248742903334631
19,16,0.67931616,"(-10913830.816974942, 3560373.7526442404)",1.0248742903334631
19,17,0.67931616,"(-10913830.816974942, 3560373.7526442404)",1.0248742903334631
19,18,0.71526706,"(-10913830.816974942, 3560373.7526442404)",1.0248742903334631
19,19,0.35584557,"(-10913830.816974942, 3560373.7526442404)",1.0248742903334631
19,20,0.35584557,"(-10913830.816974942, 3560373.7526442404)",1.0248742903334631
19,21,0.35584557,"(-10913830.816974942, 3560373.7526442404)",1.0248742903334631
19,22,0.35584557,"(-10913830.816974942, 3560373.7526442404)",1.0248742903334631
19,23,0.35584557,"(-10913830.816974942, 3560373.7526442404)",1.0248742903334631
20,0,0.22320172,"(-10913830.816974942, 3566673.7526442404)",1.0036813020884559
20,1,0.22320172,"(-10913830.816974942, 3566673.7526442404)",1.0036813020884559
20,2,0.22320172,"(-10913830.816974942, 3566673.7526442404)",1.0036813020884559
20,3,0.22320172,"(-10913830.816974942, 3566673.7526442404)",1.0036813020884559
20,4,0.22320172,"(-10913830.816974942, 3566673.7526442404)",1.0036813020884559
20,5,0.22320172,"(-10913830.816974942, 3566673.7526442404)",1.0036813020884559
20,6,0.22320172,"(-10913830.816974942, 3566673.7526442404)",1.0036813020884559
20,7,0.22320172,"(-10913830.816974942, 3566673.7526442404)",1.0036813020884559
20,8,0.22320172,"(-10913830.816974942, 3566673.7526442404)",1.0036813020884559
20,9,0.22320172,"(-10913830.816974942, 3566673.7526442404)",1.0036813020884559
20,10,0.22320172,"(-10913830.816974942, 3566673.7526442404)",1.0036813020884559
20,11,0.22320172,"(-10913830.816974942, 3566673.7526442404)",1.0036813020884559
20,12,0.22320172,"(-10913830.816974942, 3566673.7526442404)",1.0036813020884559
20,13,0.22320172,"(-10913830.816974942, 3566673.7526442404)",1.0036813020884559
20,14,0.22320172,"(-10913830.816974942, 3566673.7526442404)",1.0036813020884559
20,15,0.22320172,"(-10913830.816974942, 3566673.7526442404)",1.0036813020884559
20,16,0.22320172,"(-10913830.816974942, 3566673.7526442404)",1.0036813020884559
20,17,0.22320172,"(-10913830.816974942, 3566673.7526442404)",1.0036813020884559
20,18,0.22320172,"(-10913830.816974942, 3566673.7526442404)",1.0036813020884559
20,19,0.22320172,"(-10913830.816974942, 3566673.7526442404)",1.0036813020884559
20,20,0.22320172,"(-10913830.816974942, 3566673.7526442404)",1.0036813020884559
20,21,0.22320172,"(-10913830.816974942, 3566673.7526442404)",1.0036813020884559
20,22,0.22320172,"(-10913830.816974942, 3566673.7526442404)",1.0036813020884559
20,23,0.22320172,"(-10913830.816974942, 3566673.7526442404)",1.0036813020884559
23,0,4.7058916,"(-10907530.816974942, 3547773.7526442404)",1.006657243951683
23,1,3.7420642,"(-10907530.816974942, 3547773.7526442404)",1.006657243951683
23,2,3.5951576,"(-10907530.816974942, 3547773.7526442404)",1.006657243951683
23,3,3.5962548,"(-10907530.816974942, 3547773.7526442404)",1.006657243951683
23,4,3.4903996,"(-10907530.816974942, 3547773.7526442404)",1.006657243951683
23,5,3.7688138,"(-10907530.816974942, 3547773.7526442404)",1.006657243951683
23,6,3.8594234,"(-10907530.816974942, 3547773.7526442404)",1.006657243951683
23,7,3.6513693,"(-10907530.816974942, 3547773.7526442404)",1.006657243951683
23,8,4.053001,"(-10907530.816974942, 3547773.7526442404)",1.006657243951683
23,9,4.2935266,"(-10907530.816974942, 3547773.7526442404)",1.006657243951683
23,10,4.53154,"(-10907530.816974942, 3547773.7526442404)",1.006657243951683
23,11,5.1319027,"(-10907530.816974942, 3547773.7526442404)",1.006657243951683
23,12,5.1433067,"(-10907530.816974942, 3547773.7526442404)",1.006657243951683
23,13,5.0592265,"(-10907530.816974942, 3547773.7526442404)",1.006657243951683
23,14,5.353577,"(-10907530.816974942, 3547773.7526442404)",1.006657243951683
23,15,5.039239,"(-10907530.816974942, 3547773.7526442404)",1.006657243951683
23,16,5.124301,"(-10907530.816974942, 3547773.7526442404)",1.006657243951683
23,17,5.0999017,"(-10907530.816974942, 3547773.7526442404)",1.006657243951683
23,18,5.3047705,"(-10907530.816974942, 3547773.7526442404)",1.006657243951683
23,19,5.4114246,"(-10907530.816974942, 3547773.7526442404)",1.006657243951683
23,20,4.8440795,"(-10907530.816974942, 3547773.7526442404)",1.006657243951683
23,21,4.501171,"(-10907530.816974942, 3547773.7526442404)",1.006657243951683
23,22,3.9616067,"(-10907530.816974942, 3547773.7526442404)",1.006657243951683
23,23,4.4950514,"(-10907530.816974942, 3547773.7526442404)",1.006657243951683
24,0,2.44121,"(-10907530.816974942, 3554073.7526442404)",1.0241464739098922
24,1,2.44121,"(-10907530.816974942, 3554073.7526442404)",1.0241464739098922
24,2,2.44121,"(-10907530.816974942, 3554073.7526442404)",1.0241464739098922
24,3,2.44121,"(-10907530.816974942, 3554073.7526442404)",1.0241464739098922
24,4,2.44121,"(-10907530.816974942, 3554073.7526442404)",1.0241464739098922
24,5,2.44121,"(-10907530.816974942, 3554073.7526442404)",1.0241464739098922
24,6,2.44121,"(-10907530.816974942, 3554073.7526442404)",1.0241464739098922
24,7,3.6992943,"(-10907530.816974942, 3554073.7526442404)",1.0241464739098922
24,8,3.8438363,"(-10907530.816974942, 3554073.7526442404)",1.0241464739098922
24,9,3.9864516,"(-10907530.816974942, 3554073.7526442404)",1.0241464739098922
24,10,3.993275,"(-10907530.816974942, 3554073.7526442404)",1.0241464739098922
24,11,3.8273487,"(-10907530.816974942, 3554073.7526442404)",1.0241464739098922
24,12,3.8256643,"(-10907530.816974942, 3554073.7526442404)",1.0241464739098922
24,13,3.8491743,"(-10907530.816974942, 3554073.7526442404)",1.0241464739098922
24,14,3.9966776,"(-10907530.816974942, 3554073.7526442404)",1.0241464739098922
24,15,4.0148654,"(-10907530.816974942, 3554073.7526442404)",1.0241464739098922
24,16,3.9297407,"(-10907530.816974942, 3554073.7526442404)",1.0241464739098922
24,17,3.9073663,"(-10907530.816974942, 3554073.7526442404)",1.0241464739098922
24,18,3.9063363,"(-10907530.816974942, 3554073.7526442404)",1.0241464739098922
24,19,3.9035091,"(-10907530.816974942, 3554073.7526442404)",1.0241464739098922
24,20,3.9545455,"(-10907530.816974942, 3554073.7526442404)",1.0241464739098922
24,21,3.841737,"(-10907530.816974942, 3554073.7526442404)",1.0241464739098922
24,22,3.2715878,"(-10907530.816974942, 3554073.7526442404)",1.0241464739098922
24,23,2.44121,"(-10907530.816974942, 3554073.7526442404)",1.0241464739098922
25,0,1.5918354,"(-10907530.816974942, 3560373.7526442404)",1.0252368187635192
25,1,1.7391056,"(-10907530.816974942, 3560373.7526442404)",1.0252368187635192
25,2,1.3801792,"(-10907530.816974942, 3560373.7526442404)",1.0252368187635192
25,3,1.3846512,"(-10907530.816974942, 3560373.7526442404)",1.0252368187635192
25,4,1.738098,"(-10907530.816974942, 3560373.7526442404)",1.0252368187635192
25,5,1.5798753,"(-10907530.816974942, 3560373.7526442404)",1.0252368187635192
25,6,1.7384905,"(-10907530.816974942, 3560373.7526442404)",1.0252368187635192
25,7,1.8038373,"(-10907530.816974942, 3560373.7526442404)",1.0252368187635192
25,8,1.7643057,"(-10907530.816974942, 3560373.7526442404)",1.0252368187635192
25,9,1.6675063,"(-10907530.816974942, 3560373.7526442404)",1.0252368187635192
25,10,1.6741918,"(-10907530.816974942, 3560373.7526442404)",1.0252368187635192
25,11,1.6930038,"(-10907530.816974942, 3560373.7526442404)",1.0252368187635192
25,12,1.7315289,"(-10907530.816974942, 3560373.7526442404)",1.0252368187635192
25,13,1.7174895,"(-10907530.816974942, 3560373.7526442404)",1.0252368187635192
25,14,1.7710583,"(-10907530.816974942, 3560373.7526442404)",1.0252368187635192
25,15,1.7396036,"(-10907530.816974942, 3560373.7526442404)",1.0252368187635192
25,16,1.7453873,"(-10907530.816974942, 3560373.7526442404)",1.0252368187635192
25,17,1.6891477,"(-10907530.816974942, 3560373.7526442404)",1.0252368187635192
25,18,1.7065861,"(-10907530.816974942, 3560373.7526442404)",1.0252368187635192
25,19,1.776557,"(-10907530.816974942, 3560373.7526442404)",1.0252368187635192
25,20,1.810583,"(-10907530.816974942, 3560373.7526442404)",1.0252368187635192
25,21,1.6471413,"(-10907530.816974942, 3560373.7526442404)",1.0252368187635192
25,22,1.6422888,"(-10907530.816974942, 3560373.7526442404)",1.0252368187635192
25,23,1.611001,"(-10907530.816974942, 3560373.7526442404)",1.0252368187635192
26,0,2.637737,"(-10907530.816974942, 3566673.7526442404)",1.007995621133338
26,1,2.554954,"(-10907530.816974942, 3566673.7526442404)",1.007995621133338
26,2,2.477264,"(-10907530.816974942, 3566673.7526442404)",1.007995621133338
26,3,2.5788093,"(-10907530.816974942, 3566673.7526442404)",1.007995621133338
26,4,2.5377834,"(-10907530.816974942, 3566673.7526442404)",1.007995621133338
26,5,2.641964,"(-10907530.816974942, 3566673.7526442404)",1.007995621133338
26,6,2.4454122,"(-10907530.816974942, 3566673.7526442404)",1.007995621133338
26,7,2.3283145,"(-10907530.816974942, 3566673.7526442404)",1.007995621133338
26,8,2.3729355,"(-10907530.816974942, 3566673.7526442404)",1.007995621133338
26,9,1.7851361,"(-10907530.816974942, 3566673.7526442404)",1.007995621133338
26,10,1.8552657,"(-10907530.816974942, 3566673.7526442404)",1.007995621133338
26,11,1.8805296,"(-10907530.816974942, 3566673.7526442404)",1.007995621133338
26,12,1.9338784,"(-10907530.816974942, 3566673.7526442404)",1.007995621133338
26,13,1.9423589,"(-10907530.816974942, 3566673.7526442404)",1.007995621133338
26,14,1.9791368,"(-10907530.816974942, 3566673.7526442404)",1.007995621133338
26,15,1.9816837,"(-10907530.816974942, 3566673.7526442404)",1.007995621133338
26,16,2.083958,"(-10907530.816974942, 3566673.7526442404)",1.007995621133338
26,17,2.032267,"(-10907530.816974942, 3566673.7526442404)",1.007995621133338
26,18,1.9305137,"(-10907530.816974942, 3566673.7526442404)",1.007995621133338
26,19,1.8837359,"(-10907530.816974942, 3566673.7526442404)",1.007995621133338
26,20,2.0305662,"(-10907530.816974942, 3566673.7526442404)",1.007995621133338
26,21,1.6936649,"(-10907530.816974942, 3566673.7526442404)",1.007995621133338
26,22,1.6824979,"(-10907530.816974942, 3566673.7526442404)",1.007995621133338
26,23,1.817532,"(-10907530.816974942, 3566673.7526442404)",1.007995621133338
28,0,0.22320172,"(-10901230.816974942, 3522573.7526442404)",0.9287634696318907
28,1,0.22320172,"(-10901230.816974942, 3522573.7526442404)",0.9287634696318907
28,2,0.22320172,"(-10901230.816974942, 3522573.7526442404)",0.9287634696318907
28,3,0.22320172,"(-10901230.816974942, 3522573.7526442404)",0.9287634696318907
28,4,0.22320172,"(-10901230.816974942, 3522573.7526442404)",0.9287634696318907
28,5,0.22320172,"(-10901230.816974942, 3522573.7526442404)",0.9287634696318907
28,6,0.22320172,"(-10901230.816974942, 3522573.7526442404)",0.9287634696318907
28,7,0.22320172,"(-10901230.816974942, 3522573.7526442404)",0.9287634696318907
28,8,0.22320172,"(-10901230.816974942, 3522573.7526442404)",0.9287634696318907
28,9,0.22320172,"(-10901230.816974942, 3522573.7526442404)",0.9287634696318907
28,10,0.22320172,"(-10901230.816974942, 3522573.7526442404)",0.9287634696318907
28,11,0.22320172,"(-10901230.816974942, 3522573.7526442404)",0.9287634696318907
28,12,0.22320172,"(-10901230.816974942, 3522573.7526442404)",0.9287634696318907
28,13,0.22320172,"(-10901230.816974942, 3522573.7526442404)",0.9287634696318907
28,14,0.22320172,"(-10901230.816974942, 3522573.7526442404)",0.9287634696318907
28,15,0.22320172,"(-10901230.816974942, 3522573.7526442404)",0.9287634696318907
28,16,0.22320172,"(-10901230.816974942, 3522573.7526442404)",0.9287634696318907
28,17,0.22320172,"(-10901230.816974942, 3522573.7526442404)",0.9287634696318907
28,18,0.22320172,"(-10901230.816974942, 3522573.7526442404)",0.9287634696318907
28,19,0.22320172,"(-10901230.816974942, 3522573.7526442404)",0.9287634696318907
28,20,0.22320172,"(-10901230.816974942, 3522573.7526442404)",0.9287634696318907
28,21,0.22320172,"(-10901230.816974942, 3522573.7526442404)",0.9287634696318907
28,22,0.22320172,"(-10901230.816974942, 3522573.7526442404)",0.9287634696318907
28,23,0.22320172,"(-10901230.816974942, 3522573.7526442404)",0.9287634696318907
29,0,0.6955951,"(-10901230.816974942, 3528873.7526442404)",1.0193258598200796
29,1,0.6955951,"(-10901230.816974942, 3528873.7526442404)",1.0193258598200796
29,2,0.6955951,"(-10901230.816974942, 3528873.7526442404)",1.0193258598200796
29,3,0.6955951,"(-10901230.816974942, 3528873.7526442404)",1.0193258598200796
29,4,0.6955951,"(-10901230.816974942, 3528873.7526442404)",1.0193258598200796
29,5,0.6955951,"(-10901230.816974942, 3528873.7526442404)",1.0193258598200796
29,6,1.0787973,"(-10901230.816974942, 3528873.7526442404)",1.0193258598200796
29,7,1.0904905,"(-10901230.816974942, 3528873.7526442404)",1.0193258598200796
29,8,1.049114,"(-10901230.816974942, 3528873.7526442404)",1.0193258598200796
29,9,1.049114,"(-10901230.816974942, 3528873.7526442404)",1.0193258598200796
29,10,1.0867951,"(-10901230.816974942, 3528873.7526442404)",1.0193258598200796
29,11,1.0503569,"(-10901230.816974942, 3528873.7526442404)",1.0193258598200796
29,12,1.037525,"(-10901230.816974942, 3528873.7526442404)",1.0193258598200796
29,13,1.081708,"(-10901230.816974942, 3528873.7526442404)",1.0193258598200796
29,14,1.049114,"(-10901230.816974942, 3528873.7526442404)",1.0193258598200796
29,15,1.0439361,"(-10901230.816974942, 3528873.7526442404)",1.0193258598200796
29,16,1.0867951,"(-10901230.816974942, 3528873.7526442404)",1.0193258598200796
29,17,1.0809828,"(-10901230.816974942, 3528873.7526442404)",1.0193258598200796
29,18,1.0796671,"(-10901230.816974942, 3528873.7526442404)",1.0193258598200796
29,19,1.0655789,"(-10901230.816974942, 3528873.7526442404)",1.0193258598200796
29,20,1.0990912,"(-10901230.816974942, 3528873.7526442404)",1.0193258598200796
29,21,1.1169338,"(-10901230.816974942, 3528873.7526442404)",1.0193258598200796
29,22,1.3819312,"(-10901230.816974942, 3528873.7526442404)",1.0193258598200796
29,23,0.6955951,"(-10901230.816974942, 3528873.7526442404)",1.0193258598200796
30,0,0.9300922,"(-10901230.816974942, 3535173.7526442404)",1.0223802099927168
30,1,0.9300922,"(-10901230.816974942, 3535173.7526442404)",1.0223802099927168
30,2,0.9300922,"(-10901230.816974942, 3535173.7526442404)",1.0223802099927168
30,3,0.9300922,"(-10901230.816974942, 3535173.7526442404)",1.0223802099927168
30,4,0.9300922,"(-10901230.816974942, 3535173.7526442404)",1.0223802099927168
30,5,1.1274391,"(-10901230.816974942, 3535173.7526442404)",1.0223802099927168
30,6,1.3444034,"(-10901230.816974942, 3535173.7526442404)",1.0223802099927168
30,7,1.4377768,"(-10901230.816974942, 3535173.7526442404)",1.0223802099927168
30,8,1.4952534,"(-10901230.816974942, 3535173.7526442404)",1.0223802099927168
30,9,1.5727241,"(-10901230.816974942, 3535173.7526442404)",1.0223802099927168
30,10,1.4877458,"(-10901230.816974942, 3535173.7526442404)",1.0223802099927168
30,11,1.5300206,"(-10901230.816974942, 3535173.7526442404)",1.0223802099927168
30,12,1.5755019,"(-10901230.816974942, 3535173.7526442404)",1.0223802099927168
30,13,1.5448837,"(-10901230.816974942, 3535173.7526442404)",1.0223802099927168
30,14,1.5353293,"(-10901230.816974942, 3535173.7526442404)",1.0223802099927168
30,15,1.1514169,"(-10901230.816974942, 3535173.7526442404)",1.0223802099927168
30,16,1.4829743,"(-10901230.816974942, 3535173.7526442404)",1.0223802099927168
30,17,1.4930036,"(-10901230.816974942, 3535173.7526442404)",1.0223802099927168
30,18,1.5351502,"(-10901230.816974942, 3535173.7526442404)",1.0223802099927168
30,19,1.5235894,"(-10901230.816974942, 3535173.7526442404)",1.0223802099927168
30,20,1.6308978,"(-10901230.816974942, 3535173.7526442404)",1.0223802099927168
30,21,1.2189019,"(-10901230.816974942, 3535173.7526442404)",1.0223802099927168
30,22,1.3436141,"(-10901230.816974942, 3535173.7526442404)",1.0223802099927168
30,23,1.3044169,"(-10901230.816974942, 3535173.7526442404)",1.0223802099927168
31,0,0.84093946,"(-10901230.816974942, 3547773.7526442404)",1.0222073415443045
31,1,0.82999396,"(-10901230.816974942, 3547773.7526442404)",1.0222073415443045
31,2,0.932786,"(-10901230.816974942, 3547773.7526442404)",1.0222073415443045
31,3,0.932786,"(-10901230.816974942, 3547773.7526442404)",1.0222073415443045
31,4,0.88094044,"(-10901230.816974942, 3547773.7526442404)",1.0222073415443045
31,5,1.1420664,"(-10901230.816974942, 3547773.7526442404)",1.0222073415443045
31,6,1.2014834,"(-10901230.816974942, 3547773.7526442404)",1.0222073415443045
31,7,1.0242989,"(-10901230.816974942, 3547773.7526442404)",1.0222073415443045
31,8,1.1970224,"(-10901230.816974942, 3547773.7526442404)",1.0222073415443045
31,9,1.0018406,"(-10901230.816974942, 3547773.7526442404)",1.0222073415443045
31,10,0.9994413,"(-10901230.816974942, 3547773.7526442404)",1.0222073415443045
31,11,1.0658413,"(-10901230.816974942, 3547773.7526442404)",1.0222073415443045
31,12,1.2275348,"(-10901230.816974942, 3547773.7526442404)",1.0222073415443045
31,13,1.1502721,"(-10901230.816974942, 3547773.7526442404)",1.0222073415443045
31,14,1.0191362,"(-10901230.816974942, 3547773.7526442404)",1.0222073415443045
31,15,1.1953481,"(-10901230.816974942, 3547773.7526442404)",1.0222073415443045
31,16,1.0600028,"(-10901230.816974942, 3547773.7526442404)",1.0222073415443045
31,17,1.1760306,"(-10901230.816974942, 3547773.7526442404)",1.0222073415443045
31,18,1.1551852,"(-10901230.816974942, 3547773.7526442404)",1.0222073415443045
31,19,1.0158356,"(-10901230.816974942, 3547773.7526442404)",1.0222073415443045
31,20,0.9754755,"(-10901230.816974942, 3547773.7526442404)",1.0222073415443045
31,21,1.1124307,"(-10901230.816974942, 3547773.7526442404)",1.0222073415443045
31,22,1.081425,"(-10901230.816974942, 3547773.7526442404)",1.0222073415443045
31,23,0.84093946,"(-10901230.816974942, 3547773.7526442404)",1.0222073415443045
32,0,1.5140332,"(-10901230.816974942, 3554073.7526442404)",1.0167583480983318
32,1,1.3222377,"(-10901230.816974942, 3554073.7526442404)",1.0167583480983318
32,2,1.1792607,"(-10901230.816974942, 3554073.7526442404)",1.0167583480983318
32,3,1.1803908,"(-10901230.816974942, 3554073.7526442404)",1.0167583480983318
32,4,1.1578684,"(-10901230.816974942, 3554073.7526442404)",1.0167583480983318
32,5,1.2471949,"(-10901230.816974942, 3554073.7526442404)",1.0167583480983318
32,6,1.3937341,"(-10901230.816974942, 3554073.7526442404)",1.0167583480983318
32,7,1.3435367,"(-10901230.816974942, 3554073.7526442404)",1.0167583480983318
32,8,1.5702732,"(-10901230.816974942, 3554073.7526442404)",1.0167583480983318
32,9,1.522779,"(-10901230.816974942, 3554073.7526442404)",1.0167583480983318
32,10,1.5018736,"(-10901230.816974942, 3554073.7526442404)",1.0167583480983318
32,11,1.4661765,"(-10901230.816974942, 3554073.7526442404)",1.0167583480983318
32,12,1.4623392,"(-10901230.816974942, 3554073.7526442404)",1.0167583480983318
32,13,1.5145401,"(-10901230.816974942, 3554073.7526442404)",1.0167583480983318
32,14,1.4640527,"(-10901230.816974942, 3554073.7526442404)",1.0167583480983318
32,15,1.4369861,"(-10901230.816974942, 3554073.7526442404)",1.0167583480983318
32,16,1.4321938,"(-10901230.816974942, 3554073.7526442404)",1.0167583480983318
32,17,1.480698,"(-10901230.816974942, 3554073.7526442404)",1.0167583480983318
32,18,1.5020479,"(-10901230.816974942, 3554073.7526442404)",1.0167583480983318
32,19,1.5458266,"(-10901230.816974942, 3554073.7526442404)",1.0167583480983318
32,20,1.5865979,"(-10901230.816974942, 3554073.7526442404)",1.0167583480983318
32,21,1.448612,"(-10901230.816974942, 3554073.7526442404)",1.0167583480983318
32,22,1.3877611,"(-10901230.816974942, 3554073.7526442404)",1.0167583480983318
32,23,1.4198476,"(-10901230.816974942, 3554073.7526442404)",1.0167583480983318
33,0,4.122396,"(-10901230.816974942, 3560373.7526442404)",1.0257294519008915
33,1,4.1283092,"(-10901230.816974942, 3560373.7526442404)",1.0257294519008915
33,2,4.084936,"(-10901230.816974942, 3560373.7526442404)",1.0257294519008915
33,3,4.089138,"(-10901230.816974942, 3560373.7526442404)",1.0257294519008915
33,4,4.1873183,"(-10901230.816974942, 3560373.7526442404)",1.0257294519008915
33,5,4.181779,"(-10901230.816974942, 3560373.7526442404)",1.0257294519008915
33,6,4.1893654,"(-10901230.816974942, 3560373.7526442404)",1.0257294519008915
33,7,4.376012,"(-10901230.816974942, 3560373.7526442404)",1.0257294519008915
33,8,4.084697,"(-10901230.816974942, 3560373.7526442404)",1.0257294519008915
33,9,4.057451,"(-10901230.816974942, 3560373.7526442404)",1.0257294519008915
33,10,4.138086,"(-10901230.816974942, 3560373.7526442404)",1.0257294519008915
33,11,4.539902,"(-10901230.816974942, 3560373.7526442404)",1.0257294519008915
33,12,5.1237874,"(-10901230.816974942, 3560373.7526442404)",1.0257294519008915
33,13,5.2156563,"(-10901230.816974942, 3560373.7526442404)",1.0257294519008915
33,14,5.3025413,"(-10901230.816974942, 3560373.7526442404)",1.0257294519008915
33,15,5.1718884,"(-10901230.816974942, 3560373.7526442404)",1.0257294519008915
33,16,4.887174,"(-10901230.816974942, 3560373.7526442404)",1.0257294519008915
33,17,4.756788,"(-10901230.816974942, 3560373.7526442404)",1.0257294519008915
33,18,4.7738,"(-10901230.816974942, 3560373.7526442404)",1.0257294519008915
33,19,4.679638,"(-10901230.816974942, 3560373.7526442404)",1.0257294519008915
33,20,4.862006,"(-10901230.816974942, 3560373.7526442404)",1.0257294519008915
33,21,4.244037,"(-10901230.816974942, 3560373.7526442404)",1.0257294519008915
33,22,4.2165694,"(-10901230.816974942, 3560373.7526442404)",1.0257294519008915
33,23,4.105757,"(-10901230.816974942, 3560373.7526442404)",1.0257294519008915
34,0,3.4012065,"(-10901230.816974942, 3566673.7526442404)",1.0248243430390371
34,1,3.1333969,"(-10901230.816974942, 3566673.7526442404)",1.0248243430390371
34,2,2.8734002,"(-10901230.816974942, 3566673.7526442404)",1.0248243430390371
34,3,2.8734002,"(-10901230.816974942, 3566673.7526442404)",1.0248243430390371
34,4,2.8734002,"(-10901230.816974942, 3566673.7526442404)",1.0248243430390371
34,5,3.0515745,"(-10901230.816974942, 3566673.7526442404)",1.0248243430390371
34,6,3.3661618,"(-10901230.816974942, 3566673.7526442404)",1.0248243430390371
34,7,3.5105493,"(-10901230.816974942, 3566673.7526442404)",1.0248243430390371
34,8,3.2986598,"(-10901230.816974942, 3566673.7526442404)",1.0248243430390371
34,9,3.7960172,"(-10901230.816974942, 3566673.7526442404)",1.0248243430390371
34,10,4.5795193,"(-10901230.816974942, 3566673.7526442404)",1.0248243430390371
34,11,4.197603,"(-10901230.816974942, 3566673.7526442404)",1.0248243430390371
34,12,3.985933,"(-10901230.816974942, 3566673.7526442404)",1.0248243430390371
34,13,3.9272652,"(-10901230.816974942, 3566673.7526442404)",1.0248243430390371
34,14,4.073323,"(-10901230.816974942, 3566673.7526442404)",1.0248243430390371
34,15,4.186033,"(-10901230.816974942, 3566673.7526442404)",1.0248243430390371
34,16,4.425528,"(-10901230.816974942, 3566673.7526442404)",1.0248243430390371
34,17,4.508284,"(-10901230.816974942, 3566673.7526442404)",1.0248243430390371
34,18,4.6553183,"(-10901230.816974942, 3566673.7526442404)",1.0248243430390371
34,19,4.7149816,"(-10901230.816974942, 3566673.7526442404)",1.0248243430390371
34,20,4.748673,"(-10901230.816974942, 3566673.7526442404)",1.0248243430390371
34,21,4.432868,"(-10901230.816974942, 3566673.7526442404)",1.0248243430390371
34,22,4.5993176,"(-10901230.816974942, 3566673.7526442404)",1.0248243430390371
34,23,4.260841,"(-10901230.816974942, 3566673.7526442404)",1.0248243430390371
36,0,2.8692036,"(-10894930.816974942, 3522573.7526442404)",1.00853036918734
36,1,2.8687537,"(-10894930.816974942, 3522573.7526442404)",1.00853036918734
36,2,2.8671434,"(-10894930.816974942, 3522573.7526442404)",1.00853036918734
36,3,2.9222717,"(-10894930.816974942, 3522573.7526442404)",1.00853036918734
36,4,2.9318388,"(-10894930.816974942, 3522573.7526442404)",1.00853036918734
36,5,3.1905978,"(-10894930.816974942, 3522573.7526442404)",1.00853036918734
36,6,3.5506175,"(-10894930.816974942, 3522573.7526442404)",1.00853036918734
36,7,4.328033,"(-10894930.816974942, 3522573.7526442404)",1.00853036918734
36,8,4.284513,"(-10894930.816974942, 3522573.7526442404)",1.00853036918734
36,9,4.2844687,"(-10894930.816974942, 3522573.7526442404)",1.00853036918734
36,10,4.3149753,"(-10894930.816974942, 3522573.7526442404)",1.00853036918734
36,11,4.0951195,"(-10894930.816974942, 3522573.7526442404)",1.00853036918734
36,12,4.1270022,"(-10894930.816974942, 3522573.7526442404)",1.00853036918734
36,13,4.1741695,"(-10894930.816974942, 3522573.7526442404)",1.00853036918734
36,14,4.102298,"(-10894930.816974942, 3522573.7526442404)",1.00853036918734
36,15,4.172062,"(-10894930.816974942, 3522573.7526442404)",1.00853036918734
36,16,4.2025075,"(-10894930.816974942, 3522573.7526442404)",1.00853036918734
36,17,4.1409245,"(-10894930.816974942, 3522573.7526442404)",1.00853036918734
36,18,4.079068,"(-10894930.816974942, 3522573.7526442404)",1.00853036918734
36,19,4.2097406,"(-10894930.816974942, 3522573.7526442404)",1.00853036918734
36,20,4.2698927,"(-10894930.816974942, 3522573.7526442404)",1.00853036918734
36,21,4.2843027,"(-10894930.816974942, 3522573.7526442404)",1.00853036918734
36,22,3.2214024,"(-10894930.816974942, 3522573.7526442404)",1.00853036918734
36,23,3.153798,"(-10894930.816974942, 3522573.7526442404)",1.00853036918734
37,0,1.3088064,"(-10894930.816974942, 3541473.7526442404)",1.0152283927949222
37,1,1.3088064,"(-10894930.816974942, 3541473.7526442404)",1.0152283927949222
37,2,1.3088064,"(-10894930.816974942, 3541473.7526442404)",1.0152283927949222
37,3,1.3088064,"(-10894930.816974942, 3541473.7526442404)",1.0152283927949222
37,4,1.3088064,"(-10894930.816974942, 3541473.7526442404)",1.0152283927949222
37,5,1.3088064,"(-10894930.816974942, 3541473.7526442404)",1.0152283927949222
37,6,1.5144174,"(-10894930.816974942, 3541473.7526442404)",1.0152283927949222
37,7,1.5045462,"(-10894930.816974942, 3541473.7526442404)",1.0152283927949222
37,8,1.5433567,"(-10894930.816974942, 3541473.7526442404)",1.0152283927949222
37,9,1.4902714,"(-10894930.816974942, 3541473.7526442404)",1.0152283927949222
37,10,1.4230863,"(-10894930.816974942, 3541473.7526442404)",1.0152283927949222
37,11,1.4253888,"(-10894930.816974942, 3541473.7526442404)",1.0152283927949222
37,12,1.3747429,"(-10894930.816974942, 3541473.7526442404)",1.0152283927949222
37,13,1.3893512,"(-10894930.816974942, 3541473.7526442404)",1.0152283927949222
37,14,1.4864049,"(-10894930.816974942, 3541473.7526442404)",1.0152283927949222
37,15,1.4835837,"(-10894930.816974942, 3541473.7526442404)",1.0152283927949222
37,16,1.4529473,"(-10894930.816974942, 3541473.7526442404)",1.0152283927949222
37,17,1.4672767,"(-10894930.816974942, 3541473.7526442404)",1.0152283927949222
37,18,1.4963107,"(-10894930.816974942, 3541473.7526442404)",1.0152283927949222
37,19,1.6548485,"(-10894930.816974942, 3541473.7526442404)",1.0152283927949222
37,20,1.6339197,"(-10894930.816974942, 3541473.7526442404)",1.0152283927949222
37,21,1.5533572,"(-10894930.816974942, 3541473.7526442404)",1.0152283927949222
37,22,1.4512466,"(-10894930.816974942, 3541473.7526442404)",1.0152283927949222
37,23,1.4483244,"(-10894930.816974942, 3541473.7526442404)",1.0152283927949222
38,0,0.8479627,"(-10894930.816974942, 3547773.7526442404)",0.9872536560477005
38,1,0.8479627,"(-10894930.816974942, 3547773.7526442404)",0.9872536560477005
38,2,0.8479627,"(-10894930.816974942, 3547773.7526442404)",0.9872536560477005
38,3,0.8479627,"(-10894930.816974942, 3547773.7526442404)",0.9872536560477005
38,4,0.8479627,"(-10894930.816974942, 3547773.7526442404)",0.9872536560477005
38,5,0.8479627,"(-10894930.816974942, 3547773.7526442404)",0.9872536560477005
38,6,0.97943795,"(-10894930.816974942, 3547773.7526442404)",0.9872536560477005
38,7,1.150345,"(-10894930.816974942, 3547773.7526442404)",0.9872536560477005
38,8,1.1221874,"(-10894930.816974942, 3547773.7526442404)",0.9872536560477005
38,9,1.0881178,"(-10894930.816974942, 3547773.7526442404)",0.9872536560477005
38,10,1.0822346,"(-10894930.816974942, 3547773.7526442404)",0.9872536560477005
38,11,1.1028118,"(-10894930.816974942, 3547773.7526442404)",0.9872536560477005
38,12,0.9995156,"(-10894930.816974942, 3547773.7526442404)",0.9872536560477005
38,13,1.03156,"(-10894930.816974942, 3547773.7526442404)",0.9872536560477005
38,14,1.0875211,"(-10894930.816974942, 3547773.7526442404)",0.9872536560477005
38,15,1.0998738,"(-10894930.816974942, 3547773.7526442404)",0.9872536560477005
38,16,1.0938063,"(-10894930.816974942, 3547773.7526442404)",0.9872536560477005
38,17,1.0938748,"(-10894930.816974942, 3547773.7526442404)",0.9872536560477005
38,18,1.0907582,"(-10894930.816974942, 3547773.7526442404)",0.9872536560477005
38,19,1.0679309,"(-10894930.816974942, 3547773.7526442404)",0.9872536560477005
38,20,1.0869995,"(-10894930.816974942, 3547773.7526442404)",0.9872536560477005
38,21,1.0561262,"(-10894930.816974942, 3547773.7526442404)",0.9872536560477005
38,22,1.1079936,"(-10894930.816974942, 3547773.7526442404)",0.9872536560477005
38,23,0.8479627,"(-10894930.816974942, 3547773.7526442404)",0.9872536560477005
39,0,2.5152705,"(-10894930.816974942, 3560373.7526442404)",1.0268295327483805
39,1,2.5152705,"(-10894930.816974942, 3560373.7526442404)",1.0268295327483805
39,2,2.5152705,"(-10894930.816974942, 3560373.7526442404)",1.0268295327483805
39,3,2.5152705,"(-10894930.816974942, 3560373.7526442404)",1.0268295327483805
39,4,2.5152705,"(-10894930.816974942, 3560373.7526442404)",1.0268295327483805
39,5,2.5152705,"(-10894930.816974942, 3560373.7526442404)",1.0268295327483805
39,6,2.5152705,"(-10894930.816974942, 3560373.7526442404)",1.0268295327483805
39,7,2.5765572,"(-10894930.816974942, 3560373.7526442404)",1.0268295327483805
39,8,2.1689265,"(-10894930.816974942, 3560373.7526442404)",1.0268295327483805
39,9,2.4533038,"(-10894930.816974942, 3560373.7526442404)",1.0268295327483805
39,10,2.4449298,"(-10894930.816974942, 3560373.7526442404)",1.0268295327483805
39,11,2.415968,"(-10894930.816974942, 3560373.7526442404)",1.0268295327483805
39,12,2.6071496,"(-10894930.816974942, 3560373.7526442404)",1.0268295327483805
39,13,2.8555474,"(-10894930.816974942, 3560373.7526442404)",1.0268295327483805
39,14,2.9771304,"(-10894930.816974942, 3560373.7526442404)",1.0268295327483805
39,15,2.9736946,"(-10894930.816974942, 3560373.7526442404)",1.0268295327483805
39,16,3.0716481,"(-10894930.816974942, 3560373.7526442404)",1.0268295327483805
39,17,3.0149255,"(-10894930.816974942, 3560373.7526442404)",1.0268295327483805
39,18,3.104522,"(-10894930.816974942, 3560373.7526442404)",1.0268295327483805
39,19,3.1494517,"(-10894930.816974942, 3560373.7526442404)",1.0268295327483805
39,20,3.1455748,"(-10894930.816974942, 3560373.7526442404)",1.0268295327483805
39,21,3.018483,"(-10894930.816974942, 3560373.7526442404)",1.0268295327483805
39,22,2.986775,"(-10894930.816974942, 3560373.7526442404)",1.0268295327483805
39,23,2.5152705,"(-10894930.816974942, 3560373.7526442404)",1.0268295327483805
40,0,0.5350365,"(-10894930.816974942, 3566673.7526442404)",1.042710516711802
40,1,0.5350365,"(-10894930.816974942, 3566673.7526442404)",1.042710516711802
40,2,0.5350365,"(-10894930.816974942, 3566673.7526442404)",1.042710516711802
40,3,0.5350365,"(-10894930.816974942, 3566673.7526442404)",1.042710516711802
40,4,0.5350365,"(-10894930.816974942, 3566673.7526442404)",1.042710516711802
40,5,0.5350365,"(-10894930.816974942, 3566673.7526442404)",1.042710516711802
40,6,0.5350365,"(-10894930.816974942, 3566673.7526442404)",1.042710516711802
40,7,0.8964229,"(-10894930.816974942, 3566673.7526442404)",1.042710516711802
40,8,0.9303909,"(-10894930.816974942, 3566673.7526442404)",1.042710516711802
40,9,0.9201965,"(-10894930.816974942, 3566673.7526442404)",1.042710516711802
40,10,0.9201965,"(-10894930.816974942, 3566673.7526442404)",1.042710516711802
40,11,0.9238918,"(-10894930.816974942, 3566673.7526442404)",1.042710516711802
40,12,0.9238918,"(-10894930.816974942, 3566673.7526442404)",1.042710516711802
40,13,0.9201965,"(-10894930.816974942, 3566673.7526442404)",1.042710516711802
40,14,0.8849257,"(-10894930.816974942, 3566673.7526442404)",1.042710516711802
40,15,0.88204676,"(-10894930.816974942, 3566673.7526442404)",1.042710516711802
40,16,0.8832897,"(-10894930.816974942, 3566673.7526442404)",1.042710516711802
40,17,0.92449766,"(-10894930.816974942, 3566673.7526442404)",1.042710516711802
40,18,0.87656754,"(-10894930.816974942, 3566673.7526442404)",1.042710516711802
40,19,0.8729042,"(-10894930.816974942, 3566673.7526442404)",1.042710516711802
40,20,0.9201965,"(-10894930.816974942, 3566673.7526442404)",1.042710516711802
40,21,0.9303909,"(-10894930.816974942, 3566673.7526442404)",1.042710516711802
40,22,0.9194878,"(-10894930.816974942, 3566673.7526442404)",1.042710516711802
40,23,0.5350365,"(-10894930.816974942, 3566673.7526442404)",1.042710516711802
42,0,1.7685839,"(-10888630.816974942, 3516273.7526442404)",1.0203125025805284
42,1,1.7685839,"(-10888630.816974942, 3516273.7526442404)",1.0203125025805284
42,2,1.7685839,"(-10888630.816974942, 3516273.7526442404)",1.0203125025805284
42,3,1.7685839,"(-10888630.816974942, 3516273.7526442404)",1.0203125025805284
42,4,1.7685839,"(-10888630.816974942, 3516273.7526442404)",1.0203125025805284
42,5,1.7685839,"(-10888630.816974942, 3516273.7526442404)",1.0203125025805284
42,6,1.7417468,"(-10888630.816974942, 3516273.7526442404)",1.0203125025805284
42,7,1.7935091,"(-10888630.816974942, 3516273.7526442404)",1.0203125025805284
42,8,1.771099,"(-10888630.816974942, 3516273.7526442404)",1.0203125025805284
42,9,1.8271611,"(-10888630.816974942, 3516273.7526442404)",1.0203125025805284
42,10,1.8283386,"(-10888630.816974942, 3516273.7526442404)",1.0203125025805284
42,11,1.8232621,"(-10888630.816974942, 3516273.7526442404)",1.0203125025805284
42,12,1.8398358,"(-10888630.816974942, 3516273.7526442404)",1.0203125025805284
42,13,1.8362238,"(-10888630.816974942, 3516273.7526442404)",1.0203125025805284
42,14,1.8362238,"(-10888630.816974942, 3516273.7526442404)",1.0203125025805284
42,15,1.8318899,"(-10888630.816974942, 3516273.7526442404)",1.0203125025805284
42,16,1.8318899,"(-10888630.816974942, 3516273.7526442404)",1.0203125025805284
42,17,1.8318899,"(-10888630.816974942, 3516273.7526442404)",1.0203125025805284
42,18,1.8318899,"(-10888630.816974942, 3516273.7526442404)",1.0203125025805284
42,19,1.8398358,"(-10888630.816974942, 3516273.7526442404)",1.0203125025805284
42,20,1.8229196,"(-10888630.816974942, 3516273.7526442404)",1.0203125025805284
42,21,1.8239,"(-10888630.816974942, 3516273.7526442404)",1.0203125025805284
42,22,1.7817991,"(-10888630.816974942, 3516273.7526442404)",1.0203125025805284
42,23,1.7685839,"(-10888630.816974942, 3516273.7526442404)",1.0203125025805284
44,0,0.22320172,"(-10882330.816974942, 3509973.7526442404)",0.87704817949497
44,1,0.22320172,"(-10882330.816974942, 3509973.7526442404)",0.87704817949497
44,2,0.22320172,"(-10882330.816974942, 3509973.7526442404)",0.87704817949497
44,3,0.22320172,"(-10882330.816974942, 3509973.7526442404)",0.87704817949497
44,4,0.22320172,"(-10882330.816974942, 3509973.7526442404)",0.87704817949497
44,5,0.22320172,"(-10882330.816974942, 3509973.7526442404)",0.87704817949497
44,6,0.22320172,"(-10882330.816974942, 3509973.7526442404)",0.87704817949497
44,7,0.22320172,"(-10882330.816974942, 3509973.7526442404)",0.87704817949497
44,8,0.22320172,"(-10882330.816974942, 3509973.7526442404)",0.87704817949497
44,9,0.22320172,"(-10882330.816974942, 3509973.7526442404)",0.87704817949497
44,10,0.22320172,"(-10882330.816974942, 3509973.7526442404)",0.87704817949497
44,11,0.22320172,"(-10882330.816974942, 3509973.7526442404)",0.87704817949497
44,12,0.22320172,"(-10882330.816974942, 3509973.7526442404)",0.87704817949497
44,13,0.22320172,"(-10882330.816974942, 3509973.7526442404)",0.87704817949497
44,14,0.22320172,"(-10882330.816974942, 3509973.7526442404)",0.87704817949497
44,15,0.22320172,"(-10882330.816974942, 3509973.7526442404)",0.87704817949497
44,16,0.22320172,"(-10882330.816974942, 3509973.7526442404)",0.87704817949497
44,17,0.22320172,"(-10882330.816974942, 3509973.7526442404)",0.87704817949497
44,18,0.22320172,"(-10882330.816974942, 3509973.7526442404)",0.87704817949497
44,19,0.22320172,"(-10882330.816974942, 3509973.7526442404)",0.87704817949497
44,20,0.22320172,"(-10882330.816974942, 3509973.7526442404)",0.87704817949497
44,21,0.22320172,"(-10882330.816974942, 3509973.7526442404)",0.87704817949497
44,22,0.22320172,"(-10882330.816974942, 3509973.7526442404)",0.87704817949497
44,23,0.22320172,"(-10882330.816974942, 3509973.7526442404)",0.87704817949497
45,0,1.9120896,"(-10882330.816974942, 3516273.7526442404)",1.0222690921875532
45,1,1.9412518,"(-10882330.816974942, 3516273.7526442404)",1.0222690921875532
45,2,1.7000836,"(-10882330.816974942, 3516273.7526442404)",1.0222690921875532
45,3,1.7631124,"(-10882330.816974942, 3516273.7526442404)",1.0222690921875532
45,4,1.9228251,"(-10882330.816974942, 3516273.7526442404)",1.0222690921875532
45,5,1.8413897,"(-10882330.816974942, 3516273.7526442404)",1.0222690921875532
45,6,2.1213396,"(-10882330.816974942, 3516273.7526442404)",1.0222690921875532
45,7,2.5849462,"(-10882330.816974942, 3516273.7526442404)",1.0222690921875532
45,8,2.6945512,"(-10882330.816974942, 3516273.7526442404)",1.0222690921875532
45,9,2.861413,"(-10882330.816974942, 3516273.7526442404)",1.0222690921875532
45,10,2.5852387,"(-10882330.816974942, 3516273.7526442404)",1.0222690921875532
45,11,2.347773,"(-10882330.816974942, 3516273.7526442404)",1.0222690921875532
45,12,2.5675912,"(-10882330.816974942, 3516273.7526442404)",1.0222690921875532
45,13,2.7193496,"(-10882330.816974942, 3516273.7526442404)",1.0222690921875532
45,14,2.4646032,"(-10882330.816974942, 3516273.7526442404)",1.0222690921875532
45,15,2.4714577,"(-10882330.816974942, 3516273.7526442404)",1.0222690921875532
45,16,2.5017736,"(-10882330.816974942, 3516273.7526442404)",1.0222690921875532
45,17,2.5860329,"(-10882330.816974942, 3516273.7526442404)",1.0222690921875532
45,18,2.3614333,"(-10882330.816974942, 3516273.7526442404)",1.0222690921875532
45,19,2.239404,"(-10882330.816974942, 3516273.7526442404)",1.0222690921875532
45,20,2.143895,"(-10882330.816974942, 3516273.7526442404)",1.0222690921875532
45,21,1.9650277,"(-10882330.816974942, 3516273.7526442404)",1.0222690921875532
45,22,1.8666984,"(-10882330.816974942, 3516273.7526442404)",1.0222690921875532
45,23,2.00883,"(-10882330.816974942, 3516273.7526442404)",1.0222690921875532
48,0,3.9740763,"(-10876030.816974942, 3509973.7526442404)",1.024092124736911
48,1,4.317713,"(-10876030.816974942, 3509973.7526442404)",1.024092124736911
48,2,4.4444294,"(-10876030.816974942, 3509973.7526442404)",1.024092124736911
48,3,4.363479,"(-10876030.816974942, 3509973.7526442404)",1.024092124736911
48,4,4.4828415,"(-10876030.816974942, 3509973.7526442404)",1.024092124736911
48,5,4.7313104,"(-10876030.816974942, 3509973.7526442404)",1.024092124736911
48,6,4.50238,"(-10876030.816974942, 3509973.7526442404)",1.024092124736911
48,7,4.725617,"(-10876030.816974942, 3509973.7526442404)",1.024092124736911
48,8,4.9097433,"(-10876030.816974942, 3509973.7526442404)",1.024092124736911
48,9,4.8891664,"(-10876030.816974942, 3509973.7526442404)",1.024092124736911
48,10,4.5212984,"(-10876030.816974942, 3509973.7526442404)",1.024092124736911
48,11,4.4917517,"(-10876030.816974942, 3509973.7526442404)",1.024092124736911
48,12,4.619485,"(-10876030.816974942, 3509973.7526442404)",1.024092124736911
48,13,4.64539,"(-10876030.816974942, 3509973.7526442404)",1.024092124736911
48,14,4.617687,"(-10876030.816974942, 3509973.7526442404)",1.024092124736911
48,15,4.7260523,"(-10876030.816974942, 3509973.7526442404)",1.024092124736911
48,16,4.784175,"(-10876030.816974942, 3509973.7526442404)",1.024092124736911
48,17,4.6727233,"(-10876030.816974942, 3509973.7526442404)",1.024092124736911
48,18,4.6831346,"(-10876030.816974942, 3509973.7526442404)",1.024092124736911
48,19,4.6384807,"(-10876030.816974942, 3509973.7526442404)",1.024092124736911
48,20,4.547931,"(-10876030.816974942, 3509973.7526442404)",1.024092124736911
48,21,4.4199314,"(-10876030.816974942, 3509973.7526442404)",1.024092124736911
48,22,4.2095323,"(-10876030.816974942, 3509973.7526442404)",1.024092124736911
48,23,4.1351595,"(-10876030.816974942, 3509973.7526442404)",1.024092124736911
49,0,0.81497484,"(-10876030.816974942, 3516273.7526442404)",1.0358255372494374
49,1,0.81497484,"(-10876030.816974942, 3516273.7526442404)",1.0358255372494374
49,2,0.81497484,"(-10876030.816974942, 3516273.7526442404)",1.0358255372494374
49,3,0.81497484,"(-10876030.816974942, 3516273.7526442404)",1.0358255372494374
49,4,0.81497484,"(-10876030.816974942, 3516273.7526442404)",1.0358255372494374
49,5,1.1236513,"(-10876030.816974942, 3516273.7526442404)",1.0358255372494374
49,6,1.3380616,"(-10876030.816974942, 3516273.7526442404)",1.0358255372494374
49,7,1.3207111,"(-10876030.816974942, 3516273.7526442404)",1.0358255372494374
49,8,1.2954412,"(-10876030.816974942, 3516273.7526442404)",1.0358255372494374
49,9,1.1803836,"(-10876030.816974942, 3516273.7526442404)",1.0358255372494374
49,10,1.1816264,"(-10876030.816974942, 3516273.7526442404)",1.0358255372494374
49,11,1.1816264,"(-10876030.816974942, 3516273.7526442404)",1.0358255372494374
49,12,1.4241695,"(-10876030.816974942, 3516273.7526442404)",1.0358255372494374
49,13,1.4190774,"(-10876030.816974942, 3516273.7526442404)",1.0358255372494374
49,14,1.3037443,"(-10876030.816974942, 3516273.7526442404)",1.0358255372494374
49,15,1.3014932,"(-10876030.816974942, 3516273.7526442404)",1.0358255372494374
49,16,1.2642069,"(-10876030.816974942, 3516273.7526442404)",1.0358255372494374
49,17,1.365507,"(-10876030.816974942, 3516273.7526442404)",1.0358255372494374
49,18,1.365507,"(-10876030.816974942, 3516273.7526442404)",1.0358255372494374
49,19,1.4168628,"(-10876030.816974942, 3516273.7526442404)",1.0358255372494374
49,20,1.1384671,"(-10876030.816974942, 3516273.7526442404)",1.0358255372494374
49,21,1.2297051,"(-10876030.816974942, 3516273.7526442404)",1.0358255372494374
49,22,1.2267439,"(-10876030.816974942, 3516273.7526442404)",1.0358255372494374
49,23,1.4716382,"(-10876030.816974942, 3516273.7526442404)",1.0358255372494374
50,0,0.8466419,"(-10876030.816974942, 3522573.7526442404)",1.036775101256601
50,1,0.8466419,"(-10876030.816974942, 3522573.7526442404)",1.036775101256601
50,2,0.8466419,"(-10876030.816974942, 3522573.7526442404)",1.036775101256601
50,3,0.8466419,"(-10876030.816974942, 3522573.7526442404)",1.036775101256601
50,4,0.8466419,"(-10876030.816974942, 3522573.7526442404)",1.036775101256601
50,5,0.8466419,"(-10876030.816974942, 3522573.7526442404)",1.036775101256601
50,6,1.3069241,"(-10876030.816974942, 3522573.7526442404)",1.036775101256601
50,7,1.2925682,"(-10876030.816974942, 3522573.7526442404)",1.036775101256601
50,8,1.2893769,"(-10876030.816974942, 3522573.7526442404)",1.036775101256601
50,9,1.2372236,"(-10876030.816974942, 3522573.7526442404)",1.036775101256601
50,10,1.2328141,"(-10876030.816974942, 3522573.7526442404)",1.036775101256601
50,11,1.2833325,"(-10876030.816974942, 3522573.7526442404)",1.036775101256601
50,12,1.2972046,"(-10876030.816974942, 3522573.7526442404)",1.036775101256601
50,13,1.302162,"(-10876030.816974942, 3522573.7526442404)",1.036775101256601
50,14,1.2894517,"(-10876030.816974942, 3522573.7526442404)",1.036775101256601
50,15,1.293694,"(-10876030.816974942, 3522573.7526442404)",1.036775101256601
50,16,1.2834594,"(-10876030.816974942, 3522573.7526442404)",1.036775101256601
50,17,1.3187317,"(-10876030.816974942, 3522573.7526442404)",1.036775101256601
50,18,1.294443,"(-10876030.816974942, 3522573.7526442404)",1.036775101256601
50,19,1.2833325,"(-10876030.816974942, 3522573.7526442404)",1.036775101256601
50,20,1.2925682,"(-10876030.816974942, 3522573.7526442404)",1.036775101256601
50,21,1.3012475,"(-10876030.816974942, 3522573.7526442404)",1.036775101256601
50,22,1.2433132,"(-10876030.816974942, 3522573.7526442404)",1.036775101256601
50,23,1.2396687,"(-10876030.816974942, 3522573.7526442404)",1.036775101256601
52,0,0.17556222,"(-10869730.816974942, 3509973.7526442404)",1.0247577794786922
52,1,0.17556222,"(-10869730.816974942, 3509973.7526442404)",1.0247577794786922
52,2,0.17556222,"(-10869730.816974942, 3509973.7526442404)",1.0247577794786922
52,3,0.17556222,"(-10869730.816974942, 3509973.7526442404)",1.0247577794786922
52,4,0.17556222,"(-10869730.816974942, 3509973.7526442404)",1.0247577794786922
52,5,0.17556222,"(-10869730.816974942, 3509973.7526442404)",1.0247577794786922
52,6,0.17556222,"(-10869730.816974942, 3509973.7526442404)",1.0247577794786922
52,7,0.17556222,"(-10869730.816974942, 3509973.7526442404)",1.0247577794786922
52,8,0.17556222,"(-10869730.816974942, 3509973.7526442404)",1.0247577794786922
52,9,0.17556222,"(-10869730.816974942, 3509973.7526442404)",1.0247577794786922
52,10,0.17556222,"(-10869730.816974942, 3509973.7526442404)",1.0247577794786922
52,11,0.17556222,"(-10869730.816974942, 3509973.7526442404)",1.0247577794786922
52,12,0.17556222,"(-10869730.816974942, 3509973.7526442404)",1.0247577794786922
52,13,0.17556222,"(-10869730.816974942, 3509973.7526442404)",1.0247577794786922
52,14,0.17556222,"(-10869730.816974942, 3509973.7526442404)",1.0247577794786922
52,15,0.17556222,"(-10869730.816974942, 3509973.7526442404)",1.0247577794786922
52,16,0.17556222,"(-10869730.816974942, 3509973.7526442404)",1.0247577794786922
52,17,0.17556222,"(-10869730.816974942, 3509973.7526442404)",1.0247577794786922
52,18,0.17556222,"(-10869730.816974942, 3509973.7526442404)",1.0247577794786922
52,19,0.17556222,"(-10869730.816974942, 3509973.7526442404)",1.0247577794786922
52,20,0.17556222,"(-10869730.816974942, 3509973.7526442404)",1.0247577794786922
52,21,0.17556222,"(-10869730.816974942, 3509973.7526442404)",1.0247577794786922
52,22,0.17556222,"(-10869730.816974942, 3509973.7526442404)",1.0247577794786922
52,23,0.17556222,"(-10869730.816974942, 3509973.7526442404)",1.0247577794786922
53,0,0.17556222,"(-10869730.816974942, 3516273.7526442404)",0.9993013512509006
53,1,0.17556222,"(-10869730.816974942, 3516273.7526442404)",0.9993013512509006
53,2,0.17556222,"(-10869730.816974942, 3516273.7526442404)",0.9993013512509006
53,3,0.17556222,"(-10869730.816974942, 3516273.7526442404)",0.9993013512509006
53,4,0.17556222,"(-10869730.816974942, 3516273.7526442404)",0.9993013512509006
53,5,0.17556222,"(-10869730.816974942, 3516273.7526442404)",0.9993013512509006
53,6,0.17556222,"(-10869730.816974942, 3516273.7526442404)",0.9993013512509006
53,7,0.17556222,"(-10869730.816974942, 3516273.7526442404)",0.9993013512509006
53,8,0.17556222,"(-10869730.816974942, 3516273.7526442404)",0.9993013512509006
53,9,0.17556222,"(-10869730.816974942, 3516273.7526442404)",0.9993013512509006
53,10,0.17556222,"(-10869730.816974942, 3516273.7526442404)",0.9993013512509006
53,11,0.17556222,"(-10869730.816974942, 3516273.7526442404)",0.9993013512509006
53,12,0.17556222,"(-10869730.816974942, 3516273.7526442404)",0.9993013512509006
53,13,0.17556222,"(-10869730.816974942, 3516273.7526442404)",0.9993013512509006
53,14,0.17556222,"(-10869730.816974942, 3516273.7526442404)",0.9993013512509006
53,15,0.17556222,"(-10869730.816974942, 3516273.7526442404)",0.9993013512509006
53,16,0.17556222,"(-10869730.816974942, 3516273.7526442404)",0.9993013512509006
53,17,0.17556222,"(-10869730.816974942, 3516273.7526442404)",0.9993013512509006
53,18,0.17556222,"(-10869730.816974942, 3516273.7526442404)",0.9993013512509006
53,19,0.17556222,"(-10869730.816974942, 3516273.7526442404)",0.9993013512509006
53,20,0.17556222,"(-10869730.816974942, 3516273.7526442404)",0.9993013512509006
53,21,0.17556222,"(-10869730.816974942, 3516273.7526442404)",0.9993013512509006
53,22,0.17556222,"(-10869730.816974942, 3516273.7526442404)",0.9993013512509006
53,23,0.17556222,"(-10869730.816974942, 3516273.7526442404)",0.9993013512509006
54,0,0.6330314,"(-10869730.816974942, 3522573.7526442404)",1.039275293298775
54,1,0.6330314,"(-10869730.816974942, 3522573.7526442404)",1.039275293298775
54,2,0.6330314,"(-10869730.816974942, 3522573.7526442404)",1.039275293298775
54,3,0.6330314,"(-10869730.816974942, 3522573.7526442404)",1.039275293298775
54,4,0.6330314,"(-10869730.816974942, 3522573.7526442404)",1.039275293298775
54,5,0.6330314,"(-10869730.816974942, 3522573.7526442404)",1.039275293298775
54,6,0.6330314,"(-10869730.816974942, 3522573.7526442404)",1.039275293298775
54,7,0.6330314,"(-10869730.816974942, 3522573.7526442404)",1.039275293298775
54,8,0.6330314,"(-10869730.816974942, 3522573.7526442404)",1.039275293298775
54,9,0.6330314,"(-10869730.816974942, 3522573.7526442404)",1.039275293298775
54,10,0.6330314,"(-10869730.816974942, 3522573.7526442404)",1.039275293298775
54,11,0.6330314,"(-10869730.816974942, 3522573.7526442404)",1.039275293298775
54,12,0.6330314,"(-10869730.816974942, 3522573.7526442404)",1.039275293298775
54,13,0.6330314,"(-10869730.816974942, 3522573.7526442404)",1.039275293298775
54,14,0.6330314,"(-10869730.816974942, 3522573.7526442404)",1.039275293298775
54,15,0.6330314,"(-10869730.816974942, 3522573.7526442404)",1.039275293298775
54,16,0.6330314,"(-10869730.816974942, 3522573.7526442404)",1.039275293298775
54,17,0.6330314,"(-10869730.816974942, 3522573.7526442404)",1.039275293298775
54,18,0.6330314,"(-10869730.816974942, 3522573.7526442404)",1.039275293298775
54,19,0.6330314,"(-10869730.816974942, 3522573.7526442404)",1.039275293298775
54,20,0.6330314,"(-10869730.816974942, 3522573.7526442404)",1.039275293298775
54,21,0.6330314,"(-10869730.816974942, 3522573.7526442404)",1.039275293298775
54,22,0.6330314,"(-10869730.816974942, 3522573.7526442404)",1.039275293298775
54,23,0.6330314,"(-10869730.816974942, 3522573.7526442404)",1.039275293298775
55,0,0.03165568,"(-10869730.816974942, 3535173.7526442404)",1.020423406236874
55,1,0.03165568,"(-10869730.816974942, 3535173.7526442404)",1.020423406236874
55,2,0.03165568,"(-10869730.816974942, 3535173.7526442404)",1.020423406236874
55,3,0.03165568,"(-10869730.816974942, 3535173.7526442404)",1.020423406236874
55,4,0.03165568,"(-10869730.816974942, 3535173.7526442404)",1.020423406236874
55,5,0.03165568,"(-10869730.816974942, 3535173.7526442404)",1.020423406236874
55,6,0.03165568,"(-10869730.816974942, 3535173.7526442404)",1.020423406236874
55,7,0.03165568,"(-10869730.816974942, 3535173.7526442404)",1.020423406236874
55,8,0.03165568,"(-10869730.816974942, 3535173.7526442404)",1.020423406236874
55,9,0.03165568,"(-10869730.816974942, 3535173.7526442404)",1.020423406236874
55,10,0.03165568,"(-10869730.816974942, 3535173.7526442404)",1.020423406236874
55,11,0.03165568,"(-10869730.816974942, 3535173.7526442404)",1.020423406236874
55,12,0.03165568,"(-10869730.816974942, 3535173.7526442404)",1.020423406236874
55,13,0.03165568,"(-10869730.816974942, 3535173.7526442404)",1.020423406236874
55,14,0.03165568,"(-10869730.816974942, 3535173.7526442404)",1.020423406236874
55,15,0.03165568,"(-10869730.816974942, 3535173.7526442404)",1.020423406236874
55,16,0.03165568,"(-10869730.816974942, 3535173.7526442404)",1.020423406236874
55,17,0.03165568,"(-10869730.816974942, 3535173.7526442404)",1.020423406236874
55,18,0.03165568,"(-10869730.816974942, 3535173.7526442404)",1.020423406236874
55,19,0.03165568,"(-10869730.816974942, 3535173.7526442404)",1.020423406236874
55,20,0.03165568,"(-10869730.816974942, 3535173.7526442404)",1.020423406236874
55,21,0.03165568,"(-10869730.816974942, 3535173.7526442404)",1.020423406236874
55,22,0.03165568,"(-10869730.816974942, 3535173.7526442404)",1.020423406236874
55,23,0.03165568,"(-10869730.816974942, 3535173.7526442404)",1.020423406236874
56,0,3.981497,"(-10869730.816974942, 3566673.7526442404)",1.0245799647243996
56,1,4.0521536,"(-10869730.816974942, 3566673.7526442404)",1.0245799647243996
56,2,4.0653577,"(-10869730.816974942, 3566673.7526442404)",1.0245799647243996
56,3,4.0530367,"(-10869730.816974942, 3566673.7526442404)",1.0245799647243996
56,4,3.9071743,"(-10869730.816974942, 3566673.7526442404)",1.0245799647243996
56,5,4.521603,"(-10869730.816974942, 3566673.7526442404)",1.0245799647243996
56,6,4.782984,"(-10869730.816974942, 3566673.7526442404)",1.0245799647243996
56,7,5.129454,"(-10869730.816974942, 3566673.7526442404)",1.0245799647243996
56,8,5.109789,"(-10869730.816974942, 3566673.7526442404)",1.0245799647243996
56,9,4.800237,"(-10869730.816974942, 3566673.7526442404)",1.0245799647243996
56,10,4.794167,"(-10869730.816974942, 3566673.7526442404)",1.0245799647243996
56,11,4.8692117,"(-10869730.816974942, 3566673.7526442404)",1.0245799647243996
56,12,4.7004294,"(-10869730.816974942, 3566673.7526442404)",1.0245799647243996
56,13,4.626733,"(-10869730.816974942, 3566673.7526442404)",1.0245799647243996
56,14,4.7074265,"(-10869730.816974942, 3566673.7526442404)",1.0245799647243996
56,15,4.7155395,"(-10869730.816974942, 3566673.7526442404)",1.0245799647243996
56,16,4.717789,"(-10869730.816974942, 3566673.7526442404)",1.0245799647243996
56,17,4.699649,"(-10869730.816974942, 3566673.7526442404)",1.0245799647243996
56,18,4.7017813,"(-10869730.816974942, 3566673.7526442404)",1.0245799647243996
56,19,4.913856,"(-10869730.816974942, 3566673.7526442404)",1.0245799647243996
56,20,4.870725,"(-10869730.816974942, 3566673.7526442404)",1.0245799647243996
56,21,5.026744,"(-10869730.816974942, 3566673.7526442404)",1.0245799647243996
56,22,4.724114,"(-10869730.816974942, 3566673.7526442404)",1.0245799647243996
56,23,3.8807764,"(-10869730.816974942, 3566673.7526442404)",1.0245799647243996
59,0,0.15642475,"(-10863430.816974942, 3516273.7526442404)",0.9811314631864482
59,1,0.15642475,"(-10863430.816974942, 3516273.7526442404)",0.9811314631864482
59,2,0.15642475,"(-10863430.816974942, 3516273.7526442404)",0.9811314631864482
59,3,0.15642475,"(-10863430.816974942, 3516273.7526442404)",0.9811314631864482
59,4,0.15642475,"(-10863430.816974942, 3516273.7526442404)",0.9811314631864482
59,5,0.15642475,"(-10863430.816974942, 3516273.7526442404)",0.9811314631864482
59,6,0.15642475,"(-10863430.816974942, 3516273.7526442404)",0.9811314631864482
59,7,0.15642475,"(-10863430.816974942, 3516273.7526442404)",0.9811314631864482
59,8,0.15642475,"(-10863430.816974942, 3516273.7526442404)",0.9811314631864482
59,9,0.15642475,"(-10863430.816974942, 3516273.7526442404)",0.9811314631864482
59,10,0.15642475,"(-10863430.816974942, 3516273.7526442404)",0.9811314631864482
59,11,0.15642475,"(-10863430.816974942, 3516273.7526442404)",0.9811314631864482
59,12,0.15642475,"(-10863430.816974942, 3516273.7526442404)",0.9811314631864482
59,13,0.15642475,"(-10863430.816974942, 3516273.7526442404)",0.9811314631864482
59,14,0.15642475,"(-10863430.816974942, 3516273.7526442404)",0.9811314631864482
59,15,0.15642475,"(-10863430.816974942, 3516273.7526442404)",0.9811314631864482
59,16,0.15642475,"(-10863430.816974942, 3516273.7526442404)",0.9811314631864482
59,17,0.15642475,"(-10863430.816974942, 3516273.7526442404)",0.9811314631864482
59,18,0.15642475,"(-10863430.816974942, 3516273.7526442404)",0.9811314631864482
59,19,0.15642475,"(-10863430.816974942, 3516273.7526442404)",0.9811314631864482
59,20,0.15642475,"(-10863430.816974942, 3516273.7526442404)",0.9811314631864482
59,21,0.15642475,"(-10863430.816974942, 3516273.7526442404)",0.9811314631864482
59,22,0.15642475,"(-10863430.816974942, 3516273.7526442404)",0.9811314631864482
59,23,0.15642475,"(-10863430.816974942, 3516273.7526442404)",0.9811314631864482
60,0,0.23513627,"(-10863430.816974942, 3522573.7526442404)",1.0214764560763654
60,1,0.23513627,"(-10863430.816974942, 3522573.7526442404)",1.0214764560763654
60,2,0.23513627,"(-10863430.816974942, 3522573.7526442404)",1.0214764560763654
60,3,0.23513627,"(-10863430.816974942, 3522573.7526442404)",1.0214764560763654
60,4,0.23513627,"(-10863430.816974942, 3522573.7526442404)",1.0214764560763654
60,5,0.23513627,"(-10863430.816974942, 3522573.7526442404)",1.0214764560763654
60,6,0.23513627,"(-10863430.816974942, 3522573.7526442404)",1.0214764560763654
60,7,0.23513627,"(-10863430.816974942, 3522573.7526442404)",1.0214764560763654
60,8,0.23513627,"(-10863430.816974942, 3522573.7526442404)",1.0214764560763654
60,9,0.23513627,"(-10863430.816974942, 3522573.7526442404)",1.0214764560763654
60,10,0.23513627,"(-10863430.816974942, 3522573.7526442404)",1.0214764560763654
60,11,0.23513627,"(-10863430.816974942, 3522573.7526442404)",1.0214764560763654
60,12,0.23513627,"(-10863430.816974942, 3522573.7526442404)",1.0214764560763654
60,13,0.23513627,"(-10863430.816974942, 3522573.7526442404)",1.0214764560763654
60,14,0.23513627,"(-10863430.816974942, 3522573.7526442404)",1.0214764560763654
60,15,0.23513627,"(-10863430.816974942, 3522573.7526442404)",1.0214764560763654
60,16,0.23513627,"(-10863430.816974942, 3522573.7526442404)",1.0214764560763654
60,17,0.23513627,"(-10863430.816974942, 3522573.7526442404)",1.0214764560763654
60,18,0.23513627,"(-10863430.816974942, 3522573.7526442404)",1.0214764560763654
60,19,0.23513627,"(-10863430.816974942, 3522573.7526442404)",1.0214764560763654
60,20,0.23513627,"(-10863430.816974942, 3522573.7526442404)",1.0214764560763654
60,21,0.23513627,"(-10863430.816974942, 3522573.7526442404)",1.0214764560763654
60,22,0.23513627,"(-10863430.816974942, 3522573.7526442404)",1.0214764560763654
60,23,0.23513627,"(-10863430.816974942, 3522573.7526442404)",1.0214764560763654
61,0,0.5861792,"(-10863430.816974942, 3541473.7526442404)",1.024195099899638
61,1,0.5861792,"(-10863430.816974942, 3541473.7526442404)",1.024195099899638
61,2,0.5861792,"(-10863430.816974942, 3541473.7526442404)",1.024195099899638
61,3,0.5861792,"(-10863430.816974942, 3541473.7526442404)",1.024195099899638
61,4,0.5861792,"(-10863430.816974942, 3541473.7526442404)",1.024195099899638
61,5,0.5861792,"(-10863430.816974942, 3541473.7526442404)",1.024195099899638
61,6,0.5861792,"(-10863430.816974942, 3541473.7526442404)",1.024195099899638
61,7,0.5861792,"(-10863430.816974942, 3541473.7526442404)",1.024195099899638
61,8,0.5861792,"(-10863430.816974942, 3541473.7526442404)",1.024195099899638
61,9,0.5861792,"(-10863430.816974942, 3541473.7526442404)",1.024195099899638
61,10,0.5861792,"(-10863430.816974942, 3541473.7526442404)",1.024195099899638
61,11,0.5861792,"(-10863430.816974942, 3541473.7526442404)",1.024195099899638
61,12,0.5861792,"(-10863430.816974942, 3541473.7526442404)",1.024195099899638
61,13,0.5861792,"(-10863430.816974942, 3541473.7526442404)",1.024195099899638
61,14,0.5861792,"(-10863430.816974942, 3541473.7526442404)",1.024195099899638
61,15,0.5861792,"(-10863430.816974942, 3541473.7526442404)",1.024195099899638
61,16,0.5861792,"(-10863430.816974942, 3541473.7526442404)",1.024195099899638
61,17,0.5861792,"(-10863430.816974942, 3541473.7526442404)",1.024195099899638
61,18,0.5861792,"(-10863430.816974942, 3541473.7526442404)",1.024195099899638
61,19,0.5861792,"(-10863430.816974942, 3541473.7526442404)",1.024195099899638
61,20,0.5861792,"(-10863430.816974942, 3541473.7526442404)",1.024195099899638
61,21,0.5861792,"(-10863430.816974942, 3541473.7526442404)",1.024195099899638
61,22,0.5861792,"(-10863430.816974942, 3541473.7526442404)",1.024195099899638
61,23,0.5861792,"(-10863430.816974942, 3541473.7526442404)",1.024195099899638
62,0,1.2496995,"(-10863430.816974942, 3547773.7526442404)",1.0275322359759822
62,1,1.2715415,"(-10863430.816974942, 3547773.7526442404)",1.0275322359759822
62,2,1.2613213,"(-10863430.816974942, 3547773.7526442404)",1.0275322359759822
62,3,1.2613213,"(-10863430.816974942, 3547773.7526442404)",1.0275322359759822
62,4,1.2613213,"(-10863430.816974942, 3547773.7526442404)",1.0275322359759822
62,5,1.3989171,"(-10863430.816974942, 3547773.7526442404)",1.0275322359759822
62,6,1.4696413,"(-10863430.816974942, 3547773.7526442404)",1.0275322359759822
62,7,1.4363313,"(-10863430.816974942, 3547773.7526442404)",1.0275322359759822
62,8,1.4437554,"(-10863430.816974942, 3547773.7526442404)",1.0275322359759822
62,9,1.3744258,"(-10863430.816974942, 3547773.7526442404)",1.0275322359759822
62,10,1.4722707,"(-10863430.816974942, 3547773.7526442404)",1.0275322359759822
62,11,1.4393172,"(-10863430.816974942, 3547773.7526442404)",1.0275322359759822
62,12,1.4344609,"(-10863430.816974942, 3547773.7526442404)",1.0275322359759822
62,13,1.3884555,"(-10863430.816974942, 3547773.7526442404)",1.0275322359759822
62,14,1.3813101,"(-10863430.816974942, 3547773.7526442404)",1.0275322359759822
62,15,1.2709669,"(-10863430.816974942, 3547773.7526442404)",1.0275322359759822
62,16,1.2751079,"(-10863430.816974942, 3547773.7526442404)",1.0275322359759822
62,17,1.330813,"(-10863430.816974942, 3547773.7526442404)",1.0275322359759822
62,18,1.2187346,"(-10863430.816974942, 3547773.7526442404)",1.0275322359759822
62,19,1.3277216,"(-10863430.816974942, 3547773.7526442404)",1.0275322359759822
62,20,1.1849713,"(-10863430.816974942, 3547773.7526442404)",1.0275322359759822
62,21,1.2620615,"(-10863430.816974942, 3547773.7526442404)",1.0275322359759822
62,22,1.3026829,"(-10863430.816974942, 3547773.7526442404)",1.0275322359759822
62,23,1.3280816,"(-10863430.816974942, 3547773.7526442404)",1.0275322359759822
63,0,0.55711985,"(-10863430.816974942, 3554073.7526442404)",1.0426536770339694
63,1,0.55711985,"(-10863430.816974942, 3554073.7526442404)",1.0426536770339694
63,2,0.55711985,"(-10863430.816974942, 3554073.7526442404)",1.0426536770339694
63,3,0.55711985,"(-10863430.816974942, 3554073.7526442404)",1.0426536770339694
63,4,0.55711985,"(-10863430.816974942, 3554073.7526442404)",1.0426536770339694
63,5,0.55711985,"(-10863430.816974942, 3554073.7526442404)",1.0426536770339694
63,6,0.55711985,"(-10863430.816974942, 3554073.7526442404)",1.0426536770339694
63,7,0.55711985,"(-10863430.816974942, 3554073.7526442404)",1.0426536770339694
63,8,0.55711985,"(-10863430.816974942, 3554073.7526442404)",1.0426536770339694
63,9,0.55711985,"(-10863430.816974942, 3554073.7526442404)",1.0426536770339694
63,10,0.55711985,"(-10863430.816974942, 3554073.7526442404)",1.0426536770339694
63,11,0.55711985,"(-10863430.816974942, 3554073.7526442404)",1.0426536770339694
63,12,0.55711985,"(-10863430.816974942, 3554073.7526442404)",1.0426536770339694
63,13,0.55711985,"(-10863430.816974942, 3554073.7526442404)",1.0426536770339694
63,14,0.55711985,"(-10863430.816974942, 3554073.7526442404)",1.0426536770339694
63,15,0.55711985,"(-10863430.816974942, 3554073.7526442404)",1.0426536770339694
63,16,0.55711985,"(-10863430.816974942, 3554073.7526442404)",1.0426536770339694
63,17,0.55711985,"(-10863430.816974942, 3554073.7526442404)",1.0426536770339694
63,18,0.55711985,"(-10863430.816974942, 3554073.7526442404)",1.0426536770339694
63,19,0.55711985,"(-10863430.816974942, 3554073.7526442404)",1.0426536770339694
63,20,0.55711985,"(-10863430.816974942, 3554073.7526442404)",1.0426536770339694
63,21,0.55711985,"(-10863430.816974942, 3554073.7526442404)",1.0426536770339694
63,22,0.55711985,"(-10863430.816974942, 3554073.7526442404)",1.0426536770339694
63,23,0.55711985,"(-10863430.816974942, 3554073.7526442404)",1.0426536770339694
64,0,1.3959191,"(-10863430.816974942, 3560373.7526442404)",1.0067632241250315
64,1,1.3498697,"(-10863430.816974942, 3560373.7526442404)",1.0067632241250315
64,2,1.288634,"(-10863430.816974942, 3560373.7526442404)",1.0067632241250315
64,3,1.3804348,"(-10863430.816974942, 3560373.7526442404)",1.0067632241250315
64,4,1.3447005,"(-10863430.816974942, 3560373.7526442404)",1.0067632241250315
64,5,1.224416,"(-10863430.816974942, 3560373.7526442404)",1.0067632241250315
64,6,1.4105711,"(-10863430.816974942, 3560373.7526442404)",1.0067632241250315
64,7,1.2763207,"(-10863430.816974942, 3560373.7526442404)",1.0067632241250315
64,8,1.2350646,"(-10863430.816974942, 3560373.7526442404)",1.0067632241250315
64,9,1.1825912,"(-10863430.816974942, 3560373.7526442404)",1.0067632241250315
64,10,1.2388282,"(-10863430.816974942, 3560373.7526442404)",1.0067632241250315
64,11,1.1774936,"(-10863430.816974942, 3560373.7526442404)",1.0067632241250315
64,12,1.1856045,"(-10863430.816974942, 3560373.7526442404)",1.0067632241250315
64,13,1.1835595,"(-10863430.816974942, 3560373.7526442404)",1.0067632241250315
64,14,1.1891018,"(-10863430.816974942, 3560373.7526442404)",1.0067632241250315
64,15,1.1821599,"(-10863430.816974942, 3560373.7526442404)",1.0067632241250315
64,16,1.1821599,"(-10863430.816974942, 3560373.7526442404)",1.0067632241250315
64,17,1.1796179,"(-10863430.816974942, 3560373.7526442404)",1.0067632241250315
64,18,1.19066,"(-10863430.816974942, 3560373.7526442404)",1.0067632241250315
64,19,1.1839695,"(-10863430.816974942, 3560373.7526442404)",1.0067632241250315
64,20,1.1241096,"(-10863430.816974942, 3560373.7526442404)",1.0067632241250315
64,21,1.2637581,"(-10863430.816974942, 3560373.7526442404)",1.0067632241250315
64,22,1.216071,"(-10863430.816974942, 3560373.7526442404)",1.0067632241250315
64,23,1.3625848,"(-10863430.816974942, 3560373.7526442404)",1.0067632241250315
68,0,0.17556222,"(-10857130.816974942, 3522573.7526442404)",0.9924647128484254
68,1,0.17556222,"(-10857130.816974942, 3522573.7526442404)",0.9924647128484254
68,2,0.17556222,"(-10857130.816974942, 3522573.7526442404)",0.9924647128484254
68,3,0.17556222,"(-10857130.816974942, 3522573.7526442404)",0.9924647128484254
68,4,0.17556222,"(-10857130.816974942, 3522573.7526442404)",0.9924647128484254
68,5,0.17556222,"(-10857130.816974942, 3522573.7526442404)",0.9924647128484254
68,6,0.17556222,"(-10857130.816974942, 3522573.7526442404)",0.9924647128484254
68,7,0.17556222,"(-10857130.816974942, 3522573.7526442404)",0.9924647128484254
68,8,0.17556222,"(-10857130.816974942, 3522573.7526442404)",0.9924647128484254
68,9,0.17556222,"(-10857130.816974942, 3522573.7526442404)",0.9924647128484254
68,10,0.17556222,"(-10857130.816974942, 3522573.7526442404)",0.9924647128484254
68,11,0.17556222,"(-10857130.816974942, 3522573.7526442404)",0.9924647128484254
68,12,0.17556222,"(-10857130.816974942, 3522573.7526442404)",0.9924647128484254
68,13,0.17556222,"(-10857130.816974942, 3522573.7526442404)",0.9924647128484254
68,14,0.17556222,"(-10857130.816974942, 3522573.7526442404)",0.9924647128484254
68,15,0.17556222,"(-10857130.816974942, 3522573.7526442404)",0.9924647128484254
68,16,0.17556222,"(-10857130.816974942, 3522573.7526442404)",0.9924647128484254
68,17,0.17556222,"(-10857130.816974942, 3522573.7526442404)",0.9924647128484254
68,18,0.17556222,"(-10857130.816974942, 3522573.7526442404)",0.9924647128484254
68,19,0.17556222,"(-10857130.816974942, 3522573.7526442404)",0.9924647128484254
68,20,0.17556222,"(-10857130.816974942, 3522573.7526442404)",0.9924647128484254
68,21,0.17556222,"(-10857130.816974942, 3522573.7526442404)",0.9924647128484254
68,22,0.17556222,"(-10857130.816974942, 3522573.7526442404)",0.9924647128484254
68,23,0.17556222,"(-10857130.816974942, 3522573.7526442404)",0.9924647128484254
69,0,0.17556222,"(-10857130.816974942, 3528873.7526442404)",1.0215896649165206
69,1,0.17556222,"(-10857130.816974942, 3528873.7526442404)",1.0215896649165206
69,2,0.17556222,"(-10857130.816974942, 3528873.7526442404)",1.0215896649165206
69,3,0.17556222,"(-10857130.816974942, 3528873.7526442404)",1.0215896649165206
69,4,0.17556222,"(-10857130.816974942, 3528873.7526442404)",1.0215896649165206
69,5,0.17556222,"(-10857130.816974942, 3528873.7526442404)",1.0215896649165206
69,6,0.17556222,"(-10857130.816974942, 3528873.7526442404)",1.0215896649165206
69,7,0.17556222,"(-10857130.816974942, 3528873.7526442404)",1.0215896649165206
69,8,0.17556222,"(-10857130.816974942, 3528873.7526442404)",1.0215896649165206
69,9,0.17556222,"(-10857130.816974942, 3528873.7526442404)",1.0215896649165206
69,10,0.17556222,"(-10857130.816974942, 3528873.7526442404)",1.0215896649165206
69,11,0.17556222,"(-10857130.816974942, 3528873.7526442404)",1.0215896649165206
69,12,0.17556222,"(-10857130.816974942, 3528873.7526442404)",1.0215896649165206
69,13,0.17556222,"(-10857130.816974942, 3528873.7526442404)",1.0215896649165206
69,14,0.17556222,"(-10857130.816974942, 3528873.7526442404)",1.0215896649165206
69,15,0.17556222,"(-10857130.816974942, 3528873.7526442404)",1.0215896649165206
69,16,0.17556222,"(-10857130.816974942, 3528873.7526442404)",1.0215896649165206
69,17,0.17556222,"(-10857130.816974942, 3528873.7526442404)",1.0215896649165206
69,18,0.17556222,"(-10857130.816974942, 3528873.7526442404)",1.0215896649165206
69,19,0.17556222,"(-10857130.816974942, 3528873.7526442404)",1.0215896649165206
69,20,0.17556222,"(-10857130.816974942, 3528873.7526442404)",1.0215896649165206
69,21,0.17556222,"(-10857130.816974942, 3528873.7526442404)",1.0215896649165206
69,22,0.17556222,"(-10857130.816974942, 3528873.7526442404)",1.0215896649165206
69,23,0.17556222,"(-10857130.816974942, 3528873.7526442404)",1.0215896649165206
70,0,2.1118748,"(-10857130.816974942, 3535173.7526442404)",1.0189927364189555
70,1,2.1118748,"(-10857130.816974942, 3535173.7526442404)",1.0189927364189555
70,2,2.1118748,"(-10857130.816974942, 3535173.7526442404)",1.0189927364189555
70,3,2.1118748,"(-10857130.816974942, 3535173.7526442404)",1.0189927364189555
70,4,2.1315076,"(-10857130.816974942, 3535173.7526442404)",1.0189927364189555
70,5,2.473387,"(-10857130.816974942, 3535173.7526442404)",1.0189927364189555
70,6,2.7275853,"(-10857130.816974942, 3535173.7526442404)",1.0189927364189555
70,7,2.6892028,"(-10857130.816974942, 3535173.7526442404)",1.0189927364189555
70,8,2.6882555,"(-10857130.816974942, 3535173.7526442404)",1.0189927364189555
70,9,2.6431108,"(-10857130.816974942, 3535173.7526442404)",1.0189927364189555
70,10,2.681093,"(-10857130.816974942, 3535173.7526442404)",1.0189927364189555
70,11,2.7260268,"(-10857130.816974942, 3535173.7526442404)",1.0189927364189555
70,12,2.8765693,"(-10857130.816974942, 3535173.7526442404)",1.0189927364189555
70,13,2.8673053,"(-10857130.816974942, 3535173.7526442404)",1.0189927364189555
70,14,2.916714,"(-10857130.816974942, 3535173.7526442404)",1.0189927364189555
70,15,2.9778006,"(-10857130.816974942, 3535173.7526442404)",1.0189927364189555
70,16,2.9428213,"(-10857130.816974942, 3535173.7526442404)",1.0189927364189555
70,17,2.8501027,"(-10857130.816974942, 3535173.7526442404)",1.0189927364189555
70,18,2.8501027,"(-10857130.816974942, 3535173.7526442404)",1.0189927364189555
70,19,2.9528983,"(-10857130.816974942, 3535173.7526442404)",1.0189927364189555
70,20,2.912827,"(-10857130.816974942, 3535173.7526442404)",1.0189927364189555
70,21,2.6943896,"(-10857130.816974942, 3535173.7526442404)",1.0189927364189555
70,22,2.5470147,"(-10857130.816974942, 3535173.7526442404)",1.0189927364189555
70,23,2.1210346,"(-10857130.816974942, 3535173.7526442404)",1.0189927364189555
71,0,0.6638783,"(-10857130.816974942, 3554073.7526442404)",1.0117750800099787
71,1,0.6638783,"(-10857130.816974942, 3554073.7526442404)",1.0117750800099787
71,2,0.6638783,"(-10857130.816974942, 3554073.7526442404)",1.0117750800099787
71,3,0.6638783,"(-10857130.816974942, 3554073.7526442404)",1.0117750800099787
71,4,0.6638783,"(-10857130.816974942, 3554073.7526442404)",1.0117750800099787
71,5,0.6638783,"(-10857130.816974942, 3554073.7526442404)",1.0117750800099787
71,6,0.6638783,"(-10857130.816974942, 3554073.7526442404)",1.0117750800099787
71,7,0.6638783,"(-10857130.816974942, 3554073.7526442404)",1.0117750800099787
71,8,0.6638783,"(-10857130.816974942, 3554073.7526442404)",1.0117750800099787
71,9,0.6638783,"(-10857130.816974942, 3554073.7526442404)",1.0117750800099787
71,10,0.6638783,"(-10857130.816974942, 3554073.7526442404)",1.0117750800099787
71,11,1.0615441,"(-10857130.816974942, 3554073.7526442404)",1.0117750800099787
71,12,1.075946,"(-10857130.816974942, 3554073.7526442404)",1.0117750800099787
71,13,1.056587,"(-10857130.816974942, 3554073.7526442404)",1.0117750800099787
71,14,1.150242,"(-10857130.816974942, 3554073.7526442404)",1.0117750800099787
71,15,1.1032004,"(-10857130.816974942, 3554073.7526442404)",1.0117750800099787
71,16,1.1032004,"(-10857130.816974942, 3554073.7526442404)",1.0117750800099787
71,17,1.0841029,"(-10857130.816974942, 3554073.7526442404)",1.0117750800099787
71,18,1.0854186,"(-10857130.816974942, 3554073.7526442404)",1.0117750800099787
71,19,1.075946,"(-10857130.816974942, 3554073.7526442404)",1.0117750800099787
71,20,1.065068,"(-10857130.816974942, 3554073.7526442404)",1.0117750800099787
71,21,0.6638783,"(-10857130.816974942, 3554073.7526442404)",1.0117750800099787
71,22,0.6638783,"(-10857130.816974942, 3554073.7526442404)",1.0117750800099787
71,23,0.6638783,"(-10857130.816974942, 3554073.7526442404)",1.0117750800099787
72,0,0.15816395,"(-10857130.816974942, 3560373.7526442404)",1.0028331549518348
72,1,0.15816395,"(-10857130.816974942, 3560373.7526442404)",1.0028331549518348
72,2,0.15816395,"(-10857130.816974942, 3560373.7526442404)",1.0028331549518348
72,3,0.15816395,"(-10857130.816974942, 3560373.7526442404)",1.0028331549518348
72,4,0.15816395,"(-10857130.816974942, 3560373.7526442404)",1.0028331549518348
72,5,0.15816395,"(-10857130.816974942, 3560373.7526442404)",1.0028331549518348
72,6,0.2297213,"(-10857130.816974942, 3560373.7526442404)",1.0028331549518348
72,7,0.2274101,"(-10857130.816974942, 3560373.7526442404)",1.0028331549518348
72,8,0.23054805,"(-10857130.816974942, 3560373.7526442404)",1.0028331549518348
72,9,0.21408732,"(-10857130.816974942, 3560373.7526442404)",1.0028331549518348
72,10,0.23067126,"(-10857130.816974942, 3560373.7526442404)",1.0028331549518348
72,11,0.2297213,"(-10857130.816974942, 3560373.7526442404)",1.0028331549518348
72,12,0.23067126,"(-10857130.816974942, 3560373.7526442404)",1.0028331549518348
72,13,0.2297213,"(-10857130.816974942, 3560373.7526442404)",1.0028331549518348
72,14,0.2297213,"(-10857130.816974942, 3560373.7526442404)",1.0028331549518348
72,15,0.2297213,"(-10857130.816974942, 3560373.7526442404)",1.0028331549518348
72,16,0.28527364,"(-10857130.816974942, 3560373.7526442404)",1.0028331549518348
72,17,0.26244083,"(-10857130.816974942, 3560373.7526442404)",1.0028331549518348
72,18,0.2297213,"(-10857130.816974942, 3560373.7526442404)",1.0028331549518348
72,19,0.2274101,"(-10857130.816974942, 3560373.7526442404)",1.0028331549518348
72,20,0.2274101,"(-10857130.816974942, 3560373.7526442404)",1.0028331549518348
72,21,0.2297213,"(-10857130.816974942, 3560373.7526442404)",1.0028331549518348
72,22,0.26244083,"(-10857130.816974942, 3560373.7526442404)",1.0028331549518348
72,23,0.15816395,"(-10857130.816974942, 3560373.7526442404)",1.0028331549518348
73,0,0.2785236,"(-10857130.816974942, 3566673.7526442404)",1.0155555871920963
73,1,0.2785236,"(-10857130.816974942, 3566673.7526442404)",1.0155555871920963
73,2,0.2785236,"(-10857130.816974942, 3566673.7526442404)",1.0155555871920963
73,3,0.2785236,"(-10857130.816974942, 3566673.7526442404)",1.0155555871920963
73,4,0.2785236,"(-10857130.816974942, 3566673.7526442404)",1.0155555871920963
73,5,0.2785236,"(-10857130.816974942, 3566673.7526442404)",1.0155555871920963
73,6,0.2785236,"(-10857130.816974942, 3566673.7526442404)",1.0155555871920963
73,7,0.2785236,"(-10857130.816974942, 3566673.7526442404)",1.0155555871920963
73,8,0.2785236,"(-10857130.816974942, 3566673.7526442404)",1.0155555871920963
73,9,0.2785236,"(-10857130.816974942, 3566673.7526442404)",1.0155555871920963
73,10,0.2785236,"(-10857130.816974942, 3566673.7526442404)",1.0155555871920963
73,11,0.2785236,"(-10857130.816974942, 3566673.7526442404)",1.0155555871920963
73,12,0.2785236,"(-10857130.816974942, 3566673.7526442404)",1.0155555871920963
73,13,0.2785236,"(-10857130.816974942, 3566673.7526442404)",1.0155555871920963
73,14,0.2785236,"(-10857130.816974942, 3566673.7526442404)",1.0155555871920963
73,15,0.2785236,"(-10857130.816974942, 3566673.7526442404)",1.0155555871920963
73,16,0.2785236,"(-10857130.816974942, 3566673.7526442404)",1.0155555871920963
73,17,0.2785236,"(-10857130.816974942, 3566673.7526442404)",1.0155555871920963
73,18,0.2785236,"(-10857130.816974942, 3566673.7526442404)",1.0155555871920963
73,19,0.2785236,"(-10857130.816974942, 3566673.7526442404)",1.0155555871920963
73,20,0.2785236,"(-10857130.816974942, 3566673.7526442404)",1.0155555871920963
73,21,0.2785236,"(-10857130.816974942, 3566673.7526442404)",1.0155555871920963
73,22,0.2785236,"(-10857130.816974942, 3566673.7526442404)",1.0155555871920963
73,23,0.2785236,"(-10857130.816974942, 3566673.7526442404)",1.0155555871920963
79,0,0.52283484,"(-10850830.816974942, 3528873.7526442404)",0.9526905958656163
79,1,0.52283484,"(-10850830.816974942, 3528873.7526442404)",0.9526905958656163
79,2,0.52283484,"(-10850830.816974942, 3528873.7526442404)",0.9526905958656163
79,3,0.52283484,"(-10850830.816974942, 3528873.7526442404)",0.9526905958656163
79,4,0.52283484,"(-10850830.816974942, 3528873.7526442404)",0.9526905958656163
79,5,0.52283484,"(-10850830.816974942, 3528873.7526442404)",0.9526905958656163
79,6,0.52283484,"(-10850830.816974942, 3528873.7526442404)",0.9526905958656163
79,7,0.52283484,"(-10850830.816974942, 3528873.7526442404)",0.9526905958656163
79,8,0.624475,"(-10850830.816974942, 3528873.7526442404)",0.9526905958656163
79,9,0.6770246,"(-10850830.816974942, 3528873.7526442404)",0.9526905958656163
79,10,0.6770246,"(-10850830.816974942, 3528873.7526442404)",0.9526905958656163
79,11,0.52283484,"(-10850830.816974942, 3528873.7526442404)",0.9526905958656163
79,12,0.6770246,"(-10850830.816974942, 3528873.7526442404)",0.9526905958656163
79,13,0.6770246,"(-10850830.816974942, 3528873.7526442404)",0.9526905958656163
79,14,0.6770246,"(-10850830.816974942, 3528873.7526442404)",0.9526905958656163
79,15,0.6386615,"(-10850830.816974942, 3528873.7526442404)",0.9526905958656163
79,16,0.6340952,"(-10850830.816974942, 3528873.7526442404)",0.9526905958656163
79,17,0.6340952,"(-10850830.816974942, 3528873.7526442404)",0.9526905958656163
79,18,0.624475,"(-10850830.816974942, 3528873.7526442404)",0.9526905958656163
79,19,0.624475,"(-10850830.816974942, 3528873.7526442404)",0.9526905958656163
79,20,0.52283484,"(-10850830.816974942, 3528873.7526442404)",0.9526905958656163
79,21,0.52283484,"(-10850830.816974942, 3528873.7526442404)",0.9526905958656163
79,22,0.52283484,"(-10850830.816974942, 3528873.7526442404)",0.9526905958656163
79,23,0.52283484,"(-10850830.816974942, 3528873.7526442404)",0.9526905958656163
80,0,0.85758924,"(-10850830.816974942, 3535173.7526442404)",1.031767728318305
80,1,0.85758924,"(-10850830.816974942, 3535173.7526442404)",1.031767728318305
80,2,0.85758924,"(-10850830.816974942, 3535173.7526442404)",1.031767728318305
80,3,0.85758924,"(-10850830.816974942, 3535173.7526442404)",1.031767728318305
80,4,0.85758924,"(-10850830.816974942, 3535173.7526442404)",1.031767728318305
80,5,0.85758924,"(-10850830.816974942, 3535173.7526442404)",1.031767728318305
80,6,0.85758924,"(-10850830.816974942, 3535173.7526442404)",1.031767728318305
80,7,0.85758924,"(-10850830.816974942, 3535173.7526442404)",1.031767728318305
80,8,0.85758924,"(-10850830.816974942, 3535173.7526442404)",1.031767728318305
80,9,0.99151343,"(-10850830.816974942, 3535173.7526442404)",1.031767728318305
80,10,1.2301481,"(-10850830.816974942, 3535173.7526442404)",1.031767728318305
80,11,1.2682805,"(-10850830.816974942, 3535173.7526442404)",1.031767728318305
80,12,1.2463813,"(-10850830.816974942, 3535173.7526442404)",1.031767728318305
80,13,1.2839029,"(-10850830.816974942, 3535173.7526442404)",1.031767728318305
80,14,1.2746925,"(-10850830.816974942, 3535173.7526442404)",1.031767728318305
80,15,0.92555153,"(-10850830.816974942, 3535173.7526442404)",1.031767728318305
80,16,1.2266241,"(-10850830.816974942, 3535173.7526442404)",1.031767728318305
80,17,1.2682805,"(-10850830.816974942, 3535173.7526442404)",1.031767728318305
80,18,0.92555153,"(-10850830.816974942, 3535173.7526442404)",1.031767728318305
80,19,1.2439888,"(-10850830.816974942, 3535173.7526442404)",1.031767728318305
80,20,0.9904098,"(-10850830.816974942, 3535173.7526442404)",1.031767728318305
80,21,0.85758924,"(-10850830.816974942, 3535173.7526442404)",1.031767728318305
80,22,0.85758924,"(-10850830.816974942, 3535173.7526442404)",1.031767728318305
80,23,0.85758924,"(-10850830.816974942, 3535173.7526442404)",1.031767728318305
81,0,0.7644509,"(-10850830.816974942, 3547773.7526442404)",1.0231773438370229
81,1,0.7644509,"(-10850830.816974942, 3547773.7526442404)",1.0231773438370229
81,2,0.7644509,"(-10850830.816974942, 3547773.7526442404)",1.0231773438370229
81,3,0.7644509,"(-10850830.816974942, 3547773.7526442404)",1.0231773438370229
81,4,0.7644509,"(-10850830.816974942, 3547773.7526442404)",1.0231773438370229
81,5,0.7644509,"(-10850830.816974942, 3547773.7526442404)",1.0231773438370229
81,6,0.7644509,"(-10850830.816974942, 3547773.7526442404)",1.0231773438370229
81,7,0.8701826,"(-10850830.816974942, 3547773.7526442404)",1.0231773438370229
81,8,0.89058465,"(-10850830.816974942, 3547773.7526442404)",1.0231773438370229
81,9,0.88824546,"(-10850830.816974942, 3547773.7526442404)",1.0231773438370229
81,10,1.1806356,"(-10850830.816974942, 3547773.7526442404)",1.0231773438370229
81,11,1.393281,"(-10850830.816974942, 3547773.7526442404)",1.0231773438370229
81,12,0.88824546,"(-10850830.816974942, 3547773.7526442404)",1.0231773438370229
81,13,1.3425987,"(-10850830.816974942, 3547773.7526442404)",1.0231773438370229
81,14,1.1650132,"(-10850830.816974942, 3547773.7526442404)",1.0231773438370229
81,15,1.1650132,"(-10850830.816974942, 3547773.7526442404)",1.0231773438370229
81,16,1.1429695,"(-10850830.816974942, 3547773.7526442404)",1.0231773438370229
81,17,0.7644509,"(-10850830.816974942, 3547773.7526442404)",1.0231773438370229
81,18,0.7644509,"(-10850830.816974942, 3547773.7526442404)",1.0231773438370229
81,19,0.7644509,"(-10850830.816974942, 3547773.7526442404)",1.0231773438370229
81,20,0.7644509,"(-10850830.816974942, 3547773.7526442404)",1.0231773438370229
81,21,0.7644509,"(-10850830.816974942, 3547773.7526442404)",1.0231773438370229
81,22,0.7644509,"(-10850830.816974942, 3547773.7526442404)",1.0231773438370229
81,23,0.7644509,"(-10850830.816974942, 3547773.7526442404)",1.0231773438370229
82,0,0.22320172,"(-10850830.816974942, 3560373.7526442404)",1.0132893565407257
82,1,0.22320172,"(-10850830.816974942, 3560373.7526442404)",1.0132893565407257
82,2,0.22320172,"(-10850830.816974942, 3560373.7526442404)",1.0132893565407257
82,3,0.22320172,"(-10850830.816974942, 3560373.7526442404)",1.0132893565407257
82,4,0.22320172,"(-10850830.816974942, 3560373.7526442404)",1.0132893565407257
82,5,0.22320172,"(-10850830.816974942, 3560373.7526442404)",1.0132893565407257
82,6,0.22320172,"(-10850830.816974942, 3560373.7526442404)",1.0132893565407257
82,7,0.22320172,"(-10850830.816974942, 3560373.7526442404)",1.0132893565407257
82,8,0.22320172,"(-10850830.816974942, 3560373.7526442404)",1.0132893565407257
82,9,0.22320172,"(-10850830.816974942, 3560373.7526442404)",1.0132893565407257
82,10,0.22320172,"(-10850830.816974942, 3560373.7526442404)",1.0132893565407257
82,11,0.22320172,"(-10850830.816974942, 3560373.7526442404)",1.0132893565407257
82,12,0.22320172,"(-10850830.816974942, 3560373.7526442404)",1.0132893565407257
82,13,0.22320172,"(-10850830.816974942, 3560373.7526442404)",1.0132893565407257
82,14,0.22320172,"(-10850830.816974942, 3560373.7526442404)",1.0132893565407257
82,15,0.22320172,"(-10850830.816974942, 3560373.7526442404)",1.0132893565407257
82,16,0.22320172,"(-10850830.816974942, 3560373.7526442404)",1.0132893565407257
82,17,0.22320172,"(-10850830.816974942, 3560373.7526442404)",1.0132893565407257
82,18,0.22320172,"(-10850830.816974942, 3560373.7526442404)",1.0132893565407257
82,19,0.22320172,"(-10850830.816974942, 3560373.7526442404)",1.0132893565407257
82,20,0.22320172,"(-10850830.816974942, 3560373.7526442404)",1.0132893565407257
82,21,0.22320172,"(-10850830.816974942, 3560373.7526442404)",1.0132893565407257
82,22,0.22320172,"(-10850830.816974942, 3560373.7526442404)",1.0132893565407257
82,23,0.22320172,"(-10850830.816974942, 3560373.7526442404)",1.0132893565407257
83,0,0.17556222,"(-10850830.816974942, 3566673.7526442404)",1.009029451462926
83,1,0.17556222,"(-10850830.816974942, 3566673.7526442404)",1.009029451462926
83,2,0.17556222,"(-10850830.816974942, 3566673.7526442404)",1.009029451462926
83,3,0.17556222,"(-10850830.816974942, 3566673.7526442404)",1.009029451462926
83,4,0.17556222,"(-10850830.816974942, 3566673.7526442404)",1.009029451462926
83,5,0.17556222,"(-10850830.816974942, 3566673.7526442404)",1.009029451462926
83,6,0.17556222,"(-10850830.816974942, 3566673.7526442404)",1.009029451462926
83,7,0.17556222,"(-10850830.816974942, 3566673.7526442404)",1.009029451462926
83,8,0.17556222,"(-10850830.816974942, 3566673.7526442404)",1.009029451462926
83,9,0.17556222,"(-10850830.816974942, 3566673.7526442404)",1.009029451462926
83,10,0.17556222,"(-10850830.816974942, 3566673.7526442404)",1.009029451462926
83,11,0.17556222,"(-10850830.816974942, 3566673.7526442404)",1.009029451462926
83,12,0.17556222,"(-10850830.816974942, 3566673.7526442404)",1.009029451462926
83,13,0.17556222,"(-10850830.816974942, 3566673.7526442404)",1.009029451462926
83,14,0.17556222,"(-10850830.816974942, 3566673.7526442404)",1.009029451462926
83,15,0.17556222,"(-10850830.816974942, 3566673.7526442404)",1.009029451462926
83,16,0.17556222,"(-10850830.816974942, 3566673.7526442404)",1.009029451462926
83,17,0.17556222,"(-10850830.816974942, 3566673.7526442404)",1.009029451462926
83,18,0.17556222,"(-10850830.816974942, 3566673.7526442404)",1.009029451462926
83,19,0.17556222,"(-10850830.816974942, 3566673.7526442404)",1.009029451462926
83,20,0.17556222,"(-10850830.816974942, 3566673.7526442404)",1.009029451462926
83,21,0.17556222,"(-10850830.816974942, 3566673.7526442404)",1.009029451462926
83,22,0.17556222,"(-10850830.816974942, 3566673.7526442404)",1.009029451462926
83,23,0.17556222,"(-10850830.816974942, 3566673.7526442404)",1.009029451462926
88,0,0.22320172,"(-10844530.816974942, 3541473.7526442404)",1.0054474609252586
88,1,0.22320172,"(-10844530.816974942, 3541473.7526442404)",1.0054474609252586
88,2,0.22320172,"(-10844530.816974942, 3541473.7526442404)",1.0054474609252586
88,3,0.22320172,"(-10844530.816974942, 3541473.7526442404)",1.0054474609252586
88,4,0.22320172,"(-10844530.816974942, 3541473.7526442404)",1.0054474609252586
88,5,0.22320172,"(-10844530.816974942, 3541473.7526442404)",1.0054474609252586
88,6,0.22320172,"(-10844530.816974942, 3541473.7526442404)",1.0054474609252586
88,7,0.22320172,"(-10844530.816974942, 3541473.7526442404)",1.0054474609252586
88,8,0.22320172,"(-10844530.816974942, 3541473.7526442404)",1.0054474609252586
88,9,0.22320172,"(-10844530.816974942, 3541473.7526442404)",1.0054474609252586
88,10,0.22320172,"(-10844530.816974942, 3541473.7526442404)",1.0054474609252586
88,11,0.22320172,"(-10844530.816974942, 3541473.7526442404)",1.0054474609252586
88,12,0.22320172,"(-10844530.816974942, 3541473.7526442404)",1.0054474609252586
88,13,0.22320172,"(-10844530.816974942, 3541473.7526442404)",1.0054474609252586
88,14,0.22320172,"(-10844530.816974942, 3541473.7526442404)",1.0054474609252586
88,15,0.22320172,"(-10844530.816974942, 3541473.7526442404)",1.0054474609252586
88,16,0.22320172,"(-10844530.816974942, 3541473.7526442404)",1.0054474609252586
88,17,0.22320172,"(-10844530.816974942, 3541473.7526442404)",1.0054474609252586
88,18,0.22320172,"(-10844530.816974942, 3541473.7526442404)",1.0054474609252586
88,19,0.22320172,"(-10844530.816974942, 3541473.7526442404)",1.0054474609252586
88,20,0.22320172,"(-10844530.816974942, 3541473.7526442404)",1.0054474609252586
88,21,0.22320172,"(-10844530.816974942, 3541473.7526442404)",1.0054474609252586
88,22,0.22320172,"(-10844530.816974942, 3541473.7526442404)",1.0054474609252586
88,23,0.22320172,"(-10844530.816974942, 3541473.7526442404)",1.0054474609252586
89,0,0.17556222,"(-10844530.816974942, 3560373.7526442404)",1.014912104900481
89,1,0.17556222,"(-10844530.816974942, 3560373.7526442404)",1.014912104900481
89,2,0.17556222,"(-10844530.816974942, 3560373.7526442404)",1.014912104900481
89,3,0.17556222,"(-10844530.816974942, 3560373.7526442404)",1.014912104900481
89,4,0.17556222,"(-10844530.816974942, 3560373.7526442404)",1.014912104900481
89,5,0.17556222,"(-10844530.816974942, 3560373.7526442404)",1.014912104900481
89,6,0.17556222,"(-10844530.816974942, 3560373.7526442404)",1.014912104900481
89,7,0.17556222,"(-10844530.816974942, 3560373.7526442404)",1.014912104900481
89,8,0.17556222,"(-10844530.816974942, 3560373.7526442404)",1.014912104900481
89,9,0.17556222,"(-10844530.816974942, 3560373.7526442404)",1.014912104900481
89,10,0.17556222,"(-10844530.816974942, 3560373.7526442404)",1.014912104900481
89,11,0.17556222,"(-10844530.816974942, 3560373.7526442404)",1.014912104900481
89,12,0.17556222,"(-10844530.816974942, 3560373.7526442404)",1.014912104900481
89,13,0.17556222,"(-10844530.816974942, 3560373.7526442404)",1.014912104900481
89,14,0.17556222,"(-10844530.816974942, 3560373.7526442404)",1.014912104900481
89,15,0.17556222,"(-10844530.816974942, 3560373.7526442404)",1.014912104900481
89,16,0.17556222,"(-10844530.816974942, 3560373.7526442404)",1.014912104900481
89,17,0.17556222,"(-10844530.816974942, 3560373.7526442404)",1.014912104900481
89,18,0.17556222,"(-10844530.816974942, 3560373.7526442404)",1.014912104900481
89,19,0.17556222,"(-10844530.816974942, 3560373.7526442404)",1.014912104900481
89,20,0.17556222,"(-10844530.816974942, 3560373.7526442404)",1.014912104900481
89,21,0.17556222,"(-10844530.816974942, 3560373.7526442404)",1.014912104900481
89,22,0.17556222,"(-10844530.816974942, 3560373.7526442404)",1.014912104900481
89,23,0.17556222,"(-10844530.816974942, 3560373.7526442404)",1.014912104900481
98,0,0.22320172,"(-10838230.816974942, 3560373.7526442404)",1.0040293680819619
98,1,0.22320172,"(-10838230.816974942, 3560373.7526442404)",1.0040293680819619
98,2,0.22320172,"(-10838230.816974942, 3560373.7526442404)",1.0040293680819619
98,3,0.22320172,"(-10838230.816974942, 3560373.7526442404)",1.0040293680819619
98,4,0.22320172,"(-10838230.816974942, 3560373.7526442404)",1.0040293680819619
98,5,0.22320172,"(-10838230.816974942, 3560373.7526442404)",1.0040293680819619
98,6,0.22320172,"(-10838230.816974942, 3560373.7526442404)",1.0040293680819619
98,7,0.22320172,"(-10838230.816974942, 3560373.7526442404)",1.0040293680819619
98,8,0.22320172,"(-10838230.816974942, 3560373.7526442404)",1.0040293680819619
98,9,0.22320172,"(-10838230.816974942, 3560373.7526442404)",1.0040293680819619
98,10,0.22320172,"(-10838230.816974942, 3560373.7526442404)",1.0040293680819619
98,11,0.22320172,"(-10838230.816974942, 3560373.7526442404)",1.0040293680819619
98,12,0.22320172,"(-10838230.816974942, 3560373.7526442404)",1.0040293680819619
98,13,0.22320172,"(-10838230.816974942, 3560373.7526442404)",1.0040293680819619
98,14,0.22320172,"(-10838230.816974942, 3560373.7526442404)",1.0040293680819619
98,15,0.22320172,"(-10838230.816974942, 3560373.7526442404)",1.0040293680819619
98,16,0.22320172,"(-10838230.816974942, 3560373.7526442404)",1.0040293680819619
98,17,0.22320172,"(-10838230.816974942, 3560373.7526442404)",1.0040293680819619
98,18,0.22320172,"(-10838230.816974942, 3560373.7526442404)",1.0040293680819619
98,19,0.22320172,"(-10838230.816974942, 3560373.7526442404)",1.0040293680819619
98,20,0.22320172,"(-10838230.816974942, 3560373.7526442404)",1.0040293680819619
98,21,0.22320172,"(-10838230.816974942, 3560373.7526442404)",1.0040293680819619
98,22,0.22320172,"(-10838230.816974942, 3560373.7526442404)",1.0040293680819619
98,23,0.22320172,"(-10838230.816974942, 3560373.7526442404)",1.0040293680819619
