Index,SubIndex,ChargerNumber,trainingEVdemand,center,avg_volt
1000,0,16.0,6.0,"(-10881932.46047384, 3537892.4138957523)",1.0244001332610029
1000,1,16.0,7.14285714285714,"(-10881932.46047384, 3537892.4138957523)",1.0244001332610029
1000,2,16.0,6.57142857142857,"(-10881932.46047384, 3537892.4138957523)",1.0244001332610029
1000,3,16.0,6.14285714285714,"(-10881932.46047384, 3537892.4138957523)",1.0244001332610029
1000,4,16.0,3.85714285714286,"(-10881932.46047384, 3537892.4138957523)",1.0244001332610029
1000,5,16.0,2.28571428571429,"(-10881932.46047384, 3537892.4138957523)",1.0244001332610029
1000,6,16.0,2.57142857142857,"(-10881932.46047384, 3537892.4138957523)",1.0244001332610029
1000,7,16.0,4.0,"(-10881932.46047384, 3537892.4138957523)",1.0244001332610029
1000,8,16.0,5.14285714285714,"(-10881932.46047384, 3537892.4138957523)",1.0244001332610029
1000,9,16.0,4.71428571428571,"(-10881932.46047384, 3537892.4138957523)",1.0244001332610029
1000,10,16.0,4.0,"(-10881932.46047384, 3537892.4138957523)",1.0244001332610029
1000,11,16.0,3.0,"(-10881932.46047384, 3537892.4138957523)",1.0244001332610029
1000,12,16.0,3.14285714285714,"(-10881932.46047384, 3537892.4138957523)",1.0244001332610029
1000,13,16.0,3.0,"(-10881932.46047384, 3537892.4138957523)",1.0244001332610029
1000,14,16.0,3.57142857142857,"(-10881932.46047384, 3537892.4138957523)",1.0244001332610029
1000,15,16.0,2.85714285714286,"(-10881932.46047384, 3537892.4138957523)",1.0244001332610029
1000,16,16.0,3.57142857142857,"(-10881932.46047384, 3537892.4138957523)",1.0244001332610029
1000,17,16.0,4.85714285714286,"(-10881932.46047384, 3537892.4138957523)",1.0244001332610029
1000,18,16.0,5.0,"(-10881932.46047384, 3537892.4138957523)",1.0244001332610029
1000,19,16.0,5.14285714285714,"(-10881932.46047384, 3537892.4138957523)",1.0244001332610029
1000,20,16.0,3.85714285714286,"(-10881932.46047384, 3537892.4138957523)",1.0244001332610029
1000,21,16.0,3.85714285714286,"(-10881932.46047384, 3537892.4138957523)",1.0244001332610029
1000,22,16.0,4.14285714285714,"(-10881932.46047384, 3537892.4138957523)",1.0244001332610029
1000,23,16.0,6.57142857142857,"(-10881932.46047384, 3537892.4138957523)",1.0244001332610029
1001,0,10.0,1.71428571428571,"(-10879692.155721623, 3537554.085844867)",1.0244001332610029
1001,1,10.0,1.14285714285714,"(-10879692.155721623, 3537554.085844867)",1.0244001332610029
1001,2,10.0,1.14285714285714,"(-10879692.155721623, 3537554.085844867)",1.0244001332610029
1001,3,10.0,0.571428571428571,"(-10879692.155721623, 3537554.085844867)",1.0244001332610029
1001,4,10.0,1.28571428571429,"(-10879692.155721623, 3537554.085844867)",1.0244001332610029
1001,5,10.0,1.42857142857143,"(-10879692.155721623, 3537554.085844867)",1.0244001332610029
1001,6,10.0,1.28571428571429,"(-10879692.155721623, 3537554.085844867)",1.0244001332610029
1001,7,10.0,1.14285714285714,"(-10879692.155721623, 3537554.085844867)",1.0244001332610029
1001,8,10.0,0.571428571428571,"(-10879692.155721623, 3537554.085844867)",1.0244001332610029
1001,9,10.0,0.571428571428571,"(-10879692.155721623, 3537554.085844867)",1.0244001332610029
1001,10,10.0,1.42857142857143,"(-10879692.155721623, 3537554.085844867)",1.0244001332610029
1001,11,10.0,2.57142857142857,"(-10879692.155721623, 3537554.085844867)",1.0244001332610029
1001,12,10.0,4.42857142857143,"(-10879692.155721623, 3537554.085844867)",1.0244001332610029
1001,13,10.0,4.42857142857143,"(-10879692.155721623, 3537554.085844867)",1.0244001332610029
1001,14,10.0,4.14285714285714,"(-10879692.155721623, 3537554.085844867)",1.0244001332610029
1001,15,10.0,2.85714285714286,"(-10879692.155721623, 3537554.085844867)",1.0244001332610029
1001,16,10.0,2.85714285714286,"(-10879692.155721623, 3537554.085844867)",1.0244001332610029
1001,17,10.0,2.28571428571429,"(-10879692.155721623, 3537554.085844867)",1.0244001332610029
1001,18,10.0,1.14285714285714,"(-10879692.155721623, 3537554.085844867)",1.0244001332610029
1001,19,10.0,0.857142857142857,"(-10879692.155721623, 3537554.085844867)",1.0244001332610029
1001,20,10.0,1.57142857142857,"(-10879692.155721623, 3537554.085844867)",1.0244001332610029
1001,21,10.0,2.0,"(-10879692.155721623, 3537554.085844867)",1.0244001332610029
1001,22,10.0,2.85714285714286,"(-10879692.155721623, 3537554.085844867)",1.0244001332610029
1001,23,10.0,3.0,"(-10879692.155721623, 3537554.085844867)",1.0244001332610029
1002,0,3.0,0.714285714285714,"(-10880958.414929397, 3538456.314082973)",1.0259872715644
1002,1,3.0,0.714285714285714,"(-10880958.414929397, 3538456.314082973)",1.0259872715644
1002,2,3.0,0.285714285714286,"(-10880958.414929397, 3538456.314082973)",1.0259872715644
1002,3,3.0,0.857142857142857,"(-10880958.414929397, 3538456.314082973)",1.0259872715644
1002,4,3.0,0.428571428571429,"(-10880958.414929397, 3538456.314082973)",1.0259872715644
1002,5,3.0,0.428571428571429,"(-10880958.414929397, 3538456.314082973)",1.0259872715644
1002,6,3.0,0.571428571428571,"(-10880958.414929397, 3538456.314082973)",1.0259872715644
1002,7,3.0,0.428571428571429,"(-10880958.414929397, 3538456.314082973)",1.0259872715644
1002,8,3.0,0.285714285714286,"(-10880958.414929397, 3538456.314082973)",1.0259872715644
1002,9,3.0,0.571428571428571,"(-10880958.414929397, 3538456.314082973)",1.0259872715644
1002,10,3.0,0.571428571428571,"(-10880958.414929397, 3538456.314082973)",1.0259872715644
1002,11,3.0,0.571428571428571,"(-10880958.414929397, 3538456.314082973)",1.0259872715644
1002,12,3.0,0.428571428571429,"(-10880958.414929397, 3538456.314082973)",1.0259872715644
1002,13,3.0,0.142857142857143,"(-10880958.414929397, 3538456.314082973)",1.0259872715644
1002,14,3.0,0.428571428571429,"(-10880958.414929397, 3538456.314082973)",1.0259872715644
1002,15,3.0,1.14285714285714,"(-10880958.414929397, 3538456.314082973)",1.0259872715644
1002,16,3.0,1.14285714285714,"(-10880958.414929397, 3538456.314082973)",1.0259872715644
1002,17,3.0,0.857142857142857,"(-10880958.414929397, 3538456.314082973)",1.0259872715644
1002,18,3.0,0.285714285714286,"(-10880958.414929397, 3538456.314082973)",1.0259872715644
1002,19,3.0,0.428571428571429,"(-10880958.414929397, 3538456.314082973)",1.0259872715644
1002,20,3.0,0.714285714285714,"(-10880958.414929397, 3538456.314082973)",1.0259872715644
1002,21,3.0,0.714285714285714,"(-10880958.414929397, 3538456.314082973)",1.0259872715644
1002,22,3.0,0.714285714285714,"(-10880958.414929397, 3538456.314082973)",1.0259872715644
1002,23,3.0,0.571428571428571,"(-10880958.414929397, 3538456.314082973)",1.0259872715644
1003,0,8.0,1.0,"(-10881487.182510667, 3535363.2278490523)",1.0244001332610029
1003,1,8.0,0.857142857142857,"(-10881487.182510667, 3535363.2278490523)",1.0244001332610029
1003,2,8.0,0.571428571428571,"(-10881487.182510667, 3535363.2278490523)",1.0244001332610029
1003,3,8.0,1.0,"(-10881487.182510667, 3535363.2278490523)",1.0244001332610029
1003,4,8.0,1.57142857142857,"(-10881487.182510667, 3535363.2278490523)",1.0244001332610029
1003,5,8.0,1.71428571428571,"(-10881487.182510667, 3535363.2278490523)",1.0244001332610029
1003,6,8.0,1.0,"(-10881487.182510667, 3535363.2278490523)",1.0244001332610029
1003,7,8.0,0.714285714285714,"(-10881487.182510667, 3535363.2278490523)",1.0244001332610029
1003,8,8.0,0.857142857142857,"(-10881487.182510667, 3535363.2278490523)",1.0244001332610029
1003,9,8.0,2.0,"(-10881487.182510667, 3535363.2278490523)",1.0244001332610029
1003,10,8.0,2.0,"(-10881487.182510667, 3535363.2278490523)",1.0244001332610029
1003,11,8.0,1.71428571428571,"(-10881487.182510667, 3535363.2278490523)",1.0244001332610029
1003,12,8.0,1.42857142857143,"(-10881487.182510667, 3535363.2278490523)",1.0244001332610029
1003,13,8.0,2.14285714285714,"(-10881487.182510667, 3535363.2278490523)",1.0244001332610029
1003,14,8.0,2.71428571428571,"(-10881487.182510667, 3535363.2278490523)",1.0244001332610029
1003,15,8.0,3.14285714285714,"(-10881487.182510667, 3535363.2278490523)",1.0244001332610029
1003,16,8.0,3.57142857142857,"(-10881487.182510667, 3535363.2278490523)",1.0244001332610029
1003,17,8.0,3.28571428571429,"(-10881487.182510667, 3535363.2278490523)",1.0244001332610029
1003,18,8.0,2.28571428571429,"(-10881487.182510667, 3535363.2278490523)",1.0244001332610029
1003,19,8.0,2.14285714285714,"(-10881487.182510667, 3535363.2278490523)",1.0244001332610029
1003,20,8.0,1.71428571428571,"(-10881487.182510667, 3535363.2278490523)",1.0244001332610029
1003,21,8.0,1.42857142857143,"(-10881487.182510667, 3535363.2278490523)",1.0244001332610029
1003,22,8.0,1.0,"(-10881487.182510667, 3535363.2278490523)",1.0244001332610029
1003,23,8.0,1.85714285714286,"(-10881487.182510667, 3535363.2278490523)",1.0244001332610029
1004,0,8.0,0.857142857142857,"(-10881668.076683206, 3537811.8587774844)",1.0244001332610029
1004,1,8.0,1.0,"(-10881668.076683206, 3537811.8587774844)",1.0244001332610029
1004,2,8.0,1.42857142857143,"(-10881668.076683206, 3537811.8587774844)",1.0244001332610029
1004,3,8.0,1.57142857142857,"(-10881668.076683206, 3537811.8587774844)",1.0244001332610029
1004,4,8.0,2.14285714285714,"(-10881668.076683206, 3537811.8587774844)",1.0244001332610029
1004,5,8.0,2.14285714285714,"(-10881668.076683206, 3537811.8587774844)",1.0244001332610029
1004,6,8.0,1.57142857142857,"(-10881668.076683206, 3537811.8587774844)",1.0244001332610029
1004,7,8.0,1.28571428571429,"(-10881668.076683206, 3537811.8587774844)",1.0244001332610029
1004,8,8.0,0.714285714285714,"(-10881668.076683206, 3537811.8587774844)",1.0244001332610029
1004,9,8.0,0.857142857142857,"(-10881668.076683206, 3537811.8587774844)",1.0244001332610029
1004,10,8.0,0.571428571428571,"(-10881668.076683206, 3537811.8587774844)",1.0244001332610029
1004,11,8.0,0.142857142857143,"(-10881668.076683206, 3537811.8587774844)",1.0244001332610029
1004,12,8.0,0.571428571428571,"(-10881668.076683206, 3537811.8587774844)",1.0244001332610029
1004,13,8.0,1.0,"(-10881668.076683206, 3537811.8587774844)",1.0244001332610029
1004,14,8.0,1.42857142857143,"(-10881668.076683206, 3537811.8587774844)",1.0244001332610029
1004,15,8.0,1.57142857142857,"(-10881668.076683206, 3537811.8587774844)",1.0244001332610029
1004,16,8.0,1.71428571428571,"(-10881668.076683206, 3537811.8587774844)",1.0244001332610029
1004,17,8.0,1.71428571428571,"(-10881668.076683206, 3537811.8587774844)",1.0244001332610029
1004,18,8.0,1.57142857142857,"(-10881668.076683206, 3537811.8587774844)",1.0244001332610029
1004,19,8.0,1.71428571428571,"(-10881668.076683206, 3537811.8587774844)",1.0244001332610029
1004,20,8.0,1.57142857142857,"(-10881668.076683206, 3537811.8587774844)",1.0244001332610029
1004,21,8.0,1.14285714285714,"(-10881668.076683206, 3537811.8587774844)",1.0244001332610029
1004,22,8.0,1.0,"(-10881668.076683206, 3537811.8587774844)",1.0244001332610029
1004,23,8.0,0.857142857142857,"(-10881668.076683206, 3537811.8587774844)",1.0244001332610029
1005,0,2.0,0.142857142857143,"(-10881278.458465429, 3537811.8587774844)",1.0244001332610029
1005,1,2.0,0.285714285714286,"(-10881278.458465429, 3537811.8587774844)",1.0244001332610029
1005,2,2.0,0.285714285714286,"(-10881278.458465429, 3537811.8587774844)",1.0244001332610029
1005,3,2.0,0.285714285714286,"(-10881278.458465429, 3537811.8587774844)",1.0244001332610029
1005,4,2.0,0.285714285714286,"(-10881278.458465429, 3537811.8587774844)",1.0244001332610029
1005,5,2.0,0.0,"(-10881278.458465429, 3537811.8587774844)",1.0244001332610029
1005,6,2.0,0.0,"(-10881278.458465429, 3537811.8587774844)",1.0244001332610029
1005,7,2.0,0.285714285714286,"(-10881278.458465429, 3537811.8587774844)",1.0244001332610029
1005,8,2.0,0.142857142857143,"(-10881278.458465429, 3537811.8587774844)",1.0244001332610029
1005,9,2.0,0.571428571428571,"(-10881278.458465429, 3537811.8587774844)",1.0244001332610029
1005,10,2.0,0.428571428571429,"(-10881278.458465429, 3537811.8587774844)",1.0244001332610029
1005,11,2.0,0.142857142857143,"(-10881278.458465429, 3537811.8587774844)",1.0244001332610029
1005,12,2.0,0.142857142857143,"(-10881278.458465429, 3537811.8587774844)",1.0244001332610029
1005,13,2.0,0.0,"(-10881278.458465429, 3537811.8587774844)",1.0244001332610029
1005,14,2.0,0.142857142857143,"(-10881278.458465429, 3537811.8587774844)",1.0244001332610029
1005,15,2.0,0.428571428571429,"(-10881278.458465429, 3537811.8587774844)",1.0244001332610029
1005,16,2.0,0.142857142857143,"(-10881278.458465429, 3537811.8587774844)",1.0244001332610029
1005,17,2.0,0.142857142857143,"(-10881278.458465429, 3537811.8587774844)",1.0244001332610029
1005,18,2.0,0.285714285714286,"(-10881278.458465429, 3537811.8587774844)",1.0244001332610029
1005,19,2.0,0.285714285714286,"(-10881278.458465429, 3537811.8587774844)",1.0244001332610029
1005,20,2.0,0.142857142857143,"(-10881278.458465429, 3537811.8587774844)",1.0244001332610029
1005,21,2.0,0.428571428571429,"(-10881278.458465429, 3537811.8587774844)",1.0244001332610029
1005,22,2.0,0.428571428571429,"(-10881278.458465429, 3537811.8587774844)",1.0244001332610029
1005,23,2.0,0.428571428571429,"(-10881278.458465429, 3537811.8587774844)",1.0244001332610029
1006,0,6.0,1.28571428571429,"(-10880624.456457017, 3537473.53288019)",1.0244001332610029
1006,1,6.0,1.0,"(-10880624.456457017, 3537473.53288019)",1.0244001332610029
1006,2,6.0,0.714285714285714,"(-10880624.456457017, 3537473.53288019)",1.0244001332610029
1006,3,6.0,0.857142857142857,"(-10880624.456457017, 3537473.53288019)",1.0244001332610029
1006,4,6.0,0.571428571428571,"(-10880624.456457017, 3537473.53288019)",1.0244001332610029
1006,5,6.0,0.571428571428571,"(-10880624.456457017, 3537473.53288019)",1.0244001332610029
1006,6,6.0,0.428571428571429,"(-10880624.456457017, 3537473.53288019)",1.0244001332610029
1006,7,6.0,0.0,"(-10880624.456457017, 3537473.53288019)",1.0244001332610029
1006,8,6.0,0.714285714285714,"(-10880624.456457017, 3537473.53288019)",1.0244001332610029
1006,9,6.0,0.571428571428571,"(-10880624.456457017, 3537473.53288019)",1.0244001332610029
1006,10,6.0,1.14285714285714,"(-10880624.456457017, 3537473.53288019)",1.0244001332610029
1006,11,6.0,1.0,"(-10880624.456457017, 3537473.53288019)",1.0244001332610029
1006,12,6.0,1.28571428571429,"(-10880624.456457017, 3537473.53288019)",1.0244001332610029
1006,13,6.0,1.57142857142857,"(-10880624.456457017, 3537473.53288019)",1.0244001332610029
1006,14,6.0,1.57142857142857,"(-10880624.456457017, 3537473.53288019)",1.0244001332610029
1006,15,6.0,1.57142857142857,"(-10880624.456457017, 3537473.53288019)",1.0244001332610029
1006,16,6.0,1.14285714285714,"(-10880624.456457017, 3537473.53288019)",1.0244001332610029
1006,17,6.0,1.42857142857143,"(-10880624.456457017, 3537473.53288019)",1.0244001332610029
1006,18,6.0,1.28571428571429,"(-10880624.456457017, 3537473.53288019)",1.0244001332610029
1006,19,6.0,1.28571428571429,"(-10880624.456457017, 3537473.53288019)",1.0244001332610029
1006,20,6.0,1.57142857142857,"(-10880624.456457017, 3537473.53288019)",1.0244001332610029
1006,21,6.0,2.0,"(-10880624.456457017, 3537473.53288019)",1.0244001332610029
1006,22,6.0,2.28571428571429,"(-10880624.456457017, 3537473.53288019)",1.0244001332610029
1006,23,6.0,1.85714285714286,"(-10880624.456457017, 3537473.53288019)",1.0244001332610029
1007,0,4.0,0.428571428571429,"(-10887915.883103978, 3536909.6764826486)",1.0233727677681235
1007,1,4.0,0.428571428571429,"(-10887915.883103978, 3536909.6764826486)",1.0233727677681235
1007,2,4.0,0.714285714285714,"(-10887915.883103978, 3536909.6764826486)",1.0233727677681235
1007,3,4.0,0.571428571428571,"(-10887915.883103978, 3536909.6764826486)",1.0233727677681235
1007,4,4.0,0.571428571428571,"(-10887915.883103978, 3536909.6764826486)",1.0233727677681235
1007,5,4.0,0.857142857142857,"(-10887915.883103978, 3536909.6764826486)",1.0233727677681235
1007,6,4.0,1.28571428571429,"(-10887915.883103978, 3536909.6764826486)",1.0233727677681235
1007,7,4.0,1.28571428571429,"(-10887915.883103978, 3536909.6764826486)",1.0233727677681235
1007,8,4.0,1.14285714285714,"(-10887915.883103978, 3536909.6764826486)",1.0233727677681235
1007,9,4.0,0.714285714285714,"(-10887915.883103978, 3536909.6764826486)",1.0233727677681235
1007,10,4.0,0.428571428571429,"(-10887915.883103978, 3536909.6764826486)",1.0233727677681235
1007,11,4.0,0.428571428571429,"(-10887915.883103978, 3536909.6764826486)",1.0233727677681235
1007,12,4.0,0.571428571428571,"(-10887915.883103978, 3536909.6764826486)",1.0233727677681235
1007,13,4.0,0.428571428571429,"(-10887915.883103978, 3536909.6764826486)",1.0233727677681235
1007,14,4.0,0.714285714285714,"(-10887915.883103978, 3536909.6764826486)",1.0233727677681235
1007,15,4.0,0.571428571428571,"(-10887915.883103978, 3536909.6764826486)",1.0233727677681235
1007,16,4.0,0.857142857142857,"(-10887915.883103978, 3536909.6764826486)",1.0233727677681235
1007,17,4.0,0.428571428571429,"(-10887915.883103978, 3536909.6764826486)",1.0233727677681235
1007,18,4.0,0.714285714285714,"(-10887915.883103978, 3536909.6764826486)",1.0233727677681235
1007,19,4.0,0.285714285714286,"(-10887915.883103978, 3536909.6764826486)",1.0233727677681235
1007,20,4.0,0.285714285714286,"(-10887915.883103978, 3536909.6764826486)",1.0233727677681235
1007,21,4.0,0.428571428571429,"(-10887915.883103978, 3536909.6764826486)",1.0233727677681235
1007,22,4.0,0.857142857142857,"(-10887915.883103978, 3536909.6764826486)",1.0233727677681235
1007,23,4.0,0.428571428571429,"(-10887915.883103978, 3536909.6764826486)",1.0233727677681235
1008,0,12.0,3.85714285714286,"(-10889975.293683654, 3541050.578740198)",1.0171606543598108
1008,1,12.0,3.42857142857143,"(-10889975.293683654, 3541050.578740198)",1.0171606543598108
1008,2,12.0,2.28571428571429,"(-10889975.293683654, 3541050.578740198)",1.0171606543598108
1008,3,12.0,0.857142857142857,"(-10889975.293683654, 3541050.578740198)",1.0171606543598108
1008,4,12.0,0.714285714285714,"(-10889975.293683654, 3541050.578740198)",1.0171606543598108
1008,5,12.0,0.714285714285714,"(-10889975.293683654, 3541050.578740198)",1.0171606543598108
1008,6,12.0,0.571428571428571,"(-10889975.293683654, 3541050.578740198)",1.0171606543598108
1008,7,12.0,1.0,"(-10889975.293683654, 3541050.578740198)",1.0171606543598108
1008,8,12.0,2.14285714285714,"(-10889975.293683654, 3541050.578740198)",1.0171606543598108
1008,9,12.0,2.14285714285714,"(-10889975.293683654, 3541050.578740198)",1.0171606543598108
1008,10,12.0,2.57142857142857,"(-10889975.293683654, 3541050.578740198)",1.0171606543598108
1008,11,12.0,2.57142857142857,"(-10889975.293683654, 3541050.578740198)",1.0171606543598108
1008,12,12.0,3.14285714285714,"(-10889975.293683654, 3541050.578740198)",1.0171606543598108
1008,13,12.0,2.14285714285714,"(-10889975.293683654, 3541050.578740198)",1.0171606543598108
1008,14,12.0,2.0,"(-10889975.293683654, 3541050.578740198)",1.0171606543598108
1008,15,12.0,2.85714285714286,"(-10889975.293683654, 3541050.578740198)",1.0171606543598108
1008,16,12.0,3.42857142857143,"(-10889975.293683654, 3541050.578740198)",1.0171606543598108
1008,17,12.0,3.14285714285714,"(-10889975.293683654, 3541050.578740198)",1.0171606543598108
1008,18,12.0,2.0,"(-10889975.293683654, 3541050.578740198)",1.0171606543598108
1008,19,12.0,1.85714285714286,"(-10889975.293683654, 3541050.578740198)",1.0171606543598108
1008,20,12.0,1.14285714285714,"(-10889975.293683654, 3541050.578740198)",1.0171606543598108
1008,21,12.0,1.0,"(-10889975.293683654, 3541050.578740198)",1.0171606543598108
1008,22,12.0,2.0,"(-10889975.293683654, 3541050.578740198)",1.0171606543598108
1008,23,12.0,3.42857142857143,"(-10889975.293683654, 3541050.578740198)",1.0171606543598108
1009,0,8.0,1.42857142857143,"(-10890100.528110797, 3540857.1990455533)",1.0171606543598108
1009,1,8.0,1.0,"(-10890100.528110797, 3540857.1990455533)",1.0171606543598108
1009,2,8.0,0.714285714285714,"(-10890100.528110797, 3540857.1990455533)",1.0171606543598108
1009,3,8.0,0.571428571428571,"(-10890100.528110797, 3540857.1990455533)",1.0171606543598108
1009,4,8.0,1.28571428571429,"(-10890100.528110797, 3540857.1990455533)",1.0171606543598108
1009,5,8.0,1.28571428571429,"(-10890100.528110797, 3540857.1990455533)",1.0171606543598108
1009,6,8.0,1.57142857142857,"(-10890100.528110797, 3540857.1990455533)",1.0171606543598108
1009,7,8.0,1.71428571428571,"(-10890100.528110797, 3540857.1990455533)",1.0171606543598108
1009,8,8.0,2.57142857142857,"(-10890100.528110797, 3540857.1990455533)",1.0171606543598108
1009,9,8.0,2.71428571428571,"(-10890100.528110797, 3540857.1990455533)",1.0171606543598108
1009,10,8.0,2.57142857142857,"(-10890100.528110797, 3540857.1990455533)",1.0171606543598108
1009,11,8.0,2.57142857142857,"(-10890100.528110797, 3540857.1990455533)",1.0171606543598108
1009,12,8.0,3.42857142857143,"(-10890100.528110797, 3540857.1990455533)",1.0171606543598108
1009,13,8.0,3.28571428571429,"(-10890100.528110797, 3540857.1990455533)",1.0171606543598108
1009,14,8.0,3.85714285714286,"(-10890100.528110797, 3540857.1990455533)",1.0171606543598108
1009,15,8.0,3.14285714285714,"(-10890100.528110797, 3540857.1990455533)",1.0171606543598108
1009,16,8.0,4.28571428571429,"(-10890100.528110797, 3540857.1990455533)",1.0171606543598108
1009,17,8.0,4.42857142857143,"(-10890100.528110797, 3540857.1990455533)",1.0171606543598108
1009,18,8.0,2.71428571428571,"(-10890100.528110797, 3540857.1990455533)",1.0171606543598108
1009,19,8.0,1.71428571428571,"(-10890100.528110797, 3540857.1990455533)",1.0171606543598108
1009,20,8.0,1.0,"(-10890100.528110797, 3540857.1990455533)",1.0171606543598108
1009,21,8.0,1.28571428571429,"(-10890100.528110797, 3540857.1990455533)",1.0171606543598108
1009,22,8.0,2.42857142857143,"(-10890100.528110797, 3540857.1990455533)",1.0171606543598108
1009,23,8.0,2.42857142857143,"(-10890100.528110797, 3540857.1990455533)",1.0171606543598108
1010,0,2.0,0.142857142857143,"(-10889822.229383813, 3539987.0270112175)",1.0171606543598108
1010,1,2.0,0.142857142857143,"(-10889822.229383813, 3539987.0270112175)",1.0171606543598108
1010,2,2.0,0.142857142857143,"(-10889822.229383813, 3539987.0270112175)",1.0171606543598108
1010,3,2.0,0.142857142857143,"(-10889822.229383813, 3539987.0270112175)",1.0171606543598108
1010,4,2.0,0.0,"(-10889822.229383813, 3539987.0270112175)",1.0171606543598108
1010,5,2.0,0.142857142857143,"(-10889822.229383813, 3539987.0270112175)",1.0171606543598108
1010,6,2.0,0.142857142857143,"(-10889822.229383813, 3539987.0270112175)",1.0171606543598108
1010,7,2.0,0.142857142857143,"(-10889822.229383813, 3539987.0270112175)",1.0171606543598108
1010,8,2.0,0.0,"(-10889822.229383813, 3539987.0270112175)",1.0171606543598108
1010,9,2.0,0.285714285714286,"(-10889822.229383813, 3539987.0270112175)",1.0171606543598108
1010,10,2.0,0.571428571428571,"(-10889822.229383813, 3539987.0270112175)",1.0171606543598108
1010,11,2.0,0.428571428571429,"(-10889822.229383813, 3539987.0270112175)",1.0171606543598108
1010,12,2.0,0.142857142857143,"(-10889822.229383813, 3539987.0270112175)",1.0171606543598108
1010,13,2.0,0.142857142857143,"(-10889822.229383813, 3539987.0270112175)",1.0171606543598108
1010,14,2.0,0.571428571428571,"(-10889822.229383813, 3539987.0270112175)",1.0171606543598108
1010,15,2.0,0.428571428571429,"(-10889822.229383813, 3539987.0270112175)",1.0171606543598108
1010,16,2.0,0.571428571428571,"(-10889822.229383813, 3539987.0270112175)",1.0171606543598108
1010,17,2.0,0.714285714285714,"(-10889822.229383813, 3539987.0270112175)",1.0171606543598108
1010,18,2.0,0.714285714285714,"(-10889822.229383813, 3539987.0270112175)",1.0171606543598108
1010,19,2.0,0.714285714285714,"(-10889822.229383813, 3539987.0270112175)",1.0171606543598108
1010,20,2.0,0.428571428571429,"(-10889822.229383813, 3539987.0270112175)",1.0171606543598108
1010,21,2.0,0.285714285714286,"(-10889822.229383813, 3539987.0270112175)",1.0171606543598108
1010,22,2.0,0.428571428571429,"(-10889822.229383813, 3539987.0270112175)",1.0171606543598108
1010,23,2.0,0.571428571428571,"(-10889822.229383813, 3539987.0270112175)",1.0171606543598108
1011,0,2.0,0.428571428571429,"(-10890323.167092381, 3540583.249540159)",1.0171606543598108
1011,1,2.0,0.142857142857143,"(-10890323.167092381, 3540583.249540159)",1.0171606543598108
1011,2,2.0,0.142857142857143,"(-10890323.167092381, 3540583.249540159)",1.0171606543598108
1011,3,2.0,0.285714285714286,"(-10890323.167092381, 3540583.249540159)",1.0171606543598108
1011,4,2.0,0.285714285714286,"(-10890323.167092381, 3540583.249540159)",1.0171606543598108
1011,5,2.0,0.142857142857143,"(-10890323.167092381, 3540583.249540159)",1.0171606543598108
1011,6,2.0,0.285714285714286,"(-10890323.167092381, 3540583.249540159)",1.0171606543598108
1011,7,2.0,0.285714285714286,"(-10890323.167092381, 3540583.249540159)",1.0171606543598108
1011,8,2.0,0.285714285714286,"(-10890323.167092381, 3540583.249540159)",1.0171606543598108
1011,9,2.0,0.571428571428571,"(-10890323.167092381, 3540583.249540159)",1.0171606543598108
1011,10,2.0,0.571428571428571,"(-10890323.167092381, 3540583.249540159)",1.0171606543598108
1011,11,2.0,0.571428571428571,"(-10890323.167092381, 3540583.249540159)",1.0171606543598108
1011,12,2.0,0.857142857142857,"(-10890323.167092381, 3540583.249540159)",1.0171606543598108
1011,13,2.0,0.571428571428571,"(-10890323.167092381, 3540583.249540159)",1.0171606543598108
1011,14,2.0,0.571428571428571,"(-10890323.167092381, 3540583.249540159)",1.0171606543598108
1011,15,2.0,0.714285714285714,"(-10890323.167092381, 3540583.249540159)",1.0171606543598108
1011,16,2.0,1.0,"(-10890323.167092381, 3540583.249540159)",1.0171606543598108
1011,17,2.0,0.714285714285714,"(-10890323.167092381, 3540583.249540159)",1.0171606543598108
1011,18,2.0,0.857142857142857,"(-10890323.167092381, 3540583.249540159)",1.0171606543598108
1011,19,2.0,0.857142857142857,"(-10890323.167092381, 3540583.249540159)",1.0171606543598108
1011,20,2.0,0.857142857142857,"(-10890323.167092381, 3540583.249540159)",1.0171606543598108
1011,21,2.0,0.142857142857143,"(-10890323.167092381, 3540583.249540159)",1.0171606543598108
1011,22,2.0,0.285714285714286,"(-10890323.167092381, 3540583.249540159)",1.0171606543598108
1011,23,2.0,0.428571428571429,"(-10890323.167092381, 3540583.249540159)",1.0171606543598108
1012,0,2.0,0.142857142857143,"(-10889641.335211273, 3539632.529641961)",1.0171606543598108
1012,1,2.0,0.142857142857143,"(-10889641.335211273, 3539632.529641961)",1.0171606543598108
1012,2,2.0,0.285714285714286,"(-10889641.335211273, 3539632.529641961)",1.0171606543598108
1012,3,2.0,0.142857142857143,"(-10889641.335211273, 3539632.529641961)",1.0171606543598108
1012,4,2.0,0.142857142857143,"(-10889641.335211273, 3539632.529641961)",1.0171606543598108
1012,5,2.0,0.142857142857143,"(-10889641.335211273, 3539632.529641961)",1.0171606543598108
1012,6,2.0,0.142857142857143,"(-10889641.335211273, 3539632.529641961)",1.0171606543598108
1012,7,2.0,0.285714285714286,"(-10889641.335211273, 3539632.529641961)",1.0171606543598108
1012,8,2.0,0.285714285714286,"(-10889641.335211273, 3539632.529641961)",1.0171606543598108
1012,9,2.0,0.0,"(-10889641.335211273, 3539632.529641961)",1.0171606543598108
1012,10,2.0,0.142857142857143,"(-10889641.335211273, 3539632.529641961)",1.0171606543598108
1012,11,2.0,0.142857142857143,"(-10889641.335211273, 3539632.529641961)",1.0171606543598108
1012,12,2.0,0.142857142857143,"(-10889641.335211273, 3539632.529641961)",1.0171606543598108
1012,13,2.0,0.142857142857143,"(-10889641.335211273, 3539632.529641961)",1.0171606543598108
1012,14,2.0,0.0,"(-10889641.335211273, 3539632.529641961)",1.0171606543598108
1012,15,2.0,0.142857142857143,"(-10889641.335211273, 3539632.529641961)",1.0171606543598108
1012,16,2.0,0.142857142857143,"(-10889641.335211273, 3539632.529641961)",1.0171606543598108
1012,17,2.0,0.714285714285714,"(-10889641.335211273, 3539632.529641961)",1.0171606543598108
1012,18,2.0,0.857142857142857,"(-10889641.335211273, 3539632.529641961)",1.0171606543598108
1012,19,2.0,0.571428571428571,"(-10889641.335211273, 3539632.529641961)",1.0171606543598108
1012,20,2.0,0.428571428571429,"(-10889641.335211273, 3539632.529641961)",1.0171606543598108
1012,21,2.0,0.428571428571429,"(-10889641.335211273, 3539632.529641961)",1.0171606543598108
1012,22,2.0,0.571428571428571,"(-10889641.335211273, 3539632.529641961)",1.0171606543598108
1012,23,2.0,0.428571428571429,"(-10889641.335211273, 3539632.529641961)",1.0171606543598108
1013,0,12.0,1.85714285714286,"(-10889460.441038735, 3532641.292693544)",1.0233727677681235
1013,1,12.0,2.14285714285714,"(-10889460.441038735, 3532641.292693544)",1.0233727677681235
1013,2,12.0,1.28571428571429,"(-10889460.441038735, 3532641.292693544)",1.0233727677681235
1013,3,12.0,1.57142857142857,"(-10889460.441038735, 3532641.292693544)",1.0233727677681235
1013,4,12.0,3.0,"(-10889460.441038735, 3532641.292693544)",1.0233727677681235
1013,5,12.0,3.14285714285714,"(-10889460.441038735, 3532641.292693544)",1.0233727677681235
1013,6,12.0,2.28571428571429,"(-10889460.441038735, 3532641.292693544)",1.0233727677681235
1013,7,12.0,2.42857142857143,"(-10889460.441038735, 3532641.292693544)",1.0233727677681235
1013,8,12.0,3.42857142857143,"(-10889460.441038735, 3532641.292693544)",1.0233727677681235
1013,9,12.0,3.28571428571429,"(-10889460.441038735, 3532641.292693544)",1.0233727677681235
1013,10,12.0,2.57142857142857,"(-10889460.441038735, 3532641.292693544)",1.0233727677681235
1013,11,12.0,4.0,"(-10889460.441038735, 3532641.292693544)",1.0233727677681235
1013,12,12.0,4.14285714285714,"(-10889460.441038735, 3532641.292693544)",1.0233727677681235
1013,13,12.0,4.85714285714286,"(-10889460.441038735, 3532641.292693544)",1.0233727677681235
1013,14,12.0,3.57142857142857,"(-10889460.441038735, 3532641.292693544)",1.0233727677681235
1013,15,12.0,3.14285714285714,"(-10889460.441038735, 3532641.292693544)",1.0233727677681235
1013,16,12.0,3.57142857142857,"(-10889460.441038735, 3532641.292693544)",1.0233727677681235
1013,17,12.0,4.57142857142857,"(-10889460.441038735, 3532641.292693544)",1.0233727677681235
1013,18,12.0,3.57142857142857,"(-10889460.441038735, 3532641.292693544)",1.0233727677681235
1013,19,12.0,3.28571428571429,"(-10889460.441038735, 3532641.292693544)",1.0233727677681235
1013,20,12.0,3.28571428571429,"(-10889460.441038735, 3532641.292693544)",1.0233727677681235
1013,21,12.0,5.57142857142857,"(-10889460.441038735, 3532641.292693544)",1.0233727677681235
1013,22,12.0,4.42857142857143,"(-10889460.441038735, 3532641.292693544)",1.0233727677681235
1013,23,12.0,3.85714285714286,"(-10889460.441038735, 3532641.292693544)",1.0233727677681235
1014,0,2.0,0.142857142857143,"(-10888945.588393817, 3539036.3519243556)",1.0171606543598108
1014,1,2.0,0.142857142857143,"(-10888945.588393817, 3539036.3519243556)",1.0171606543598108
1014,2,2.0,0.0,"(-10888945.588393817, 3539036.3519243556)",1.0171606543598108
1014,3,2.0,0.142857142857143,"(-10888945.588393817, 3539036.3519243556)",1.0171606543598108
1014,4,2.0,0.285714285714286,"(-10888945.588393817, 3539036.3519243556)",1.0171606543598108
1014,5,2.0,0.428571428571429,"(-10888945.588393817, 3539036.3519243556)",1.0171606543598108
1014,6,2.0,0.857142857142857,"(-10888945.588393817, 3539036.3519243556)",1.0171606543598108
1014,7,2.0,0.714285714285714,"(-10888945.588393817, 3539036.3519243556)",1.0171606543598108
1014,8,2.0,0.428571428571429,"(-10888945.588393817, 3539036.3519243556)",1.0171606543598108
1014,9,2.0,0.142857142857143,"(-10888945.588393817, 3539036.3519243556)",1.0171606543598108
1014,10,2.0,0.142857142857143,"(-10888945.588393817, 3539036.3519243556)",1.0171606543598108
1014,11,2.0,0.571428571428571,"(-10888945.588393817, 3539036.3519243556)",1.0171606543598108
1014,12,2.0,0.428571428571429,"(-10888945.588393817, 3539036.3519243556)",1.0171606543598108
1014,13,2.0,0.285714285714286,"(-10888945.588393817, 3539036.3519243556)",1.0171606543598108
1014,14,2.0,0.0,"(-10888945.588393817, 3539036.3519243556)",1.0171606543598108
1014,15,2.0,0.142857142857143,"(-10888945.588393817, 3539036.3519243556)",1.0171606543598108
1014,16,2.0,0.428571428571429,"(-10888945.588393817, 3539036.3519243556)",1.0171606543598108
1014,17,2.0,0.714285714285714,"(-10888945.588393817, 3539036.3519243556)",1.0171606543598108
1014,18,2.0,0.714285714285714,"(-10888945.588393817, 3539036.3519243556)",1.0171606543598108
1014,19,2.0,0.428571428571429,"(-10888945.588393817, 3539036.3519243556)",1.0171606543598108
1014,20,2.0,0.142857142857143,"(-10888945.588393817, 3539036.3519243556)",1.0171606543598108
1014,21,2.0,0.142857142857143,"(-10888945.588393817, 3539036.3519243556)",1.0171606543598108
1014,22,2.0,0.428571428571429,"(-10888945.588393817, 3539036.3519243556)",1.0171606543598108
1014,23,2.0,0.0,"(-10888945.588393817, 3539036.3519243556)",1.0171606543598108
1015,0,16.0,6.0,"(-10881932.46047384, 3537892.4138957523)",1.0244001332610029
1015,1,16.0,7.14285714285714,"(-10881932.46047384, 3537892.4138957523)",1.0244001332610029
1015,2,16.0,6.57142857142857,"(-10881932.46047384, 3537892.4138957523)",1.0244001332610029
1015,3,16.0,6.14285714285714,"(-10881932.46047384, 3537892.4138957523)",1.0244001332610029
1015,4,16.0,3.85714285714286,"(-10881932.46047384, 3537892.4138957523)",1.0244001332610029
1015,5,16.0,2.28571428571429,"(-10881932.46047384, 3537892.4138957523)",1.0244001332610029
1015,6,16.0,2.57142857142857,"(-10881932.46047384, 3537892.4138957523)",1.0244001332610029
1015,7,16.0,4.0,"(-10881932.46047384, 3537892.4138957523)",1.0244001332610029
1015,8,16.0,5.14285714285714,"(-10881932.46047384, 3537892.4138957523)",1.0244001332610029
1015,9,16.0,4.71428571428571,"(-10881932.46047384, 3537892.4138957523)",1.0244001332610029
1015,10,16.0,4.0,"(-10881932.46047384, 3537892.4138957523)",1.0244001332610029
1015,11,16.0,3.0,"(-10881932.46047384, 3537892.4138957523)",1.0244001332610029
1015,12,16.0,3.14285714285714,"(-10881932.46047384, 3537892.4138957523)",1.0244001332610029
1015,13,16.0,3.0,"(-10881932.46047384, 3537892.4138957523)",1.0244001332610029
1015,14,16.0,3.57142857142857,"(-10881932.46047384, 3537892.4138957523)",1.0244001332610029
1015,15,16.0,2.85714285714286,"(-10881932.46047384, 3537892.4138957523)",1.0244001332610029
1015,16,16.0,3.57142857142857,"(-10881932.46047384, 3537892.4138957523)",1.0244001332610029
1015,17,16.0,4.85714285714286,"(-10881932.46047384, 3537892.4138957523)",1.0244001332610029
1015,18,16.0,5.0,"(-10881932.46047384, 3537892.4138957523)",1.0244001332610029
1015,19,16.0,5.14285714285714,"(-10881932.46047384, 3537892.4138957523)",1.0244001332610029
1015,20,16.0,3.85714285714286,"(-10881932.46047384, 3537892.4138957523)",1.0244001332610029
1015,21,16.0,3.85714285714286,"(-10881932.46047384, 3537892.4138957523)",1.0244001332610029
1015,22,16.0,4.14285714285714,"(-10881932.46047384, 3537892.4138957523)",1.0244001332610029
1015,23,16.0,6.57142857142857,"(-10881932.46047384, 3537892.4138957523)",1.0244001332610029
1016,0,8.0,1.57142857142857,"(-10889488.270911435, 3532641.292693544)",1.0233727677681235
1016,1,8.0,2.0,"(-10889488.270911435, 3532641.292693544)",1.0233727677681235
1016,2,8.0,2.14285714285714,"(-10889488.270911435, 3532641.292693544)",1.0233727677681235
1016,3,8.0,2.0,"(-10889488.270911435, 3532641.292693544)",1.0233727677681235
1016,4,8.0,2.42857142857143,"(-10889488.270911435, 3532641.292693544)",1.0233727677681235
1016,5,8.0,2.0,"(-10889488.270911435, 3532641.292693544)",1.0233727677681235
1016,6,8.0,2.57142857142857,"(-10889488.270911435, 3532641.292693544)",1.0233727677681235
1016,7,8.0,2.0,"(-10889488.270911435, 3532641.292693544)",1.0233727677681235
1016,8,8.0,2.42857142857143,"(-10889488.270911435, 3532641.292693544)",1.0233727677681235
1016,9,8.0,3.14285714285714,"(-10889488.270911435, 3532641.292693544)",1.0233727677681235
1016,10,8.0,3.14285714285714,"(-10889488.270911435, 3532641.292693544)",1.0233727677681235
1016,11,8.0,3.57142857142857,"(-10889488.270911435, 3532641.292693544)",1.0233727677681235
1016,12,8.0,2.42857142857143,"(-10889488.270911435, 3532641.292693544)",1.0233727677681235
1016,13,8.0,2.0,"(-10889488.270911435, 3532641.292693544)",1.0233727677681235
1016,14,8.0,1.85714285714286,"(-10889488.270911435, 3532641.292693544)",1.0233727677681235
1016,15,8.0,2.14285714285714,"(-10889488.270911435, 3532641.292693544)",1.0233727677681235
1016,16,8.0,2.28571428571429,"(-10889488.270911435, 3532641.292693544)",1.0233727677681235
1016,17,8.0,2.57142857142857,"(-10889488.270911435, 3532641.292693544)",1.0233727677681235
1016,18,8.0,2.42857142857143,"(-10889488.270911435, 3532641.292693544)",1.0233727677681235
1016,19,8.0,2.57142857142857,"(-10889488.270911435, 3532641.292693544)",1.0233727677681235
1016,20,8.0,1.71428571428571,"(-10889488.270911435, 3532641.292693544)",1.0233727677681235
1016,21,8.0,1.57142857142857,"(-10889488.270911435, 3532641.292693544)",1.0233727677681235
1016,22,8.0,1.57142857142857,"(-10889488.270911435, 3532641.292693544)",1.0233727677681235
1016,23,8.0,2.42857142857143,"(-10889488.270911435, 3532641.292693544)",1.0233727677681235
1017,0,12.0,1.42857142857143,"(-10886260.005678426, 3533575.382029491)",1.0233727677681235
1017,1,12.0,2.57142857142857,"(-10886260.005678426, 3533575.382029491)",1.0233727677681235
1017,2,12.0,3.28571428571429,"(-10886260.005678426, 3533575.382029491)",1.0233727677681235
1017,3,12.0,3.42857142857143,"(-10886260.005678426, 3533575.382029491)",1.0233727677681235
1017,4,12.0,3.71428571428571,"(-10886260.005678426, 3533575.382029491)",1.0233727677681235
1017,5,12.0,3.57142857142857,"(-10886260.005678426, 3533575.382029491)",1.0233727677681235
1017,6,12.0,3.14285714285714,"(-10886260.005678426, 3533575.382029491)",1.0233727677681235
1017,7,12.0,3.14285714285714,"(-10886260.005678426, 3533575.382029491)",1.0233727677681235
1017,8,12.0,3.14285714285714,"(-10886260.005678426, 3533575.382029491)",1.0233727677681235
1017,9,12.0,2.14285714285714,"(-10886260.005678426, 3533575.382029491)",1.0233727677681235
1017,10,12.0,1.57142857142857,"(-10886260.005678426, 3533575.382029491)",1.0233727677681235
1017,11,12.0,1.57142857142857,"(-10886260.005678426, 3533575.382029491)",1.0233727677681235
1017,12,12.0,1.71428571428571,"(-10886260.005678426, 3533575.382029491)",1.0233727677681235
1017,13,12.0,3.28571428571429,"(-10886260.005678426, 3533575.382029491)",1.0233727677681235
1017,14,12.0,3.14285714285714,"(-10886260.005678426, 3533575.382029491)",1.0233727677681235
1017,15,12.0,3.28571428571429,"(-10886260.005678426, 3533575.382029491)",1.0233727677681235
1017,16,12.0,3.28571428571429,"(-10886260.005678426, 3533575.382029491)",1.0233727677681235
1017,17,12.0,4.0,"(-10886260.005678426, 3533575.382029491)",1.0233727677681235
1017,18,12.0,4.57142857142857,"(-10886260.005678426, 3533575.382029491)",1.0233727677681235
1017,19,12.0,5.28571428571429,"(-10886260.005678426, 3533575.382029491)",1.0233727677681235
1017,20,12.0,5.71428571428571,"(-10886260.005678426, 3533575.382029491)",1.0233727677681235
1017,21,12.0,4.14285714285714,"(-10886260.005678426, 3533575.382029491)",1.0233727677681235
1017,22,12.0,2.57142857142857,"(-10886260.005678426, 3533575.382029491)",1.0233727677681235
1017,23,12.0,1.28571428571429,"(-10886260.005678426, 3533575.382029491)",1.0233727677681235
1018,0,4.0,0.571428571428571,"(-10887554.0947589, 3535218.25797381)",1.0233727677681235
1018,1,4.0,0.571428571428571,"(-10887554.0947589, 3535218.25797381)",1.0233727677681235
1018,2,4.0,0.714285714285714,"(-10887554.0947589, 3535218.25797381)",1.0233727677681235
1018,3,4.0,0.857142857142857,"(-10887554.0947589, 3535218.25797381)",1.0233727677681235
1018,4,4.0,1.28571428571429,"(-10887554.0947589, 3535218.25797381)",1.0233727677681235
1018,5,4.0,1.28571428571429,"(-10887554.0947589, 3535218.25797381)",1.0233727677681235
1018,6,4.0,1.28571428571429,"(-10887554.0947589, 3535218.25797381)",1.0233727677681235
1018,7,4.0,1.57142857142857,"(-10887554.0947589, 3535218.25797381)",1.0233727677681235
1018,8,4.0,1.42857142857143,"(-10887554.0947589, 3535218.25797381)",1.0233727677681235
1018,9,4.0,1.85714285714286,"(-10887554.0947589, 3535218.25797381)",1.0233727677681235
1018,10,4.0,1.71428571428571,"(-10887554.0947589, 3535218.25797381)",1.0233727677681235
1018,11,4.0,1.71428571428571,"(-10887554.0947589, 3535218.25797381)",1.0233727677681235
1018,12,4.0,1.0,"(-10887554.0947589, 3535218.25797381)",1.0233727677681235
1018,13,4.0,0.571428571428571,"(-10887554.0947589, 3535218.25797381)",1.0233727677681235
1018,14,4.0,0.857142857142857,"(-10887554.0947589, 3535218.25797381)",1.0233727677681235
1018,15,4.0,0.857142857142857,"(-10887554.0947589, 3535218.25797381)",1.0233727677681235
1018,16,4.0,1.28571428571429,"(-10887554.0947589, 3535218.25797381)",1.0233727677681235
1018,17,4.0,1.42857142857143,"(-10887554.0947589, 3535218.25797381)",1.0233727677681235
1018,18,4.0,1.14285714285714,"(-10887554.0947589, 3535218.25797381)",1.0233727677681235
1018,19,4.0,0.714285714285714,"(-10887554.0947589, 3535218.25797381)",1.0233727677681235
1018,20,4.0,0.571428571428571,"(-10887554.0947589, 3535218.25797381)",1.0233727677681235
1018,21,4.0,0.571428571428571,"(-10887554.0947589, 3535218.25797381)",1.0233727677681235
1018,22,4.0,0.428571428571429,"(-10887554.0947589, 3535218.25797381)",1.0233727677681235
1018,23,4.0,0.428571428571429,"(-10887554.0947589, 3535218.25797381)",1.0233727677681235
1019,0,4.0,0.285714285714286,"(-10884256.254844148, 3537860.19178691)",1.0244001332610029
1019,1,4.0,0.428571428571429,"(-10884256.254844148, 3537860.19178691)",1.0244001332610029
1019,2,4.0,0.571428571428571,"(-10884256.254844148, 3537860.19178691)",1.0244001332610029
1019,3,4.0,0.285714285714286,"(-10884256.254844148, 3537860.19178691)",1.0244001332610029
1019,4,4.0,1.28571428571429,"(-10884256.254844148, 3537860.19178691)",1.0244001332610029
1019,5,4.0,0.857142857142857,"(-10884256.254844148, 3537860.19178691)",1.0244001332610029
1019,6,4.0,0.714285714285714,"(-10884256.254844148, 3537860.19178691)",1.0244001332610029
1019,7,4.0,0.285714285714286,"(-10884256.254844148, 3537860.19178691)",1.0244001332610029
1019,8,4.0,0.428571428571429,"(-10884256.254844148, 3537860.19178691)",1.0244001332610029
1019,9,4.0,0.714285714285714,"(-10884256.254844148, 3537860.19178691)",1.0244001332610029
1019,10,4.0,1.14285714285714,"(-10884256.254844148, 3537860.19178691)",1.0244001332610029
1019,11,4.0,1.57142857142857,"(-10884256.254844148, 3537860.19178691)",1.0244001332610029
1019,12,4.0,1.14285714285714,"(-10884256.254844148, 3537860.19178691)",1.0244001332610029
1019,13,4.0,0.571428571428571,"(-10884256.254844148, 3537860.19178691)",1.0244001332610029
1019,14,4.0,0.285714285714286,"(-10884256.254844148, 3537860.19178691)",1.0244001332610029
1019,15,4.0,0.857142857142857,"(-10884256.254844148, 3537860.19178691)",1.0244001332610029
1019,16,4.0,1.57142857142857,"(-10884256.254844148, 3537860.19178691)",1.0244001332610029
1019,17,4.0,1.28571428571429,"(-10884256.254844148, 3537860.19178691)",1.0244001332610029
1019,18,4.0,0.857142857142857,"(-10884256.254844148, 3537860.19178691)",1.0244001332610029
1019,19,4.0,0.714285714285714,"(-10884256.254844148, 3537860.19178691)",1.0244001332610029
1019,20,4.0,1.28571428571429,"(-10884256.254844148, 3537860.19178691)",1.0244001332610029
1019,21,4.0,1.0,"(-10884256.254844148, 3537860.19178691)",1.0244001332610029
1019,22,4.0,0.571428571428571,"(-10884256.254844148, 3537860.19178691)",1.0244001332610029
1019,23,4.0,0.142857142857143,"(-10884256.254844148, 3537860.19178691)",1.0244001332610029
1020,0,2.0,0.142857142857143,"(-10883908.38143542, 3537586.307174303)",1.0244001332610029
1020,1,2.0,0.0,"(-10883908.38143542, 3537586.307174303)",1.0244001332610029
1020,2,2.0,0.0,"(-10883908.38143542, 3537586.307174303)",1.0244001332610029
1020,3,2.0,0.142857142857143,"(-10883908.38143542, 3537586.307174303)",1.0244001332610029
1020,4,2.0,0.0,"(-10883908.38143542, 3537586.307174303)",1.0244001332610029
1020,5,2.0,0.142857142857143,"(-10883908.38143542, 3537586.307174303)",1.0244001332610029
1020,6,2.0,0.142857142857143,"(-10883908.38143542, 3537586.307174303)",1.0244001332610029
1020,7,2.0,0.142857142857143,"(-10883908.38143542, 3537586.307174303)",1.0244001332610029
1020,8,2.0,0.285714285714286,"(-10883908.38143542, 3537586.307174303)",1.0244001332610029
1020,9,2.0,0.428571428571429,"(-10883908.38143542, 3537586.307174303)",1.0244001332610029
1020,10,2.0,0.0,"(-10883908.38143542, 3537586.307174303)",1.0244001332610029
1020,11,2.0,0.142857142857143,"(-10883908.38143542, 3537586.307174303)",1.0244001332610029
1020,12,2.0,0.0,"(-10883908.38143542, 3537586.307174303)",1.0244001332610029
1020,13,2.0,0.0,"(-10883908.38143542, 3537586.307174303)",1.0244001332610029
1020,14,2.0,0.285714285714286,"(-10883908.38143542, 3537586.307174303)",1.0244001332610029
1020,15,2.0,0.142857142857143,"(-10883908.38143542, 3537586.307174303)",1.0244001332610029
1020,16,2.0,0.142857142857143,"(-10883908.38143542, 3537586.307174303)",1.0244001332610029
1020,17,2.0,0.142857142857143,"(-10883908.38143542, 3537586.307174303)",1.0244001332610029
1020,18,2.0,0.142857142857143,"(-10883908.38143542, 3537586.307174303)",1.0244001332610029
1020,19,2.0,0.142857142857143,"(-10883908.38143542, 3537586.307174303)",1.0244001332610029
1020,20,2.0,0.142857142857143,"(-10883908.38143542, 3537586.307174303)",1.0244001332610029
1020,21,2.0,0.428571428571429,"(-10883908.38143542, 3537586.307174303)",1.0244001332610029
1020,22,2.0,0.428571428571429,"(-10883908.38143542, 3537586.307174303)",1.0244001332610029
1020,23,2.0,0.571428571428571,"(-10883908.38143542, 3537586.307174303)",1.0244001332610029
1021,0,2.0,0.285714285714286,"(-10890184.017728891, 3542710.54277485)",1.0171606543598108
1021,1,2.0,0.142857142857143,"(-10890184.017728891, 3542710.54277485)",1.0171606543598108
1021,2,2.0,0.142857142857143,"(-10890184.017728891, 3542710.54277485)",1.0171606543598108
1021,3,2.0,0.142857142857143,"(-10890184.017728891, 3542710.54277485)",1.0171606543598108
1021,4,2.0,0.142857142857143,"(-10890184.017728891, 3542710.54277485)",1.0171606543598108
1021,5,2.0,0.0,"(-10890184.017728891, 3542710.54277485)",1.0171606543598108
1021,6,2.0,0.142857142857143,"(-10890184.017728891, 3542710.54277485)",1.0171606543598108
1021,7,2.0,0.142857142857143,"(-10890184.017728891, 3542710.54277485)",1.0171606543598108
1021,8,2.0,0.142857142857143,"(-10890184.017728891, 3542710.54277485)",1.0171606543598108
1021,9,2.0,0.428571428571429,"(-10890184.017728891, 3542710.54277485)",1.0171606543598108
1021,10,2.0,0.142857142857143,"(-10890184.017728891, 3542710.54277485)",1.0171606543598108
1021,11,2.0,0.142857142857143,"(-10890184.017728891, 3542710.54277485)",1.0171606543598108
1021,12,2.0,0.142857142857143,"(-10890184.017728891, 3542710.54277485)",1.0171606543598108
1021,13,2.0,0.142857142857143,"(-10890184.017728891, 3542710.54277485)",1.0171606543598108
1021,14,2.0,0.428571428571429,"(-10890184.017728891, 3542710.54277485)",1.0171606543598108
1021,15,2.0,0.428571428571429,"(-10890184.017728891, 3542710.54277485)",1.0171606543598108
1021,16,2.0,0.571428571428571,"(-10890184.017728891, 3542710.54277485)",1.0171606543598108
1021,17,2.0,0.571428571428571,"(-10890184.017728891, 3542710.54277485)",1.0171606543598108
1021,18,2.0,0.428571428571429,"(-10890184.017728891, 3542710.54277485)",1.0171606543598108
1021,19,2.0,0.428571428571429,"(-10890184.017728891, 3542710.54277485)",1.0171606543598108
1021,20,2.0,0.285714285714286,"(-10890184.017728891, 3542710.54277485)",1.0171606543598108
1021,21,2.0,0.142857142857143,"(-10890184.017728891, 3542710.54277485)",1.0171606543598108
1021,22,2.0,0.285714285714286,"(-10890184.017728891, 3542710.54277485)",1.0171606543598108
1021,23,2.0,0.428571428571429,"(-10890184.017728891, 3542710.54277485)",1.0171606543598108
1022,0,4.0,0.857142857142857,"(-10893593.177134436, 3535411.5515096486)",1.0086057440826435
1022,1,4.0,0.857142857142857,"(-10893593.177134436, 3535411.5515096486)",1.0086057440826435
1022,2,4.0,1.0,"(-10893593.177134436, 3535411.5515096486)",1.0086057440826435
1022,3,4.0,0.428571428571429,"(-10893593.177134436, 3535411.5515096486)",1.0086057440826435
1022,4,4.0,0.571428571428571,"(-10893593.177134436, 3535411.5515096486)",1.0086057440826435
1022,5,4.0,0.714285714285714,"(-10893593.177134436, 3535411.5515096486)",1.0086057440826435
1022,6,4.0,0.857142857142857,"(-10893593.177134436, 3535411.5515096486)",1.0086057440826435
1022,7,4.0,1.0,"(-10893593.177134436, 3535411.5515096486)",1.0086057440826435
1022,8,4.0,1.28571428571429,"(-10893593.177134436, 3535411.5515096486)",1.0086057440826435
1022,9,4.0,1.0,"(-10893593.177134436, 3535411.5515096486)",1.0086057440826435
1022,10,4.0,0.571428571428571,"(-10893593.177134436, 3535411.5515096486)",1.0086057440826435
1022,11,4.0,0.428571428571429,"(-10893593.177134436, 3535411.5515096486)",1.0086057440826435
1022,12,4.0,0.142857142857143,"(-10893593.177134436, 3535411.5515096486)",1.0086057440826435
1022,13,4.0,0.571428571428571,"(-10893593.177134436, 3535411.5515096486)",1.0086057440826435
1022,14,4.0,0.571428571428571,"(-10893593.177134436, 3535411.5515096486)",1.0086057440826435
1022,15,4.0,0.571428571428571,"(-10893593.177134436, 3535411.5515096486)",1.0086057440826435
1022,16,4.0,0.571428571428571,"(-10893593.177134436, 3535411.5515096486)",1.0086057440826435
1022,17,4.0,0.857142857142857,"(-10893593.177134436, 3535411.5515096486)",1.0086057440826435
1022,18,4.0,0.714285714285714,"(-10893593.177134436, 3535411.5515096486)",1.0086057440826435
1022,19,4.0,0.857142857142857,"(-10893593.177134436, 3535411.5515096486)",1.0086057440826435
1022,20,4.0,0.571428571428571,"(-10893593.177134436, 3535411.5515096486)",1.0086057440826435
1022,21,4.0,0.714285714285714,"(-10893593.177134436, 3535411.5515096486)",1.0086057440826435
1022,22,4.0,0.857142857142857,"(-10893593.177134436, 3535411.5515096486)",1.0086057440826435
1022,23,4.0,1.42857142857143,"(-10893593.177134436, 3535411.5515096486)",1.0086057440826435
1023,0,2.0,0.142857142857143,"(-10893829.73105237, 3535492.091353822)",1.0086057440826435
1023,1,2.0,0.0,"(-10893829.73105237, 3535492.091353822)",1.0086057440826435
1023,2,2.0,0.285714285714286,"(-10893829.73105237, 3535492.091353822)",1.0086057440826435
1023,3,2.0,0.571428571428571,"(-10893829.73105237, 3535492.091353822)",1.0086057440826435
1023,4,2.0,0.857142857142857,"(-10893829.73105237, 3535492.091353822)",1.0086057440826435
1023,5,2.0,0.857142857142857,"(-10893829.73105237, 3535492.091353822)",1.0086057440826435
1023,6,2.0,0.571428571428571,"(-10893829.73105237, 3535492.091353822)",1.0086057440826435
1023,7,2.0,0.714285714285714,"(-10893829.73105237, 3535492.091353822)",1.0086057440826435
1023,8,2.0,0.857142857142857,"(-10893829.73105237, 3535492.091353822)",1.0086057440826435
1023,9,2.0,0.714285714285714,"(-10893829.73105237, 3535492.091353822)",1.0086057440826435
1023,10,2.0,0.285714285714286,"(-10893829.73105237, 3535492.091353822)",1.0086057440826435
1023,11,2.0,0.142857142857143,"(-10893829.73105237, 3535492.091353822)",1.0086057440826435
1023,12,2.0,0.428571428571429,"(-10893829.73105237, 3535492.091353822)",1.0086057440826435
1023,13,2.0,0.285714285714286,"(-10893829.73105237, 3535492.091353822)",1.0086057440826435
1023,14,2.0,0.0,"(-10893829.73105237, 3535492.091353822)",1.0086057440826435
1023,15,2.0,0.0,"(-10893829.73105237, 3535492.091353822)",1.0086057440826435
1023,16,2.0,0.0,"(-10893829.73105237, 3535492.091353822)",1.0086057440826435
1023,17,2.0,0.142857142857143,"(-10893829.73105237, 3535492.091353822)",1.0086057440826435
1023,18,2.0,0.142857142857143,"(-10893829.73105237, 3535492.091353822)",1.0086057440826435
1023,19,2.0,0.285714285714286,"(-10893829.73105237, 3535492.091353822)",1.0086057440826435
1023,20,2.0,0.142857142857143,"(-10893829.73105237, 3535492.091353822)",1.0086057440826435
1023,21,2.0,0.142857142857143,"(-10893829.73105237, 3535492.091353822)",1.0086057440826435
1023,22,2.0,0.285714285714286,"(-10893829.73105237, 3535492.091353822)",1.0086057440826435
1023,23,2.0,0.142857142857143,"(-10893829.73105237, 3535492.091353822)",1.0086057440826435
1024,0,2.0,0.285714285714286,"(-10897057.996285375, 3535556.523598031)",1.0086057440826435
1024,1,2.0,0.285714285714286,"(-10897057.996285375, 3535556.523598031)",1.0086057440826435
1024,2,2.0,0.428571428571429,"(-10897057.996285375, 3535556.523598031)",1.0086057440826435
1024,3,2.0,0.142857142857143,"(-10897057.996285375, 3535556.523598031)",1.0086057440826435
1024,4,2.0,0.142857142857143,"(-10897057.996285375, 3535556.523598031)",1.0086057440826435
1024,5,2.0,0.142857142857143,"(-10897057.996285375, 3535556.523598031)",1.0086057440826435
1024,6,2.0,0.428571428571429,"(-10897057.996285375, 3535556.523598031)",1.0086057440826435
1024,7,2.0,0.285714285714286,"(-10897057.996285375, 3535556.523598031)",1.0086057440826435
1024,8,2.0,0.428571428571429,"(-10897057.996285375, 3535556.523598031)",1.0086057440826435
1024,9,2.0,0.285714285714286,"(-10897057.996285375, 3535556.523598031)",1.0086057440826435
1024,10,2.0,0.0,"(-10897057.996285375, 3535556.523598031)",1.0086057440826435
1024,11,2.0,0.0,"(-10897057.996285375, 3535556.523598031)",1.0086057440826435
1024,12,2.0,0.0,"(-10897057.996285375, 3535556.523598031)",1.0086057440826435
1024,13,2.0,0.142857142857143,"(-10897057.996285375, 3535556.523598031)",1.0086057440826435
1024,14,2.0,0.0,"(-10897057.996285375, 3535556.523598031)",1.0086057440826435
1024,15,2.0,0.142857142857143,"(-10897057.996285375, 3535556.523598031)",1.0086057440826435
1024,16,2.0,0.285714285714286,"(-10897057.996285375, 3535556.523598031)",1.0086057440826435
1024,17,2.0,0.0,"(-10897057.996285375, 3535556.523598031)",1.0086057440826435
1024,18,2.0,0.285714285714286,"(-10897057.996285375, 3535556.523598031)",1.0086057440826435
1024,19,2.0,0.0,"(-10897057.996285375, 3535556.523598031)",1.0086057440826435
1024,20,2.0,0.285714285714286,"(-10897057.996285375, 3535556.523598031)",1.0086057440826435
1024,21,2.0,0.142857142857143,"(-10897057.996285375, 3535556.523598031)",1.0086057440826435
1024,22,2.0,0.142857142857143,"(-10897057.996285375, 3535556.523598031)",1.0086057440826435
1024,23,2.0,0.0,"(-10897057.996285375, 3535556.523598031)",1.0086057440826435
1025,0,2.0,0.428571428571429,"(-10897044.081349026, 3533301.590088827)",1.0086057440826435
1025,1,2.0,0.428571428571429,"(-10897044.081349026, 3533301.590088827)",1.0086057440826435
1025,2,2.0,0.142857142857143,"(-10897044.081349026, 3533301.590088827)",1.0086057440826435
1025,3,2.0,0.142857142857143,"(-10897044.081349026, 3533301.590088827)",1.0086057440826435
1025,4,2.0,0.142857142857143,"(-10897044.081349026, 3533301.590088827)",1.0086057440826435
1025,5,2.0,0.285714285714286,"(-10897044.081349026, 3533301.590088827)",1.0086057440826435
1025,6,2.0,0.142857142857143,"(-10897044.081349026, 3533301.590088827)",1.0086057440826435
1025,7,2.0,0.285714285714286,"(-10897044.081349026, 3533301.590088827)",1.0086057440826435
1025,8,2.0,0.142857142857143,"(-10897044.081349026, 3533301.590088827)",1.0086057440826435
1025,9,2.0,0.142857142857143,"(-10897044.081349026, 3533301.590088827)",1.0086057440826435
1025,10,2.0,0.285714285714286,"(-10897044.081349026, 3533301.590088827)",1.0086057440826435
1025,11,2.0,0.142857142857143,"(-10897044.081349026, 3533301.590088827)",1.0086057440826435
1025,12,2.0,0.285714285714286,"(-10897044.081349026, 3533301.590088827)",1.0086057440826435
1025,13,2.0,0.285714285714286,"(-10897044.081349026, 3533301.590088827)",1.0086057440826435
1025,14,2.0,0.285714285714286,"(-10897044.081349026, 3533301.590088827)",1.0086057440826435
1025,15,2.0,0.142857142857143,"(-10897044.081349026, 3533301.590088827)",1.0086057440826435
1025,16,2.0,0.285714285714286,"(-10897044.081349026, 3533301.590088827)",1.0086057440826435
1025,17,2.0,0.428571428571429,"(-10897044.081349026, 3533301.590088827)",1.0086057440826435
1025,18,2.0,0.285714285714286,"(-10897044.081349026, 3533301.590088827)",1.0086057440826435
1025,19,2.0,0.142857142857143,"(-10897044.081349026, 3533301.590088827)",1.0086057440826435
1025,20,2.0,0.285714285714286,"(-10897044.081349026, 3533301.590088827)",1.0086057440826435
1025,21,2.0,0.571428571428571,"(-10897044.081349026, 3533301.590088827)",1.0086057440826435
1025,22,2.0,0.571428571428571,"(-10897044.081349026, 3533301.590088827)",1.0086057440826435
1025,23,2.0,0.571428571428571,"(-10897044.081349026, 3533301.590088827)",1.0086057440826435
1026,0,2.0,0.714285714285714,"(-10892173.85362682, 3535314.904372883)",1.0086057440826435
1026,1,2.0,0.714285714285714,"(-10892173.85362682, 3535314.904372883)",1.0086057440826435
1026,2,2.0,0.857142857142857,"(-10892173.85362682, 3535314.904372883)",1.0086057440826435
1026,3,2.0,0.571428571428571,"(-10892173.85362682, 3535314.904372883)",1.0086057440826435
1026,4,2.0,0.285714285714286,"(-10892173.85362682, 3535314.904372883)",1.0086057440826435
1026,5,2.0,0.285714285714286,"(-10892173.85362682, 3535314.904372883)",1.0086057440826435
1026,6,2.0,0.142857142857143,"(-10892173.85362682, 3535314.904372883)",1.0086057440826435
1026,7,2.0,0.142857142857143,"(-10892173.85362682, 3535314.904372883)",1.0086057440826435
1026,8,2.0,0.285714285714286,"(-10892173.85362682, 3535314.904372883)",1.0086057440826435
1026,9,2.0,0.142857142857143,"(-10892173.85362682, 3535314.904372883)",1.0086057440826435
1026,10,2.0,0.0,"(-10892173.85362682, 3535314.904372883)",1.0086057440826435
1026,11,2.0,0.142857142857143,"(-10892173.85362682, 3535314.904372883)",1.0086057440826435
1026,12,2.0,0.0,"(-10892173.85362682, 3535314.904372883)",1.0086057440826435
1026,13,2.0,0.142857142857143,"(-10892173.85362682, 3535314.904372883)",1.0086057440826435
1026,14,2.0,0.285714285714286,"(-10892173.85362682, 3535314.904372883)",1.0086057440826435
1026,15,2.0,0.142857142857143,"(-10892173.85362682, 3535314.904372883)",1.0086057440826435
1026,16,2.0,0.142857142857143,"(-10892173.85362682, 3535314.904372883)",1.0086057440826435
1026,17,2.0,0.0,"(-10892173.85362682, 3535314.904372883)",1.0086057440826435
1026,18,2.0,0.0,"(-10892173.85362682, 3535314.904372883)",1.0086057440826435
1026,19,2.0,0.0,"(-10892173.85362682, 3535314.904372883)",1.0086057440826435
1026,20,2.0,0.0,"(-10892173.85362682, 3535314.904372883)",1.0086057440826435
1026,21,2.0,0.0,"(-10892173.85362682, 3535314.904372883)",1.0086057440826435
1026,22,2.0,0.142857142857143,"(-10892173.85362682, 3535314.904372883)",1.0086057440826435
1026,23,2.0,0.428571428571429,"(-10892173.85362682, 3535314.904372883)",1.0086057440826435
1027,0,2.0,0.714285714285714,"(-10887247.966159219, 3547998.0951229394)",1.0244350908324547
1027,1,2.0,0.714285714285714,"(-10887247.966159219, 3547998.0951229394)",1.0244350908324547
1027,2,2.0,0.428571428571429,"(-10887247.966159219, 3547998.0951229394)",1.0244350908324547
1027,3,2.0,0.142857142857143,"(-10887247.966159219, 3547998.0951229394)",1.0244350908324547
1027,4,2.0,0.142857142857143,"(-10887247.966159219, 3547998.0951229394)",1.0244350908324547
1027,5,2.0,0.142857142857143,"(-10887247.966159219, 3547998.0951229394)",1.0244350908324547
1027,6,2.0,0.428571428571429,"(-10887247.966159219, 3547998.0951229394)",1.0244350908324547
1027,7,2.0,0.142857142857143,"(-10887247.966159219, 3547998.0951229394)",1.0244350908324547
1027,8,2.0,0.285714285714286,"(-10887247.966159219, 3547998.0951229394)",1.0244350908324547
1027,9,2.0,0.285714285714286,"(-10887247.966159219, 3547998.0951229394)",1.0244350908324547
1027,10,2.0,0.428571428571429,"(-10887247.966159219, 3547998.0951229394)",1.0244350908324547
1027,11,2.0,0.428571428571429,"(-10887247.966159219, 3547998.0951229394)",1.0244350908324547
1027,12,2.0,0.571428571428571,"(-10887247.966159219, 3547998.0951229394)",1.0244350908324547
1027,13,2.0,0.285714285714286,"(-10887247.966159219, 3547998.0951229394)",1.0244350908324547
1027,14,2.0,0.142857142857143,"(-10887247.966159219, 3547998.0951229394)",1.0244350908324547
1027,15,2.0,0.285714285714286,"(-10887247.966159219, 3547998.0951229394)",1.0244350908324547
1027,16,2.0,0.285714285714286,"(-10887247.966159219, 3547998.0951229394)",1.0244350908324547
1027,17,2.0,0.428571428571429,"(-10887247.966159219, 3547998.0951229394)",1.0244350908324547
1027,18,2.0,0.571428571428571,"(-10887247.966159219, 3547998.0951229394)",1.0244350908324547
1027,19,2.0,0.285714285714286,"(-10887247.966159219, 3547998.0951229394)",1.0244350908324547
1027,20,2.0,0.285714285714286,"(-10887247.966159219, 3547998.0951229394)",1.0244350908324547
1027,21,2.0,0.571428571428571,"(-10887247.966159219, 3547998.0951229394)",1.0244350908324547
1027,22,2.0,0.428571428571429,"(-10887247.966159219, 3547998.0951229394)",1.0244350908324547
1027,23,2.0,0.285714285714286,"(-10887247.966159219, 3547998.0951229394)",1.0244350908324547
1028,0,4.0,1.28571428571429,"(-10907883.816765022, 3544354.605510323)",1.0149247345344288
1028,1,4.0,1.14285714285714,"(-10907883.816765022, 3544354.605510323)",1.0149247345344288
1028,2,4.0,0.714285714285714,"(-10907883.816765022, 3544354.605510323)",1.0149247345344288
1028,3,4.0,0.428571428571429,"(-10907883.816765022, 3544354.605510323)",1.0149247345344288
1028,4,4.0,0.285714285714286,"(-10907883.816765022, 3544354.605510323)",1.0149247345344288
1028,5,4.0,0.571428571428571,"(-10907883.816765022, 3544354.605510323)",1.0149247345344288
1028,6,4.0,0.857142857142857,"(-10907883.816765022, 3544354.605510323)",1.0149247345344288
1028,7,4.0,0.714285714285714,"(-10907883.816765022, 3544354.605510323)",1.0149247345344288
1028,8,4.0,0.571428571428571,"(-10907883.816765022, 3544354.605510323)",1.0149247345344288
1028,9,4.0,0.285714285714286,"(-10907883.816765022, 3544354.605510323)",1.0149247345344288
1028,10,4.0,0.285714285714286,"(-10907883.816765022, 3544354.605510323)",1.0149247345344288
1028,11,4.0,0.714285714285714,"(-10907883.816765022, 3544354.605510323)",1.0149247345344288
1028,12,4.0,0.857142857142857,"(-10907883.816765022, 3544354.605510323)",1.0149247345344288
1028,13,4.0,1.57142857142857,"(-10907883.816765022, 3544354.605510323)",1.0149247345344288
1028,14,4.0,1.0,"(-10907883.816765022, 3544354.605510323)",1.0149247345344288
1028,15,4.0,0.428571428571429,"(-10907883.816765022, 3544354.605510323)",1.0149247345344288
1028,16,4.0,0.428571428571429,"(-10907883.816765022, 3544354.605510323)",1.0149247345344288
1028,17,4.0,0.571428571428571,"(-10907883.816765022, 3544354.605510323)",1.0149247345344288
1028,18,4.0,0.571428571428571,"(-10907883.816765022, 3544354.605510323)",1.0149247345344288
1028,19,4.0,0.714285714285714,"(-10907883.816765022, 3544354.605510323)",1.0149247345344288
1028,20,4.0,0.857142857142857,"(-10907883.816765022, 3544354.605510323)",1.0149247345344288
1028,21,4.0,0.857142857142857,"(-10907883.816765022, 3544354.605510323)",1.0149247345344288
1028,22,4.0,0.571428571428571,"(-10907883.816765022, 3544354.605510323)",1.0149247345344288
1028,23,4.0,0.857142857142857,"(-10907883.816765022, 3544354.605510323)",1.0149247345344288
1029,0,8.0,1.14285714285714,"(-10902707.460443133, 3542936.1857821546)",1.0258981849530833
1029,1,8.0,1.0,"(-10902707.460443133, 3542936.1857821546)",1.0258981849530833
1029,2,8.0,1.42857142857143,"(-10902707.460443133, 3542936.1857821546)",1.0258981849530833
1029,3,8.0,1.42857142857143,"(-10902707.460443133, 3542936.1857821546)",1.0258981849530833
1029,4,8.0,1.57142857142857,"(-10902707.460443133, 3542936.1857821546)",1.0258981849530833
1029,5,8.0,1.71428571428571,"(-10902707.460443133, 3542936.1857821546)",1.0258981849530833
1029,6,8.0,2.0,"(-10902707.460443133, 3542936.1857821546)",1.0258981849530833
1029,7,8.0,2.14285714285714,"(-10902707.460443133, 3542936.1857821546)",1.0258981849530833
1029,8,8.0,2.0,"(-10902707.460443133, 3542936.1857821546)",1.0258981849530833
1029,9,8.0,2.71428571428571,"(-10902707.460443133, 3542936.1857821546)",1.0258981849530833
1029,10,8.0,2.57142857142857,"(-10902707.460443133, 3542936.1857821546)",1.0258981849530833
1029,11,8.0,2.42857142857143,"(-10902707.460443133, 3542936.1857821546)",1.0258981849530833
1029,12,8.0,2.42857142857143,"(-10902707.460443133, 3542936.1857821546)",1.0258981849530833
1029,13,8.0,3.57142857142857,"(-10902707.460443133, 3542936.1857821546)",1.0258981849530833
1029,14,8.0,3.28571428571429,"(-10902707.460443133, 3542936.1857821546)",1.0258981849530833
1029,15,8.0,3.28571428571429,"(-10902707.460443133, 3542936.1857821546)",1.0258981849530833
1029,16,8.0,4.28571428571429,"(-10902707.460443133, 3542936.1857821546)",1.0258981849530833
1029,17,8.0,3.85714285714286,"(-10902707.460443133, 3542936.1857821546)",1.0258981849530833
1029,18,8.0,3.14285714285714,"(-10902707.460443133, 3542936.1857821546)",1.0258981849530833
1029,19,8.0,2.42857142857143,"(-10902707.460443133, 3542936.1857821546)",1.0258981849530833
1029,20,8.0,2.42857142857143,"(-10902707.460443133, 3542936.1857821546)",1.0258981849530833
1029,21,8.0,1.0,"(-10902707.460443133, 3542936.1857821546)",1.0258981849530833
1029,22,8.0,1.57142857142857,"(-10902707.460443133, 3542936.1857821546)",1.0258981849530833
1029,23,8.0,1.42857142857143,"(-10902707.460443133, 3542936.1857821546)",1.0258981849530833
1030,0,4.0,0.714285714285714,"(-10902429.16171615, 3543145.7150387415)",1.0258981849530833
1030,1,4.0,0.857142857142857,"(-10902429.16171615, 3543145.7150387415)",1.0258981849530833
1030,2,4.0,1.28571428571429,"(-10902429.16171615, 3543145.7150387415)",1.0258981849530833
1030,3,4.0,0.857142857142857,"(-10902429.16171615, 3543145.7150387415)",1.0258981849530833
1030,4,4.0,0.857142857142857,"(-10902429.16171615, 3543145.7150387415)",1.0258981849530833
1030,5,4.0,0.857142857142857,"(-10902429.16171615, 3543145.7150387415)",1.0258981849530833
1030,6,4.0,1.28571428571429,"(-10902429.16171615, 3543145.7150387415)",1.0258981849530833
1030,7,4.0,0.857142857142857,"(-10902429.16171615, 3543145.7150387415)",1.0258981849530833
1030,8,4.0,0.571428571428571,"(-10902429.16171615, 3543145.7150387415)",1.0258981849530833
1030,9,4.0,0.285714285714286,"(-10902429.16171615, 3543145.7150387415)",1.0258981849530833
1030,10,4.0,0.285714285714286,"(-10902429.16171615, 3543145.7150387415)",1.0258981849530833
1030,11,4.0,0.428571428571429,"(-10902429.16171615, 3543145.7150387415)",1.0258981849530833
1030,12,4.0,0.428571428571429,"(-10902429.16171615, 3543145.7150387415)",1.0258981849530833
1030,13,4.0,0.714285714285714,"(-10902429.16171615, 3543145.7150387415)",1.0258981849530833
1030,14,4.0,0.571428571428571,"(-10902429.16171615, 3543145.7150387415)",1.0258981849530833
1030,15,4.0,0.142857142857143,"(-10902429.16171615, 3543145.7150387415)",1.0258981849530833
1030,16,4.0,0.142857142857143,"(-10902429.16171615, 3543145.7150387415)",1.0258981849530833
1030,17,4.0,0.142857142857143,"(-10902429.16171615, 3543145.7150387415)",1.0258981849530833
1030,18,4.0,0.571428571428571,"(-10902429.16171615, 3543145.7150387415)",1.0258981849530833
1030,19,4.0,0.714285714285714,"(-10902429.16171615, 3543145.7150387415)",1.0258981849530833
1030,20,4.0,1.14285714285714,"(-10902429.16171615, 3543145.7150387415)",1.0258981849530833
1030,21,4.0,0.714285714285714,"(-10902429.16171615, 3543145.7150387415)",1.0258981849530833
1030,22,4.0,0.857142857142857,"(-10902429.16171615, 3543145.7150387415)",1.0258981849530833
1030,23,4.0,1.0,"(-10902429.16171615, 3543145.7150387415)",1.0258981849530833
1031,0,2.0,0.142857142857143,"(-10902860.524742974, 3543371.3658151883)",1.0258981849530833
1031,1,2.0,0.285714285714286,"(-10902860.524742974, 3543371.3658151883)",1.0258981849530833
1031,2,2.0,0.428571428571429,"(-10902860.524742974, 3543371.3658151883)",1.0258981849530833
1031,3,2.0,0.571428571428571,"(-10902860.524742974, 3543371.3658151883)",1.0258981849530833
1031,4,2.0,0.571428571428571,"(-10902860.524742974, 3543371.3658151883)",1.0258981849530833
1031,5,2.0,0.571428571428571,"(-10902860.524742974, 3543371.3658151883)",1.0258981849530833
1031,6,2.0,0.857142857142857,"(-10902860.524742974, 3543371.3658151883)",1.0258981849530833
1031,7,2.0,0.571428571428571,"(-10902860.524742974, 3543371.3658151883)",1.0258981849530833
1031,8,2.0,0.0,"(-10902860.524742974, 3543371.3658151883)",1.0258981849530833
1031,9,2.0,0.285714285714286,"(-10902860.524742974, 3543371.3658151883)",1.0258981849530833
1031,10,2.0,0.285714285714286,"(-10902860.524742974, 3543371.3658151883)",1.0258981849530833
1031,11,2.0,0.285714285714286,"(-10902860.524742974, 3543371.3658151883)",1.0258981849530833
1031,12,2.0,0.285714285714286,"(-10902860.524742974, 3543371.3658151883)",1.0258981849530833
1031,13,2.0,0.714285714285714,"(-10902860.524742974, 3543371.3658151883)",1.0258981849530833
1031,14,2.0,0.714285714285714,"(-10902860.524742974, 3543371.3658151883)",1.0258981849530833
1031,15,2.0,0.714285714285714,"(-10902860.524742974, 3543371.3658151883)",1.0258981849530833
1031,16,2.0,0.571428571428571,"(-10902860.524742974, 3543371.3658151883)",1.0258981849530833
1031,17,2.0,0.0,"(-10902860.524742974, 3543371.3658151883)",1.0258981849530833
1031,18,2.0,0.428571428571429,"(-10902860.524742974, 3543371.3658151883)",1.0258981849530833
1031,19,2.0,0.714285714285714,"(-10902860.524742974, 3543371.3658151883)",1.0258981849530833
1031,20,2.0,0.571428571428571,"(-10902860.524742974, 3543371.3658151883)",1.0258981849530833
1031,21,2.0,0.428571428571429,"(-10902860.524742974, 3543371.3658151883)",1.0258981849530833
1031,22,2.0,0.285714285714286,"(-10902860.524742974, 3543371.3658151883)",1.0258981849530833
1031,23,2.0,0.285714285714286,"(-10902860.524742974, 3543371.3658151883)",1.0258981849530833
1032,0,4.0,0.571428571428571,"(-10903347.547515195, 3543871.0354441674)",1.0258981849530833
1032,1,4.0,0.285714285714286,"(-10903347.547515195, 3543871.0354441674)",1.0258981849530833
1032,2,4.0,0.142857142857143,"(-10903347.547515195, 3543871.0354441674)",1.0258981849530833
1032,3,4.0,0.428571428571429,"(-10903347.547515195, 3543871.0354441674)",1.0258981849530833
1032,4,4.0,0.714285714285714,"(-10903347.547515195, 3543871.0354441674)",1.0258981849530833
1032,5,4.0,0.428571428571429,"(-10903347.547515195, 3543871.0354441674)",1.0258981849530833
1032,6,4.0,0.0,"(-10903347.547515195, 3543871.0354441674)",1.0258981849530833
1032,7,4.0,0.571428571428571,"(-10903347.547515195, 3543871.0354441674)",1.0258981849530833
1032,8,4.0,1.0,"(-10903347.547515195, 3543871.0354441674)",1.0258981849530833
1032,9,4.0,1.28571428571429,"(-10903347.547515195, 3543871.0354441674)",1.0258981849530833
1032,10,4.0,1.42857142857143,"(-10903347.547515195, 3543871.0354441674)",1.0258981849530833
1032,11,4.0,1.14285714285714,"(-10903347.547515195, 3543871.0354441674)",1.0258981849530833
1032,12,4.0,0.428571428571429,"(-10903347.547515195, 3543871.0354441674)",1.0258981849530833
1032,13,4.0,0.571428571428571,"(-10903347.547515195, 3543871.0354441674)",1.0258981849530833
1032,14,4.0,0.571428571428571,"(-10903347.547515195, 3543871.0354441674)",1.0258981849530833
1032,15,4.0,0.142857142857143,"(-10903347.547515195, 3543871.0354441674)",1.0258981849530833
1032,16,4.0,0.714285714285714,"(-10903347.547515195, 3543871.0354441674)",1.0258981849530833
1032,17,4.0,1.0,"(-10903347.547515195, 3543871.0354441674)",1.0258981849530833
1032,18,4.0,1.57142857142857,"(-10903347.547515195, 3543871.0354441674)",1.0258981849530833
1032,19,4.0,1.71428571428571,"(-10903347.547515195, 3543871.0354441674)",1.0258981849530833
1032,20,4.0,1.57142857142857,"(-10903347.547515195, 3543871.0354441674)",1.0258981849530833
1032,21,4.0,1.14285714285714,"(-10903347.547515195, 3543871.0354441674)",1.0258981849530833
1032,22,4.0,0.714285714285714,"(-10903347.547515195, 3543871.0354441674)",1.0258981849530833
1032,23,4.0,0.714285714285714,"(-10903347.547515195, 3543871.0354441674)",1.0258981849530833
1033,0,6.0,1.28571428571429,"(-10889710.90989302, 3525686.102495296)",1.0162202085949792
1033,1,6.0,1.28571428571429,"(-10889710.90989302, 3525686.102495296)",1.0162202085949792
1033,2,6.0,1.42857142857143,"(-10889710.90989302, 3525686.102495296)",1.0162202085949792
1033,3,6.0,1.42857142857143,"(-10889710.90989302, 3525686.102495296)",1.0162202085949792
1033,4,6.0,1.0,"(-10889710.90989302, 3525686.102495296)",1.0162202085949792
1033,5,6.0,0.857142857142857,"(-10889710.90989302, 3525686.102495296)",1.0162202085949792
1033,6,6.0,1.28571428571429,"(-10889710.90989302, 3525686.102495296)",1.0162202085949792
1033,7,6.0,1.85714285714286,"(-10889710.90989302, 3525686.102495296)",1.0162202085949792
1033,8,6.0,2.0,"(-10889710.90989302, 3525686.102495296)",1.0162202085949792
1033,9,6.0,2.28571428571429,"(-10889710.90989302, 3525686.102495296)",1.0162202085949792
1033,10,6.0,2.28571428571429,"(-10889710.90989302, 3525686.102495296)",1.0162202085949792
1033,11,6.0,2.28571428571429,"(-10889710.90989302, 3525686.102495296)",1.0162202085949792
1033,12,6.0,1.42857142857143,"(-10889710.90989302, 3525686.102495296)",1.0162202085949792
1033,13,6.0,1.42857142857143,"(-10889710.90989302, 3525686.102495296)",1.0162202085949792
1033,14,6.0,1.28571428571429,"(-10889710.90989302, 3525686.102495296)",1.0162202085949792
1033,15,6.0,1.14285714285714,"(-10889710.90989302, 3525686.102495296)",1.0162202085949792
1033,16,6.0,0.714285714285714,"(-10889710.90989302, 3525686.102495296)",1.0162202085949792
1033,17,6.0,0.428571428571429,"(-10889710.90989302, 3525686.102495296)",1.0162202085949792
1033,18,6.0,0.0,"(-10889710.90989302, 3525686.102495296)",1.0162202085949792
1033,19,6.0,0.142857142857143,"(-10889710.90989302, 3525686.102495296)",1.0162202085949792
1033,20,6.0,0.142857142857143,"(-10889710.90989302, 3525686.102495296)",1.0162202085949792
1033,21,6.0,0.285714285714286,"(-10889710.90989302, 3525686.102495296)",1.0162202085949792
1033,22,6.0,0.571428571428571,"(-10889710.90989302, 3525686.102495296)",1.0162202085949792
1033,23,6.0,1.42857142857143,"(-10889710.90989302, 3525686.102495296)",1.0162202085949792
1034,0,2.0,0.0,"(-10885383.36468843, 3538085.7482718555)",1.0244001332610029
1034,1,2.0,0.142857142857143,"(-10885383.36468843, 3538085.7482718555)",1.0244001332610029
1034,2,2.0,0.142857142857143,"(-10885383.36468843, 3538085.7482718555)",1.0244001332610029
1034,3,2.0,0.428571428571429,"(-10885383.36468843, 3538085.7482718555)",1.0244001332610029
1034,4,2.0,0.571428571428571,"(-10885383.36468843, 3538085.7482718555)",1.0244001332610029
1034,5,2.0,0.142857142857143,"(-10885383.36468843, 3538085.7482718555)",1.0244001332610029
1034,6,2.0,0.142857142857143,"(-10885383.36468843, 3538085.7482718555)",1.0244001332610029
1034,7,2.0,0.142857142857143,"(-10885383.36468843, 3538085.7482718555)",1.0244001332610029
1034,8,2.0,0.142857142857143,"(-10885383.36468843, 3538085.7482718555)",1.0244001332610029
1034,9,2.0,0.142857142857143,"(-10885383.36468843, 3538085.7482718555)",1.0244001332610029
1034,10,2.0,0.285714285714286,"(-10885383.36468843, 3538085.7482718555)",1.0244001332610029
1034,11,2.0,0.142857142857143,"(-10885383.36468843, 3538085.7482718555)",1.0244001332610029
1034,12,2.0,0.285714285714286,"(-10885383.36468843, 3538085.7482718555)",1.0244001332610029
1034,13,2.0,0.714285714285714,"(-10885383.36468843, 3538085.7482718555)",1.0244001332610029
1034,14,2.0,0.285714285714286,"(-10885383.36468843, 3538085.7482718555)",1.0244001332610029
1034,15,2.0,0.428571428571429,"(-10885383.36468843, 3538085.7482718555)",1.0244001332610029
1034,16,2.0,0.571428571428571,"(-10885383.36468843, 3538085.7482718555)",1.0244001332610029
1034,17,2.0,0.857142857142857,"(-10885383.36468843, 3538085.7482718555)",1.0244001332610029
1034,18,2.0,0.571428571428571,"(-10885383.36468843, 3538085.7482718555)",1.0244001332610029
1034,19,2.0,0.428571428571429,"(-10885383.36468843, 3538085.7482718555)",1.0244001332610029
1034,20,2.0,0.285714285714286,"(-10885383.36468843, 3538085.7482718555)",1.0244001332610029
1034,21,2.0,0.428571428571429,"(-10885383.36468843, 3538085.7482718555)",1.0244001332610029
1034,22,2.0,0.428571428571429,"(-10885383.36468843, 3538085.7482718555)",1.0244001332610029
1034,23,2.0,0.142857142857143,"(-10885383.36468843, 3538085.7482718555)",1.0244001332610029
1035,0,2.0,0.0,"(-10896835.357303789, 3533301.590088827)",1.0086057440826435
1035,1,2.0,0.0,"(-10896835.357303789, 3533301.590088827)",1.0086057440826435
1035,2,2.0,0.0,"(-10896835.357303789, 3533301.590088827)",1.0086057440826435
1035,3,2.0,0.0,"(-10896835.357303789, 3533301.590088827)",1.0086057440826435
1035,4,2.0,0.0,"(-10896835.357303789, 3533301.590088827)",1.0086057440826435
1035,5,2.0,0.0,"(-10896835.357303789, 3533301.590088827)",1.0086057440826435
1035,6,2.0,0.0,"(-10896835.357303789, 3533301.590088827)",1.0086057440826435
1035,7,2.0,0.142857142857143,"(-10896835.357303789, 3533301.590088827)",1.0086057440826435
1035,8,2.0,0.285714285714286,"(-10896835.357303789, 3533301.590088827)",1.0086057440826435
1035,9,2.0,0.428571428571429,"(-10896835.357303789, 3533301.590088827)",1.0086057440826435
1035,10,2.0,0.0,"(-10896835.357303789, 3533301.590088827)",1.0086057440826435
1035,11,2.0,0.0,"(-10896835.357303789, 3533301.590088827)",1.0086057440826435
1035,12,2.0,0.142857142857143,"(-10896835.357303789, 3533301.590088827)",1.0086057440826435
1035,13,2.0,0.0,"(-10896835.357303789, 3533301.590088827)",1.0086057440826435
1035,14,2.0,0.142857142857143,"(-10896835.357303789, 3533301.590088827)",1.0086057440826435
1035,15,2.0,0.0,"(-10896835.357303789, 3533301.590088827)",1.0086057440826435
1035,16,2.0,0.0,"(-10896835.357303789, 3533301.590088827)",1.0086057440826435
1035,17,2.0,0.142857142857143,"(-10896835.357303789, 3533301.590088827)",1.0086057440826435
1035,18,2.0,0.0,"(-10896835.357303789, 3533301.590088827)",1.0086057440826435
1035,19,2.0,0.142857142857143,"(-10896835.357303789, 3533301.590088827)",1.0086057440826435
1035,20,2.0,0.285714285714286,"(-10896835.357303789, 3533301.590088827)",1.0086057440826435
1035,21,2.0,0.285714285714286,"(-10896835.357303789, 3533301.590088827)",1.0086057440826435
1035,22,2.0,0.285714285714286,"(-10896835.357303789, 3533301.590088827)",1.0086057440826435
1035,23,2.0,0.142857142857143,"(-10896835.357303789, 3533301.590088827)",1.0086057440826435
1036,0,2.0,0.285714285714286,"(-10885592.088733668, 3538246.8625084297)",1.0233727677681235
1036,1,2.0,0.714285714285714,"(-10885592.088733668, 3538246.8625084297)",1.0233727677681235
1036,2,2.0,0.857142857142857,"(-10885592.088733668, 3538246.8625084297)",1.0233727677681235
1036,3,2.0,0.571428571428571,"(-10885592.088733668, 3538246.8625084297)",1.0233727677681235
1036,4,2.0,0.428571428571429,"(-10885592.088733668, 3538246.8625084297)",1.0233727677681235
1036,5,2.0,0.285714285714286,"(-10885592.088733668, 3538246.8625084297)",1.0233727677681235
1036,6,2.0,0.428571428571429,"(-10885592.088733668, 3538246.8625084297)",1.0233727677681235
1036,7,2.0,0.285714285714286,"(-10885592.088733668, 3538246.8625084297)",1.0233727677681235
1036,8,2.0,0.285714285714286,"(-10885592.088733668, 3538246.8625084297)",1.0233727677681235
1036,9,2.0,0.285714285714286,"(-10885592.088733668, 3538246.8625084297)",1.0233727677681235
1036,10,2.0,0.428571428571429,"(-10885592.088733668, 3538246.8625084297)",1.0233727677681235
1036,11,2.0,0.285714285714286,"(-10885592.088733668, 3538246.8625084297)",1.0233727677681235
1036,12,2.0,0.428571428571429,"(-10885592.088733668, 3538246.8625084297)",1.0233727677681235
1036,13,2.0,0.428571428571429,"(-10885592.088733668, 3538246.8625084297)",1.0233727677681235
1036,14,2.0,0.285714285714286,"(-10885592.088733668, 3538246.8625084297)",1.0233727677681235
1036,15,2.0,0.0,"(-10885592.088733668, 3538246.8625084297)",1.0233727677681235
1036,16,2.0,0.142857142857143,"(-10885592.088733668, 3538246.8625084297)",1.0233727677681235
1036,17,2.0,0.285714285714286,"(-10885592.088733668, 3538246.8625084297)",1.0233727677681235
1036,18,2.0,0.571428571428571,"(-10885592.088733668, 3538246.8625084297)",1.0233727677681235
1036,19,2.0,0.142857142857143,"(-10885592.088733668, 3538246.8625084297)",1.0233727677681235
1036,20,2.0,0.0,"(-10885592.088733668, 3538246.8625084297)",1.0233727677681235
1036,21,2.0,0.0,"(-10885592.088733668, 3538246.8625084297)",1.0233727677681235
1036,22,2.0,0.142857142857143,"(-10885592.088733668, 3538246.8625084297)",1.0233727677681235
1036,23,2.0,0.285714285714286,"(-10885592.088733668, 3538246.8625084297)",1.0233727677681235
1037,0,2.0,0.0,"(-10896626.633258551, 3533237.169315716)",1.0086057440826435
1037,1,2.0,0.0,"(-10896626.633258551, 3533237.169315716)",1.0086057440826435
1037,2,2.0,0.0,"(-10896626.633258551, 3533237.169315716)",1.0086057440826435
1037,3,2.0,0.142857142857143,"(-10896626.633258551, 3533237.169315716)",1.0086057440826435
1037,4,2.0,0.0,"(-10896626.633258551, 3533237.169315716)",1.0086057440826435
1037,5,2.0,0.0,"(-10896626.633258551, 3533237.169315716)",1.0086057440826435
1037,6,2.0,0.142857142857143,"(-10896626.633258551, 3533237.169315716)",1.0086057440826435
1037,7,2.0,0.571428571428571,"(-10896626.633258551, 3533237.169315716)",1.0086057440826435
1037,8,2.0,0.428571428571429,"(-10896626.633258551, 3533237.169315716)",1.0086057440826435
1037,9,2.0,0.285714285714286,"(-10896626.633258551, 3533237.169315716)",1.0086057440826435
1037,10,2.0,0.0,"(-10896626.633258551, 3533237.169315716)",1.0086057440826435
1037,11,2.0,0.0,"(-10896626.633258551, 3533237.169315716)",1.0086057440826435
1037,12,2.0,0.0,"(-10896626.633258551, 3533237.169315716)",1.0086057440826435
1037,13,2.0,0.142857142857143,"(-10896626.633258551, 3533237.169315716)",1.0086057440826435
1037,14,2.0,0.142857142857143,"(-10896626.633258551, 3533237.169315716)",1.0086057440826435
1037,15,2.0,0.142857142857143,"(-10896626.633258551, 3533237.169315716)",1.0086057440826435
1037,16,2.0,0.0,"(-10896626.633258551, 3533237.169315716)",1.0086057440826435
1037,17,2.0,0.285714285714286,"(-10896626.633258551, 3533237.169315716)",1.0086057440826435
1037,18,2.0,0.285714285714286,"(-10896626.633258551, 3533237.169315716)",1.0086057440826435
1037,19,2.0,0.142857142857143,"(-10896626.633258551, 3533237.169315716)",1.0086057440826435
1037,20,2.0,0.285714285714286,"(-10896626.633258551, 3533237.169315716)",1.0086057440826435
1037,21,2.0,0.142857142857143,"(-10896626.633258551, 3533237.169315716)",1.0086057440826435
1037,22,2.0,0.142857142857143,"(-10896626.633258551, 3533237.169315716)",1.0086057440826435
1037,23,2.0,0.142857142857143,"(-10896626.633258551, 3533237.169315716)",1.0086057440826435
1038,0,4.0,0.571428571428571,"(-10907355.049183754, 3529646.229205474)",1.020745727211931
1038,1,4.0,0.428571428571429,"(-10907355.049183754, 3529646.229205474)",1.020745727211931
1038,2,4.0,0.571428571428571,"(-10907355.049183754, 3529646.229205474)",1.020745727211931
1038,3,4.0,0.428571428571429,"(-10907355.049183754, 3529646.229205474)",1.020745727211931
1038,4,4.0,0.428571428571429,"(-10907355.049183754, 3529646.229205474)",1.020745727211931
1038,5,4.0,0.428571428571429,"(-10907355.049183754, 3529646.229205474)",1.020745727211931
1038,6,4.0,0.571428571428571,"(-10907355.049183754, 3529646.229205474)",1.020745727211931
1038,7,4.0,0.571428571428571,"(-10907355.049183754, 3529646.229205474)",1.020745727211931
1038,8,4.0,0.714285714285714,"(-10907355.049183754, 3529646.229205474)",1.020745727211931
1038,9,4.0,1.0,"(-10907355.049183754, 3529646.229205474)",1.020745727211931
1038,10,4.0,1.14285714285714,"(-10907355.049183754, 3529646.229205474)",1.020745727211931
1038,11,4.0,1.14285714285714,"(-10907355.049183754, 3529646.229205474)",1.020745727211931
1038,12,4.0,1.0,"(-10907355.049183754, 3529646.229205474)",1.020745727211931
1038,13,4.0,0.571428571428571,"(-10907355.049183754, 3529646.229205474)",1.020745727211931
1038,14,4.0,0.571428571428571,"(-10907355.049183754, 3529646.229205474)",1.020745727211931
1038,15,4.0,0.428571428571429,"(-10907355.049183754, 3529646.229205474)",1.020745727211931
1038,16,4.0,0.285714285714286,"(-10907355.049183754, 3529646.229205474)",1.020745727211931
1038,17,4.0,0.0,"(-10907355.049183754, 3529646.229205474)",1.020745727211931
1038,18,4.0,0.142857142857143,"(-10907355.049183754, 3529646.229205474)",1.020745727211931
1038,19,4.0,0.0,"(-10907355.049183754, 3529646.229205474)",1.020745727211931
1038,20,4.0,0.142857142857143,"(-10907355.049183754, 3529646.229205474)",1.020745727211931
1038,21,4.0,0.428571428571429,"(-10907355.049183754, 3529646.229205474)",1.020745727211931
1038,22,4.0,0.571428571428571,"(-10907355.049183754, 3529646.229205474)",1.020745727211931
1038,23,4.0,0.714285714285714,"(-10907355.049183754, 3529646.229205474)",1.020745727211931
1039,0,12.0,3.85714285714286,"(-10889975.293683654, 3541050.578740198)",1.0171606543598108
1039,1,12.0,3.42857142857143,"(-10889975.293683654, 3541050.578740198)",1.0171606543598108
1039,2,12.0,2.28571428571429,"(-10889975.293683654, 3541050.578740198)",1.0171606543598108
1039,3,12.0,0.857142857142857,"(-10889975.293683654, 3541050.578740198)",1.0171606543598108
1039,4,12.0,0.714285714285714,"(-10889975.293683654, 3541050.578740198)",1.0171606543598108
1039,5,12.0,0.714285714285714,"(-10889975.293683654, 3541050.578740198)",1.0171606543598108
1039,6,12.0,0.571428571428571,"(-10889975.293683654, 3541050.578740198)",1.0171606543598108
1039,7,12.0,1.0,"(-10889975.293683654, 3541050.578740198)",1.0171606543598108
1039,8,12.0,2.14285714285714,"(-10889975.293683654, 3541050.578740198)",1.0171606543598108
1039,9,12.0,2.14285714285714,"(-10889975.293683654, 3541050.578740198)",1.0171606543598108
1039,10,12.0,2.57142857142857,"(-10889975.293683654, 3541050.578740198)",1.0171606543598108
1039,11,12.0,2.57142857142857,"(-10889975.293683654, 3541050.578740198)",1.0171606543598108
1039,12,12.0,3.14285714285714,"(-10889975.293683654, 3541050.578740198)",1.0171606543598108
1039,13,12.0,2.14285714285714,"(-10889975.293683654, 3541050.578740198)",1.0171606543598108
1039,14,12.0,2.0,"(-10889975.293683654, 3541050.578740198)",1.0171606543598108
1039,15,12.0,2.85714285714286,"(-10889975.293683654, 3541050.578740198)",1.0171606543598108
1039,16,12.0,3.42857142857143,"(-10889975.293683654, 3541050.578740198)",1.0171606543598108
1039,17,12.0,3.14285714285714,"(-10889975.293683654, 3541050.578740198)",1.0171606543598108
1039,18,12.0,2.0,"(-10889975.293683654, 3541050.578740198)",1.0171606543598108
1039,19,12.0,1.85714285714286,"(-10889975.293683654, 3541050.578740198)",1.0171606543598108
1039,20,12.0,1.14285714285714,"(-10889975.293683654, 3541050.578740198)",1.0171606543598108
1039,21,12.0,1.0,"(-10889975.293683654, 3541050.578740198)",1.0171606543598108
1039,22,12.0,2.0,"(-10889975.293683654, 3541050.578740198)",1.0171606543598108
1039,23,12.0,3.42857142857143,"(-10889975.293683654, 3541050.578740198)",1.0171606543598108
1040,0,4.0,0.285714285714286,"(-10885939.962142397, 3561727.0562918903)",1.0082897173311667
1040,1,4.0,0.0,"(-10885939.962142397, 3561727.0562918903)",1.0082897173311667
1040,2,4.0,0.428571428571429,"(-10885939.962142397, 3561727.0562918903)",1.0082897173311667
1040,3,4.0,1.57142857142857,"(-10885939.962142397, 3561727.0562918903)",1.0082897173311667
1040,4,4.0,1.28571428571429,"(-10885939.962142397, 3561727.0562918903)",1.0082897173311667
1040,5,4.0,0.857142857142857,"(-10885939.962142397, 3561727.0562918903)",1.0082897173311667
1040,6,4.0,0.571428571428571,"(-10885939.962142397, 3561727.0562918903)",1.0082897173311667
1040,7,4.0,0.714285714285714,"(-10885939.962142397, 3561727.0562918903)",1.0082897173311667
1040,8,4.0,0.428571428571429,"(-10885939.962142397, 3561727.0562918903)",1.0082897173311667
1040,9,4.0,0.428571428571429,"(-10885939.962142397, 3561727.0562918903)",1.0082897173311667
1040,10,4.0,0.428571428571429,"(-10885939.962142397, 3561727.0562918903)",1.0082897173311667
1040,11,4.0,0.285714285714286,"(-10885939.962142397, 3561727.0562918903)",1.0082897173311667
1040,12,4.0,0.857142857142857,"(-10885939.962142397, 3561727.0562918903)",1.0082897173311667
1040,13,4.0,1.42857142857143,"(-10885939.962142397, 3561727.0562918903)",1.0082897173311667
1040,14,4.0,1.42857142857143,"(-10885939.962142397, 3561727.0562918903)",1.0082897173311667
1040,15,4.0,1.85714285714286,"(-10885939.962142397, 3561727.0562918903)",1.0082897173311667
1040,16,4.0,1.42857142857143,"(-10885939.962142397, 3561727.0562918903)",1.0082897173311667
1040,17,4.0,1.42857142857143,"(-10885939.962142397, 3561727.0562918903)",1.0082897173311667
1040,18,4.0,1.14285714285714,"(-10885939.962142397, 3561727.0562918903)",1.0082897173311667
1040,19,4.0,0.571428571428571,"(-10885939.962142397, 3561727.0562918903)",1.0082897173311667
1040,20,4.0,0.428571428571429,"(-10885939.962142397, 3561727.0562918903)",1.0082897173311667
1040,21,4.0,0.285714285714286,"(-10885939.962142397, 3561727.0562918903)",1.0082897173311667
1040,22,4.0,1.14285714285714,"(-10885939.962142397, 3561727.0562918903)",1.0082897173311667
1040,23,4.0,1.0,"(-10885939.962142397, 3561727.0562918903)",1.0082897173311667
1041,0,4.0,0.0,"(-10890893.679482698, 3565294.8408917016)",0.988239805988648
1041,1,4.0,0.285714285714286,"(-10890893.679482698, 3565294.8408917016)",0.988239805988648
1041,2,4.0,0.285714285714286,"(-10890893.679482698, 3565294.8408917016)",0.988239805988648
1041,3,4.0,0.714285714285714,"(-10890893.679482698, 3565294.8408917016)",0.988239805988648
1041,4,4.0,1.0,"(-10890893.679482698, 3565294.8408917016)",0.988239805988648
1041,5,4.0,0.857142857142857,"(-10890893.679482698, 3565294.8408917016)",0.988239805988648
1041,6,4.0,0.857142857142857,"(-10890893.679482698, 3565294.8408917016)",0.988239805988648
1041,7,4.0,0.714285714285714,"(-10890893.679482698, 3565294.8408917016)",0.988239805988648
1041,8,4.0,0.428571428571429,"(-10890893.679482698, 3565294.8408917016)",0.988239805988648
1041,9,4.0,0.285714285714286,"(-10890893.679482698, 3565294.8408917016)",0.988239805988648
1041,10,4.0,0.142857142857143,"(-10890893.679482698, 3565294.8408917016)",0.988239805988648
1041,11,4.0,0.285714285714286,"(-10890893.679482698, 3565294.8408917016)",0.988239805988648
1041,12,4.0,0.428571428571429,"(-10890893.679482698, 3565294.8408917016)",0.988239805988648
1041,13,4.0,0.428571428571429,"(-10890893.679482698, 3565294.8408917016)",0.988239805988648
1041,14,4.0,0.428571428571429,"(-10890893.679482698, 3565294.8408917016)",0.988239805988648
1041,15,4.0,0.285714285714286,"(-10890893.679482698, 3565294.8408917016)",0.988239805988648
1041,16,4.0,0.571428571428571,"(-10890893.679482698, 3565294.8408917016)",0.988239805988648
1041,17,4.0,0.571428571428571,"(-10890893.679482698, 3565294.8408917016)",0.988239805988648
1041,18,4.0,0.571428571428571,"(-10890893.679482698, 3565294.8408917016)",0.988239805988648
1041,19,4.0,0.428571428571429,"(-10890893.679482698, 3565294.8408917016)",0.988239805988648
1041,20,4.0,0.285714285714286,"(-10890893.679482698, 3565294.8408917016)",0.988239805988648
1041,21,4.0,0.285714285714286,"(-10890893.679482698, 3565294.8408917016)",0.988239805988648
1041,22,4.0,0.0,"(-10890893.679482698, 3565294.8408917016)",0.988239805988648
1041,23,4.0,0.0,"(-10890893.679482698, 3565294.8408917016)",0.988239805988648
1042,0,3.0,0.571428571428571,"(-10884798.937361768, 3560371.240553517)",1.0245318471806661
1042,1,3.0,0.428571428571429,"(-10884798.937361768, 3560371.240553517)",1.0245318471806661
1042,2,3.0,0.428571428571429,"(-10884798.937361768, 3560371.240553517)",1.0245318471806661
1042,3,3.0,1.0,"(-10884798.937361768, 3560371.240553517)",1.0245318471806661
1042,4,3.0,0.857142857142857,"(-10884798.937361768, 3560371.240553517)",1.0245318471806661
1042,5,3.0,0.571428571428571,"(-10884798.937361768, 3560371.240553517)",1.0245318471806661
1042,6,3.0,0.285714285714286,"(-10884798.937361768, 3560371.240553517)",1.0245318471806661
1042,7,3.0,0.0,"(-10884798.937361768, 3560371.240553517)",1.0245318471806661
1042,8,3.0,0.285714285714286,"(-10884798.937361768, 3560371.240553517)",1.0245318471806661
1042,9,3.0,0.285714285714286,"(-10884798.937361768, 3560371.240553517)",1.0245318471806661
1042,10,3.0,0.714285714285714,"(-10884798.937361768, 3560371.240553517)",1.0245318471806661
1042,11,3.0,0.142857142857143,"(-10884798.937361768, 3560371.240553517)",1.0245318471806661
1042,12,3.0,0.142857142857143,"(-10884798.937361768, 3560371.240553517)",1.0245318471806661
1042,13,3.0,0.285714285714286,"(-10884798.937361768, 3560371.240553517)",1.0245318471806661
1042,14,3.0,0.285714285714286,"(-10884798.937361768, 3560371.240553517)",1.0245318471806661
1042,15,3.0,0.428571428571429,"(-10884798.937361768, 3560371.240553517)",1.0245318471806661
1042,16,3.0,0.428571428571429,"(-10884798.937361768, 3560371.240553517)",1.0245318471806661
1042,17,3.0,0.428571428571429,"(-10884798.937361768, 3560371.240553517)",1.0245318471806661
1042,18,3.0,0.571428571428571,"(-10884798.937361768, 3560371.240553517)",1.0245318471806661
1042,19,3.0,0.428571428571429,"(-10884798.937361768, 3560371.240553517)",1.0245318471806661
1042,20,3.0,0.857142857142857,"(-10884798.937361768, 3560371.240553517)",1.0245318471806661
1042,21,3.0,0.857142857142857,"(-10884798.937361768, 3560371.240553517)",1.0245318471806661
1042,22,3.0,0.857142857142857,"(-10884798.937361768, 3560371.240553517)",1.0245318471806661
1042,23,3.0,0.857142857142857,"(-10884798.937361768, 3560371.240553517)",1.0245318471806661
1043,0,0.0,0.0,"(-10896751.867685694, 3533027.8040655386)",1.0086057440826435
1043,1,0.0,0.0,"(-10896751.867685694, 3533027.8040655386)",1.0086057440826435
1043,2,0.0,0.0,"(-10896751.867685694, 3533027.8040655386)",1.0086057440826435
1043,3,0.0,0.0,"(-10896751.867685694, 3533027.8040655386)",1.0086057440826435
1043,4,0.0,0.0,"(-10896751.867685694, 3533027.8040655386)",1.0086057440826435
1043,5,0.0,0.0,"(-10896751.867685694, 3533027.8040655386)",1.0086057440826435
1043,6,0.0,0.0,"(-10896751.867685694, 3533027.8040655386)",1.0086057440826435
1043,7,0.0,0.0,"(-10896751.867685694, 3533027.8040655386)",1.0086057440826435
1043,8,0.0,0.0,"(-10896751.867685694, 3533027.8040655386)",1.0086057440826435
1043,9,0.0,0.0,"(-10896751.867685694, 3533027.8040655386)",1.0086057440826435
1043,10,0.0,0.0,"(-10896751.867685694, 3533027.8040655386)",1.0086057440826435
1043,11,0.0,0.0,"(-10896751.867685694, 3533027.8040655386)",1.0086057440826435
1043,12,0.0,0.0,"(-10896751.867685694, 3533027.8040655386)",1.0086057440826435
1043,13,0.0,0.0,"(-10896751.867685694, 3533027.8040655386)",1.0086057440826435
1043,14,0.0,0.0,"(-10896751.867685694, 3533027.8040655386)",1.0086057440826435
1043,15,0.0,0.0,"(-10896751.867685694, 3533027.8040655386)",1.0086057440826435
1043,16,0.0,0.0,"(-10896751.867685694, 3533027.8040655386)",1.0086057440826435
1043,17,0.0,0.0,"(-10896751.867685694, 3533027.8040655386)",1.0086057440826435
1043,18,0.0,0.0,"(-10896751.867685694, 3533027.8040655386)",1.0086057440826435
1043,19,0.0,0.0,"(-10896751.867685694, 3533027.8040655386)",1.0086057440826435
1043,20,0.0,0.0,"(-10896751.867685694, 3533027.8040655386)",1.0086057440826435
1043,21,0.0,0.0,"(-10896751.867685694, 3533027.8040655386)",1.0086057440826435
1043,22,0.0,0.0,"(-10896751.867685694, 3533027.8040655386)",1.0086057440826435
1043,23,0.0,0.0,"(-10896751.867685694, 3533027.8040655386)",1.0086057440826435
1044,0,4.0,1.28571428571429,"(-10895318.629241731, 3552884.6013293)",1.026178538245301
1044,1,4.0,1.0,"(-10895318.629241731, 3552884.6013293)",1.026178538245301
1044,2,4.0,1.0,"(-10895318.629241731, 3552884.6013293)",1.026178538245301
1044,3,4.0,0.857142857142857,"(-10895318.629241731, 3552884.6013293)",1.026178538245301
1044,4,4.0,0.571428571428571,"(-10895318.629241731, 3552884.6013293)",1.026178538245301
1044,5,4.0,0.285714285714286,"(-10895318.629241731, 3552884.6013293)",1.026178538245301
1044,6,4.0,0.142857142857143,"(-10895318.629241731, 3552884.6013293)",1.026178538245301
1044,7,4.0,0.571428571428571,"(-10895318.629241731, 3552884.6013293)",1.026178538245301
1044,8,4.0,0.857142857142857,"(-10895318.629241731, 3552884.6013293)",1.026178538245301
1044,9,4.0,0.857142857142857,"(-10895318.629241731, 3552884.6013293)",1.026178538245301
1044,10,4.0,0.857142857142857,"(-10895318.629241731, 3552884.6013293)",1.026178538245301
1044,11,4.0,0.857142857142857,"(-10895318.629241731, 3552884.6013293)",1.026178538245301
1044,12,4.0,0.714285714285714,"(-10895318.629241731, 3552884.6013293)",1.026178538245301
1044,13,4.0,0.571428571428571,"(-10895318.629241731, 3552884.6013293)",1.026178538245301
1044,14,4.0,0.428571428571429,"(-10895318.629241731, 3552884.6013293)",1.026178538245301
1044,15,4.0,0.571428571428571,"(-10895318.629241731, 3552884.6013293)",1.026178538245301
1044,16,4.0,0.857142857142857,"(-10895318.629241731, 3552884.6013293)",1.026178538245301
1044,17,4.0,1.14285714285714,"(-10895318.629241731, 3552884.6013293)",1.026178538245301
1044,18,4.0,1.14285714285714,"(-10895318.629241731, 3552884.6013293)",1.026178538245301
1044,19,4.0,1.28571428571429,"(-10895318.629241731, 3552884.6013293)",1.026178538245301
1044,20,4.0,0.857142857142857,"(-10895318.629241731, 3552884.6013293)",1.026178538245301
1044,21,4.0,0.857142857142857,"(-10895318.629241731, 3552884.6013293)",1.026178538245301
1044,22,4.0,0.857142857142857,"(-10895318.629241731, 3552884.6013293)",1.026178538245301
1044,23,4.0,1.28571428571429,"(-10895318.629241731, 3552884.6013293)",1.026178538245301
1045,0,4.0,0.285714285714286,"(-10895680.417586809, 3552707.1703005894)",1.026178538245301
1045,1,4.0,0.285714285714286,"(-10895680.417586809, 3552707.1703005894)",1.026178538245301
1045,2,4.0,0.285714285714286,"(-10895680.417586809, 3552707.1703005894)",1.026178538245301
1045,3,4.0,0.428571428571429,"(-10895680.417586809, 3552707.1703005894)",1.026178538245301
1045,4,4.0,0.285714285714286,"(-10895680.417586809, 3552707.1703005894)",1.026178538245301
1045,5,4.0,0.142857142857143,"(-10895680.417586809, 3552707.1703005894)",1.026178538245301
1045,6,4.0,0.285714285714286,"(-10895680.417586809, 3552707.1703005894)",1.026178538245301
1045,7,4.0,0.142857142857143,"(-10895680.417586809, 3552707.1703005894)",1.026178538245301
1045,8,4.0,0.714285714285714,"(-10895680.417586809, 3552707.1703005894)",1.026178538245301
1045,9,4.0,0.714285714285714,"(-10895680.417586809, 3552707.1703005894)",1.026178538245301
1045,10,4.0,0.714285714285714,"(-10895680.417586809, 3552707.1703005894)",1.026178538245301
1045,11,4.0,0.428571428571429,"(-10895680.417586809, 3552707.1703005894)",1.026178538245301
1045,12,4.0,0.285714285714286,"(-10895680.417586809, 3552707.1703005894)",1.026178538245301
1045,13,4.0,0.142857142857143,"(-10895680.417586809, 3552707.1703005894)",1.026178538245301
1045,14,4.0,0.142857142857143,"(-10895680.417586809, 3552707.1703005894)",1.026178538245301
1045,15,4.0,0.142857142857143,"(-10895680.417586809, 3552707.1703005894)",1.026178538245301
1045,16,4.0,0.0,"(-10895680.417586809, 3552707.1703005894)",1.026178538245301
1045,17,4.0,0.142857142857143,"(-10895680.417586809, 3552707.1703005894)",1.026178538245301
1045,18,4.0,0.285714285714286,"(-10895680.417586809, 3552707.1703005894)",1.026178538245301
1045,19,4.0,0.285714285714286,"(-10895680.417586809, 3552707.1703005894)",1.026178538245301
1045,20,4.0,0.142857142857143,"(-10895680.417586809, 3552707.1703005894)",1.026178538245301
1045,21,4.0,0.571428571428571,"(-10895680.417586809, 3552707.1703005894)",1.026178538245301
1045,22,4.0,0.857142857142857,"(-10895680.417586809, 3552707.1703005894)",1.026178538245301
1045,23,4.0,0.571428571428571,"(-10895680.417586809, 3552707.1703005894)",1.026178538245301
1046,0,2.0,0.0,"(-10887874.13829493, 3566037.583959911)",0.988239805988648
1046,1,2.0,0.0,"(-10887874.13829493, 3566037.583959911)",0.988239805988648
1046,2,2.0,0.142857142857143,"(-10887874.13829493, 3566037.583959911)",0.988239805988648
1046,3,2.0,0.0,"(-10887874.13829493, 3566037.583959911)",0.988239805988648
1046,4,2.0,0.285714285714286,"(-10887874.13829493, 3566037.583959911)",0.988239805988648
1046,5,2.0,0.571428571428571,"(-10887874.13829493, 3566037.583959911)",0.988239805988648
1046,6,2.0,0.714285714285714,"(-10887874.13829493, 3566037.583959911)",0.988239805988648
1046,7,2.0,0.428571428571429,"(-10887874.13829493, 3566037.583959911)",0.988239805988648
1046,8,2.0,0.285714285714286,"(-10887874.13829493, 3566037.583959911)",0.988239805988648
1046,9,2.0,0.142857142857143,"(-10887874.13829493, 3566037.583959911)",0.988239805988648
1046,10,2.0,0.571428571428571,"(-10887874.13829493, 3566037.583959911)",0.988239805988648
1046,11,2.0,0.571428571428571,"(-10887874.13829493, 3566037.583959911)",0.988239805988648
1046,12,2.0,0.714285714285714,"(-10887874.13829493, 3566037.583959911)",0.988239805988648
1046,13,2.0,0.714285714285714,"(-10887874.13829493, 3566037.583959911)",0.988239805988648
1046,14,2.0,0.428571428571429,"(-10887874.13829493, 3566037.583959911)",0.988239805988648
1046,15,2.0,0.428571428571429,"(-10887874.13829493, 3566037.583959911)",0.988239805988648
1046,16,2.0,0.142857142857143,"(-10887874.13829493, 3566037.583959911)",0.988239805988648
1046,17,2.0,0.285714285714286,"(-10887874.13829493, 3566037.583959911)",0.988239805988648
1046,18,2.0,0.428571428571429,"(-10887874.13829493, 3566037.583959911)",0.988239805988648
1046,19,2.0,0.428571428571429,"(-10887874.13829493, 3566037.583959911)",0.988239805988648
1046,20,2.0,0.285714285714286,"(-10887874.13829493, 3566037.583959911)",0.988239805988648
1046,21,2.0,0.428571428571429,"(-10887874.13829493, 3566037.583959911)",0.988239805988648
1046,22,2.0,0.571428571428571,"(-10887874.13829493, 3566037.583959911)",0.988239805988648
1046,23,2.0,0.428571428571429,"(-10887874.13829493, 3566037.583959911)",0.988239805988648
1047,0,2.0,0.0,"(-10886607.879087158, 3564342.2563896724)",0.988239805988648
1047,1,2.0,0.0,"(-10886607.879087158, 3564342.2563896724)",0.988239805988648
1047,2,2.0,0.0,"(-10886607.879087158, 3564342.2563896724)",0.988239805988648
1047,3,2.0,0.0,"(-10886607.879087158, 3564342.2563896724)",0.988239805988648
1047,4,2.0,0.142857142857143,"(-10886607.879087158, 3564342.2563896724)",0.988239805988648
1047,5,2.0,0.428571428571429,"(-10886607.879087158, 3564342.2563896724)",0.988239805988648
1047,6,2.0,0.285714285714286,"(-10886607.879087158, 3564342.2563896724)",0.988239805988648
1047,7,2.0,0.285714285714286,"(-10886607.879087158, 3564342.2563896724)",0.988239805988648
1047,8,2.0,0.428571428571429,"(-10886607.879087158, 3564342.2563896724)",0.988239805988648
1047,9,2.0,0.285714285714286,"(-10886607.879087158, 3564342.2563896724)",0.988239805988648
1047,10,2.0,0.285714285714286,"(-10886607.879087158, 3564342.2563896724)",0.988239805988648
1047,11,2.0,0.428571428571429,"(-10886607.879087158, 3564342.2563896724)",0.988239805988648
1047,12,2.0,0.428571428571429,"(-10886607.879087158, 3564342.2563896724)",0.988239805988648
1047,13,2.0,0.571428571428571,"(-10886607.879087158, 3564342.2563896724)",0.988239805988648
1047,14,2.0,0.285714285714286,"(-10886607.879087158, 3564342.2563896724)",0.988239805988648
1047,15,2.0,0.142857142857143,"(-10886607.879087158, 3564342.2563896724)",0.988239805988648
1047,16,2.0,0.142857142857143,"(-10886607.879087158, 3564342.2563896724)",0.988239805988648
1047,17,2.0,0.0,"(-10886607.879087158, 3564342.2563896724)",0.988239805988648
1047,18,2.0,0.0,"(-10886607.879087158, 3564342.2563896724)",0.988239805988648
1047,19,2.0,0.142857142857143,"(-10886607.879087158, 3564342.2563896724)",0.988239805988648
1047,20,2.0,0.142857142857143,"(-10886607.879087158, 3564342.2563896724)",0.988239805988648
1047,21,2.0,0.142857142857143,"(-10886607.879087158, 3564342.2563896724)",0.988239805988648
1047,22,2.0,0.142857142857143,"(-10886607.879087158, 3564342.2563896724)",0.988239805988648
1047,23,2.0,0.0,"(-10886607.879087158, 3564342.2563896724)",0.988239805988648
1048,0,2.0,0.428571428571429,"(-10887359.285650011, 3549320.32920056)",1.0244350908324547
1048,1,2.0,0.571428571428571,"(-10887359.285650011, 3549320.32920056)",1.0244350908324547
1048,2,2.0,0.714285714285714,"(-10887359.285650011, 3549320.32920056)",1.0244350908324547
1048,3,2.0,0.428571428571429,"(-10887359.285650011, 3549320.32920056)",1.0244350908324547
1048,4,2.0,0.571428571428571,"(-10887359.285650011, 3549320.32920056)",1.0244350908324547
1048,5,2.0,0.571428571428571,"(-10887359.285650011, 3549320.32920056)",1.0244350908324547
1048,6,2.0,0.428571428571429,"(-10887359.285650011, 3549320.32920056)",1.0244350908324547
1048,7,2.0,0.714285714285714,"(-10887359.285650011, 3549320.32920056)",1.0244350908324547
1048,8,2.0,0.714285714285714,"(-10887359.285650011, 3549320.32920056)",1.0244350908324547
1048,9,2.0,0.285714285714286,"(-10887359.285650011, 3549320.32920056)",1.0244350908324547
1048,10,2.0,0.285714285714286,"(-10887359.285650011, 3549320.32920056)",1.0244350908324547
1048,11,2.0,0.142857142857143,"(-10887359.285650011, 3549320.32920056)",1.0244350908324547
1048,12,2.0,0.0,"(-10887359.285650011, 3549320.32920056)",1.0244350908324547
1048,13,2.0,0.0,"(-10887359.285650011, 3549320.32920056)",1.0244350908324547
1048,14,2.0,0.285714285714286,"(-10887359.285650011, 3549320.32920056)",1.0244350908324547
1048,15,2.0,0.142857142857143,"(-10887359.285650011, 3549320.32920056)",1.0244350908324547
1048,16,2.0,0.142857142857143,"(-10887359.285650011, 3549320.32920056)",1.0244350908324547
1048,17,2.0,0.428571428571429,"(-10887359.285650011, 3549320.32920056)",1.0244350908324547
1048,18,2.0,0.428571428571429,"(-10887359.285650011, 3549320.32920056)",1.0244350908324547
1048,19,2.0,0.428571428571429,"(-10887359.285650011, 3549320.32920056)",1.0244350908324547
1048,20,2.0,0.142857142857143,"(-10887359.285650011, 3549320.32920056)",1.0244350908324547
1048,21,2.0,0.285714285714286,"(-10887359.285650011, 3549320.32920056)",1.0244350908324547
1048,22,2.0,0.142857142857143,"(-10887359.285650011, 3549320.32920056)",1.0244350908324547
1048,23,2.0,0.428571428571429,"(-10887359.285650011, 3549320.32920056)",1.0244350908324547
1049,0,3.0,0.285714285714286,"(-10881974.205282886, 3558692.8138249433)",1.0245318471806661
1049,1,3.0,0.714285714285714,"(-10881974.205282886, 3558692.8138249433)",1.0245318471806661
1049,2,3.0,0.285714285714286,"(-10881974.205282886, 3558692.8138249433)",1.0245318471806661
1049,3,3.0,0.285714285714286,"(-10881974.205282886, 3558692.8138249433)",1.0245318471806661
1049,4,3.0,0.428571428571429,"(-10881974.205282886, 3558692.8138249433)",1.0245318471806661
1049,5,3.0,0.428571428571429,"(-10881974.205282886, 3558692.8138249433)",1.0245318471806661
1049,6,3.0,0.285714285714286,"(-10881974.205282886, 3558692.8138249433)",1.0245318471806661
1049,7,3.0,0.428571428571429,"(-10881974.205282886, 3558692.8138249433)",1.0245318471806661
1049,8,3.0,0.428571428571429,"(-10881974.205282886, 3558692.8138249433)",1.0245318471806661
1049,9,3.0,0.428571428571429,"(-10881974.205282886, 3558692.8138249433)",1.0245318471806661
1049,10,3.0,0.285714285714286,"(-10881974.205282886, 3558692.8138249433)",1.0245318471806661
1049,11,3.0,0.428571428571429,"(-10881974.205282886, 3558692.8138249433)",1.0245318471806661
1049,12,3.0,0.142857142857143,"(-10881974.205282886, 3558692.8138249433)",1.0245318471806661
1049,13,3.0,0.285714285714286,"(-10881974.205282886, 3558692.8138249433)",1.0245318471806661
1049,14,3.0,0.142857142857143,"(-10881974.205282886, 3558692.8138249433)",1.0245318471806661
1049,15,3.0,0.142857142857143,"(-10881974.205282886, 3558692.8138249433)",1.0245318471806661
1049,16,3.0,0.428571428571429,"(-10881974.205282886, 3558692.8138249433)",1.0245318471806661
1049,17,3.0,0.571428571428571,"(-10881974.205282886, 3558692.8138249433)",1.0245318471806661
1049,18,3.0,1.0,"(-10881974.205282886, 3558692.8138249433)",1.0245318471806661
1049,19,3.0,0.571428571428571,"(-10881974.205282886, 3558692.8138249433)",1.0245318471806661
1049,20,3.0,0.714285714285714,"(-10881974.205282886, 3558692.8138249433)",1.0245318471806661
1049,21,3.0,0.428571428571429,"(-10881974.205282886, 3558692.8138249433)",1.0245318471806661
1049,22,3.0,0.142857142857143,"(-10881974.205282886, 3558692.8138249433)",1.0245318471806661
1049,23,3.0,0.285714285714286,"(-10881974.205282886, 3558692.8138249433)",1.0245318471806661
1050,0,2.0,0.285714285714286,"(-10889488.270911435, 3567442.4571445314)",0.988239805988648
1050,1,2.0,0.142857142857143,"(-10889488.270911435, 3567442.4571445314)",0.988239805988648
1050,2,2.0,0.428571428571429,"(-10889488.270911435, 3567442.4571445314)",0.988239805988648
1050,3,2.0,0.714285714285714,"(-10889488.270911435, 3567442.4571445314)",0.988239805988648
1050,4,2.0,0.571428571428571,"(-10889488.270911435, 3567442.4571445314)",0.988239805988648
1050,5,2.0,0.428571428571429,"(-10889488.270911435, 3567442.4571445314)",0.988239805988648
1050,6,2.0,0.142857142857143,"(-10889488.270911435, 3567442.4571445314)",0.988239805988648
1050,7,2.0,0.0,"(-10889488.270911435, 3567442.4571445314)",0.988239805988648
1050,8,2.0,0.285714285714286,"(-10889488.270911435, 3567442.4571445314)",0.988239805988648
1050,9,2.0,0.142857142857143,"(-10889488.270911435, 3567442.4571445314)",0.988239805988648
1050,10,2.0,0.142857142857143,"(-10889488.270911435, 3567442.4571445314)",0.988239805988648
1050,11,2.0,0.142857142857143,"(-10889488.270911435, 3567442.4571445314)",0.988239805988648
1050,12,2.0,0.0,"(-10889488.270911435, 3567442.4571445314)",0.988239805988648
1050,13,2.0,0.285714285714286,"(-10889488.270911435, 3567442.4571445314)",0.988239805988648
1050,14,2.0,0.142857142857143,"(-10889488.270911435, 3567442.4571445314)",0.988239805988648
1050,15,2.0,0.285714285714286,"(-10889488.270911435, 3567442.4571445314)",0.988239805988648
1050,16,2.0,0.285714285714286,"(-10889488.270911435, 3567442.4571445314)",0.988239805988648
1050,17,2.0,0.0,"(-10889488.270911435, 3567442.4571445314)",0.988239805988648
1050,18,2.0,0.142857142857143,"(-10889488.270911435, 3567442.4571445314)",0.988239805988648
1050,19,2.0,0.285714285714286,"(-10889488.270911435, 3567442.4571445314)",0.988239805988648
1050,20,2.0,0.571428571428571,"(-10889488.270911435, 3567442.4571445314)",0.988239805988648
1050,21,2.0,0.142857142857143,"(-10889488.270911435, 3567442.4571445314)",0.988239805988648
1050,22,2.0,0.142857142857143,"(-10889488.270911435, 3567442.4571445314)",0.988239805988648
1050,23,2.0,0.142857142857143,"(-10889488.270911435, 3567442.4571445314)",0.988239805988648
1051,0,4.0,0.571428571428571,"(-10892396.492608408, 3555756.105152155)",1.026178538245301
1051,1,4.0,0.428571428571429,"(-10892396.492608408, 3555756.105152155)",1.026178538245301
1051,2,4.0,0.571428571428571,"(-10892396.492608408, 3555756.105152155)",1.026178538245301
1051,3,4.0,1.0,"(-10892396.492608408, 3555756.105152155)",1.026178538245301
1051,4,4.0,1.28571428571429,"(-10892396.492608408, 3555756.105152155)",1.026178538245301
1051,5,4.0,0.857142857142857,"(-10892396.492608408, 3555756.105152155)",1.026178538245301
1051,6,4.0,0.428571428571429,"(-10892396.492608408, 3555756.105152155)",1.026178538245301
1051,7,4.0,0.714285714285714,"(-10892396.492608408, 3555756.105152155)",1.026178538245301
1051,8,4.0,0.571428571428571,"(-10892396.492608408, 3555756.105152155)",1.026178538245301
1051,9,4.0,0.142857142857143,"(-10892396.492608408, 3555756.105152155)",1.026178538245301
1051,10,4.0,0.0,"(-10892396.492608408, 3555756.105152155)",1.026178538245301
1051,11,4.0,0.142857142857143,"(-10892396.492608408, 3555756.105152155)",1.026178538245301
1051,12,4.0,0.285714285714286,"(-10892396.492608408, 3555756.105152155)",1.026178538245301
1051,13,4.0,0.571428571428571,"(-10892396.492608408, 3555756.105152155)",1.026178538245301
1051,14,4.0,0.571428571428571,"(-10892396.492608408, 3555756.105152155)",1.026178538245301
1051,15,4.0,0.571428571428571,"(-10892396.492608408, 3555756.105152155)",1.026178538245301
1051,16,4.0,0.571428571428571,"(-10892396.492608408, 3555756.105152155)",1.026178538245301
1051,17,4.0,0.714285714285714,"(-10892396.492608408, 3555756.105152155)",1.026178538245301
1051,18,4.0,0.571428571428571,"(-10892396.492608408, 3555756.105152155)",1.026178538245301
1051,19,4.0,0.714285714285714,"(-10892396.492608408, 3555756.105152155)",1.026178538245301
1051,20,4.0,1.57142857142857,"(-10892396.492608408, 3555756.105152155)",1.026178538245301
1051,21,4.0,1.42857142857143,"(-10892396.492608408, 3555756.105152155)",1.026178538245301
1051,22,4.0,1.42857142857143,"(-10892396.492608408, 3555756.105152155)",1.026178538245301
1051,23,4.0,1.0,"(-10892396.492608408, 3555756.105152155)",1.026178538245301
1052,0,2.0,0.142857142857143,"(-10887762.818804137, 3551594.2507819408)",1.0203330738541405
1052,1,2.0,0.142857142857143,"(-10887762.818804137, 3551594.2507819408)",1.0203330738541405
1052,2,2.0,0.285714285714286,"(-10887762.818804137, 3551594.2507819408)",1.0203330738541405
1052,3,2.0,0.428571428571429,"(-10887762.818804137, 3551594.2507819408)",1.0203330738541405
1052,4,2.0,0.428571428571429,"(-10887762.818804137, 3551594.2507819408)",1.0203330738541405
1052,5,2.0,0.285714285714286,"(-10887762.818804137, 3551594.2507819408)",1.0203330738541405
1052,6,2.0,0.428571428571429,"(-10887762.818804137, 3551594.2507819408)",1.0203330738541405
1052,7,2.0,0.285714285714286,"(-10887762.818804137, 3551594.2507819408)",1.0203330738541405
1052,8,2.0,0.285714285714286,"(-10887762.818804137, 3551594.2507819408)",1.0203330738541405
1052,9,2.0,0.142857142857143,"(-10887762.818804137, 3551594.2507819408)",1.0203330738541405
1052,10,2.0,0.0,"(-10887762.818804137, 3551594.2507819408)",1.0203330738541405
1052,11,2.0,0.142857142857143,"(-10887762.818804137, 3551594.2507819408)",1.0203330738541405
1052,12,2.0,0.142857142857143,"(-10887762.818804137, 3551594.2507819408)",1.0203330738541405
1052,13,2.0,0.142857142857143,"(-10887762.818804137, 3551594.2507819408)",1.0203330738541405
1052,14,2.0,0.0,"(-10887762.818804137, 3551594.2507819408)",1.0203330738541405
1052,15,2.0,0.285714285714286,"(-10887762.818804137, 3551594.2507819408)",1.0203330738541405
1052,16,2.0,0.285714285714286,"(-10887762.818804137, 3551594.2507819408)",1.0203330738541405
1052,17,2.0,0.571428571428571,"(-10887762.818804137, 3551594.2507819408)",1.0203330738541405
1052,18,2.0,0.428571428571429,"(-10887762.818804137, 3551594.2507819408)",1.0203330738541405
1052,19,2.0,0.285714285714286,"(-10887762.818804137, 3551594.2507819408)",1.0203330738541405
1052,20,2.0,0.285714285714286,"(-10887762.818804137, 3551594.2507819408)",1.0203330738541405
1052,21,2.0,0.428571428571429,"(-10887762.818804137, 3551594.2507819408)",1.0203330738541405
1052,22,2.0,0.285714285714286,"(-10887762.818804137, 3551594.2507819408)",1.0203330738541405
1052,23,2.0,0.142857142857143,"(-10887762.818804137, 3551594.2507819408)",1.0203330738541405
1053,0,2.0,0.285714285714286,"(-10887331.455777312, 3551707.1511849826)",1.0203330738541405
1053,1,2.0,0.571428571428571,"(-10887331.455777312, 3551707.1511849826)",1.0203330738541405
1053,2,2.0,0.142857142857143,"(-10887331.455777312, 3551707.1511849826)",1.0203330738541405
1053,3,2.0,0.142857142857143,"(-10887331.455777312, 3551707.1511849826)",1.0203330738541405
1053,4,2.0,0.285714285714286,"(-10887331.455777312, 3551707.1511849826)",1.0203330738541405
1053,5,2.0,0.571428571428571,"(-10887331.455777312, 3551707.1511849826)",1.0203330738541405
1053,6,2.0,0.714285714285714,"(-10887331.455777312, 3551707.1511849826)",1.0203330738541405
1053,7,2.0,0.714285714285714,"(-10887331.455777312, 3551707.1511849826)",1.0203330738541405
1053,8,2.0,0.428571428571429,"(-10887331.455777312, 3551707.1511849826)",1.0203330738541405
1053,9,2.0,0.571428571428571,"(-10887331.455777312, 3551707.1511849826)",1.0203330738541405
1053,10,2.0,0.285714285714286,"(-10887331.455777312, 3551707.1511849826)",1.0203330738541405
1053,11,2.0,0.142857142857143,"(-10887331.455777312, 3551707.1511849826)",1.0203330738541405
1053,12,2.0,0.285714285714286,"(-10887331.455777312, 3551707.1511849826)",1.0203330738541405
1053,13,2.0,0.714285714285714,"(-10887331.455777312, 3551707.1511849826)",1.0203330738541405
1053,14,2.0,0.571428571428571,"(-10887331.455777312, 3551707.1511849826)",1.0203330738541405
1053,15,2.0,0.714285714285714,"(-10887331.455777312, 3551707.1511849826)",1.0203330738541405
1053,16,2.0,0.571428571428571,"(-10887331.455777312, 3551707.1511849826)",1.0203330738541405
1053,17,2.0,0.428571428571429,"(-10887331.455777312, 3551707.1511849826)",1.0203330738541405
1053,18,2.0,0.428571428571429,"(-10887331.455777312, 3551707.1511849826)",1.0203330738541405
1053,19,2.0,0.285714285714286,"(-10887331.455777312, 3551707.1511849826)",1.0203330738541405
1053,20,2.0,0.571428571428571,"(-10887331.455777312, 3551707.1511849826)",1.0203330738541405
1053,21,2.0,0.571428571428571,"(-10887331.455777312, 3551707.1511849826)",1.0203330738541405
1053,22,2.0,0.428571428571429,"(-10887331.455777312, 3551707.1511849826)",1.0203330738541405
1053,23,2.0,0.285714285714286,"(-10887331.455777312, 3551707.1511849826)",1.0203330738541405
1054,0,4.0,0.714285714285714,"(-10893913.220670465, 3579527.6257338994)",0.9604044850153164
1054,1,4.0,1.14285714285714,"(-10893913.220670465, 3579527.6257338994)",0.9604044850153164
1054,2,4.0,0.857142857142857,"(-10893913.220670465, 3579527.6257338994)",0.9604044850153164
1054,3,4.0,0.857142857142857,"(-10893913.220670465, 3579527.6257338994)",0.9604044850153164
1054,4,4.0,0.714285714285714,"(-10893913.220670465, 3579527.6257338994)",0.9604044850153164
1054,5,4.0,0.714285714285714,"(-10893913.220670465, 3579527.6257338994)",0.9604044850153164
1054,6,4.0,0.714285714285714,"(-10893913.220670465, 3579527.6257338994)",0.9604044850153164
1054,7,4.0,0.714285714285714,"(-10893913.220670465, 3579527.6257338994)",0.9604044850153164
1054,8,4.0,0.285714285714286,"(-10893913.220670465, 3579527.6257338994)",0.9604044850153164
1054,9,4.0,0.142857142857143,"(-10893913.220670465, 3579527.6257338994)",0.9604044850153164
1054,10,4.0,0.428571428571429,"(-10893913.220670465, 3579527.6257338994)",0.9604044850153164
1054,11,4.0,1.14285714285714,"(-10893913.220670465, 3579527.6257338994)",0.9604044850153164
1054,12,4.0,1.14285714285714,"(-10893913.220670465, 3579527.6257338994)",0.9604044850153164
1054,13,4.0,1.14285714285714,"(-10893913.220670465, 3579527.6257338994)",0.9604044850153164
1054,14,4.0,0.714285714285714,"(-10893913.220670465, 3579527.6257338994)",0.9604044850153164
1054,15,4.0,0.714285714285714,"(-10893913.220670465, 3579527.6257338994)",0.9604044850153164
1054,16,4.0,0.714285714285714,"(-10893913.220670465, 3579527.6257338994)",0.9604044850153164
1054,17,4.0,0.428571428571429,"(-10893913.220670465, 3579527.6257338994)",0.9604044850153164
1054,18,4.0,0.714285714285714,"(-10893913.220670465, 3579527.6257338994)",0.9604044850153164
1054,19,4.0,0.857142857142857,"(-10893913.220670465, 3579527.6257338994)",0.9604044850153164
1054,20,4.0,0.857142857142857,"(-10893913.220670465, 3579527.6257338994)",0.9604044850153164
1054,21,4.0,0.428571428571429,"(-10893913.220670465, 3579527.6257338994)",0.9604044850153164
1054,22,4.0,0.571428571428571,"(-10893913.220670465, 3579527.6257338994)",0.9604044850153164
1054,23,4.0,0.428571428571429,"(-10893913.220670465, 3579527.6257338994)",0.9604044850153164
1055,0,2.0,0.285714285714286,"(-10892619.131589994, 3555594.7673690217)",1.026178538245301
1055,1,2.0,0.142857142857143,"(-10892619.131589994, 3555594.7673690217)",1.026178538245301
1055,2,2.0,0.142857142857143,"(-10892619.131589994, 3555594.7673690217)",1.026178538245301
1055,3,2.0,0.142857142857143,"(-10892619.131589994, 3555594.7673690217)",1.026178538245301
1055,4,2.0,0.285714285714286,"(-10892619.131589994, 3555594.7673690217)",1.026178538245301
1055,5,2.0,0.285714285714286,"(-10892619.131589994, 3555594.7673690217)",1.026178538245301
1055,6,2.0,0.285714285714286,"(-10892619.131589994, 3555594.7673690217)",1.026178538245301
1055,7,2.0,0.285714285714286,"(-10892619.131589994, 3555594.7673690217)",1.026178538245301
1055,8,2.0,0.285714285714286,"(-10892619.131589994, 3555594.7673690217)",1.026178538245301
1055,9,2.0,0.285714285714286,"(-10892619.131589994, 3555594.7673690217)",1.026178538245301
1055,10,2.0,0.285714285714286,"(-10892619.131589994, 3555594.7673690217)",1.026178538245301
1055,11,2.0,0.142857142857143,"(-10892619.131589994, 3555594.7673690217)",1.026178538245301
1055,12,2.0,0.571428571428571,"(-10892619.131589994, 3555594.7673690217)",1.026178538245301
1055,13,2.0,0.428571428571429,"(-10892619.131589994, 3555594.7673690217)",1.026178538245301
1055,14,2.0,0.285714285714286,"(-10892619.131589994, 3555594.7673690217)",1.026178538245301
1055,15,2.0,0.428571428571429,"(-10892619.131589994, 3555594.7673690217)",1.026178538245301
1055,16,2.0,0.142857142857143,"(-10892619.131589994, 3555594.7673690217)",1.026178538245301
1055,17,2.0,0.142857142857143,"(-10892619.131589994, 3555594.7673690217)",1.026178538245301
1055,18,2.0,0.285714285714286,"(-10892619.131589994, 3555594.7673690217)",1.026178538245301
1055,19,2.0,0.285714285714286,"(-10892619.131589994, 3555594.7673690217)",1.026178538245301
1055,20,2.0,0.428571428571429,"(-10892619.131589994, 3555594.7673690217)",1.026178538245301
1055,21,2.0,0.142857142857143,"(-10892619.131589994, 3555594.7673690217)",1.026178538245301
1055,22,2.0,0.0,"(-10892619.131589994, 3555594.7673690217)",1.026178538245301
1055,23,2.0,0.285714285714286,"(-10892619.131589994, 3555594.7673690217)",1.026178538245301
1056,0,2.0,0.142857142857143,"(-10883504.848281294, 3562179.0273304023)",1.0245318471806661
1056,1,2.0,0.285714285714286,"(-10883504.848281294, 3562179.0273304023)",1.0245318471806661
1056,2,2.0,0.0,"(-10883504.848281294, 3562179.0273304023)",1.0245318471806661
1056,3,2.0,0.285714285714286,"(-10883504.848281294, 3562179.0273304023)",1.0245318471806661
1056,4,2.0,0.285714285714286,"(-10883504.848281294, 3562179.0273304023)",1.0245318471806661
1056,5,2.0,0.142857142857143,"(-10883504.848281294, 3562179.0273304023)",1.0245318471806661
1056,6,2.0,0.0,"(-10883504.848281294, 3562179.0273304023)",1.0245318471806661
1056,7,2.0,0.285714285714286,"(-10883504.848281294, 3562179.0273304023)",1.0245318471806661
1056,8,2.0,0.571428571428571,"(-10883504.848281294, 3562179.0273304023)",1.0245318471806661
1056,9,2.0,0.571428571428571,"(-10883504.848281294, 3562179.0273304023)",1.0245318471806661
1056,10,2.0,0.428571428571429,"(-10883504.848281294, 3562179.0273304023)",1.0245318471806661
1056,11,2.0,0.285714285714286,"(-10883504.848281294, 3562179.0273304023)",1.0245318471806661
1056,12,2.0,0.428571428571429,"(-10883504.848281294, 3562179.0273304023)",1.0245318471806661
1056,13,2.0,0.571428571428571,"(-10883504.848281294, 3562179.0273304023)",1.0245318471806661
1056,14,2.0,0.571428571428571,"(-10883504.848281294, 3562179.0273304023)",1.0245318471806661
1056,15,2.0,0.428571428571429,"(-10883504.848281294, 3562179.0273304023)",1.0245318471806661
1056,16,2.0,0.0,"(-10883504.848281294, 3562179.0273304023)",1.0245318471806661
1056,17,2.0,0.0,"(-10883504.848281294, 3562179.0273304023)",1.0245318471806661
1056,18,2.0,0.0,"(-10883504.848281294, 3562179.0273304023)",1.0245318471806661
1056,19,2.0,0.285714285714286,"(-10883504.848281294, 3562179.0273304023)",1.0245318471806661
1056,20,2.0,0.0,"(-10883504.848281294, 3562179.0273304023)",1.0245318471806661
1056,21,2.0,0.142857142857143,"(-10883504.848281294, 3562179.0273304023)",1.0245318471806661
1056,22,2.0,0.285714285714286,"(-10883504.848281294, 3562179.0273304023)",1.0245318471806661
1056,23,2.0,0.285714285714286,"(-10883504.848281294, 3562179.0273304023)",1.0245318471806661
1057,0,4.0,0.571428571428571,"(-10892730.451080786, 3554610.6516134287)",1.026178538245301
1057,1,4.0,0.428571428571429,"(-10892730.451080786, 3554610.6516134287)",1.026178538245301
1057,2,4.0,0.285714285714286,"(-10892730.451080786, 3554610.6516134287)",1.026178538245301
1057,3,4.0,0.571428571428571,"(-10892730.451080786, 3554610.6516134287)",1.026178538245301
1057,4,4.0,0.428571428571429,"(-10892730.451080786, 3554610.6516134287)",1.026178538245301
1057,5,4.0,0.857142857142857,"(-10892730.451080786, 3554610.6516134287)",1.026178538245301
1057,6,4.0,0.714285714285714,"(-10892730.451080786, 3554610.6516134287)",1.026178538245301
1057,7,4.0,0.571428571428571,"(-10892730.451080786, 3554610.6516134287)",1.026178538245301
1057,8,4.0,0.571428571428571,"(-10892730.451080786, 3554610.6516134287)",1.026178538245301
1057,9,4.0,0.571428571428571,"(-10892730.451080786, 3554610.6516134287)",1.026178538245301
1057,10,4.0,0.571428571428571,"(-10892730.451080786, 3554610.6516134287)",1.026178538245301
1057,11,4.0,0.857142857142857,"(-10892730.451080786, 3554610.6516134287)",1.026178538245301
1057,12,4.0,1.0,"(-10892730.451080786, 3554610.6516134287)",1.026178538245301
1057,13,4.0,1.42857142857143,"(-10892730.451080786, 3554610.6516134287)",1.026178538245301
1057,14,4.0,1.14285714285714,"(-10892730.451080786, 3554610.6516134287)",1.026178538245301
1057,15,4.0,1.0,"(-10892730.451080786, 3554610.6516134287)",1.026178538245301
1057,16,4.0,0.428571428571429,"(-10892730.451080786, 3554610.6516134287)",1.026178538245301
1057,17,4.0,0.285714285714286,"(-10892730.451080786, 3554610.6516134287)",1.026178538245301
1057,18,4.0,0.714285714285714,"(-10892730.451080786, 3554610.6516134287)",1.026178538245301
1057,19,4.0,0.714285714285714,"(-10892730.451080786, 3554610.6516134287)",1.026178538245301
1057,20,4.0,0.428571428571429,"(-10892730.451080786, 3554610.6516134287)",1.026178538245301
1057,21,4.0,0.428571428571429,"(-10892730.451080786, 3554610.6516134287)",1.026178538245301
1057,22,4.0,0.714285714285714,"(-10892730.451080786, 3554610.6516134287)",1.026178538245301
1057,23,4.0,0.857142857142857,"(-10892730.451080786, 3554610.6516134287)",1.026178538245301
1058,0,4.0,1.14285714285714,"(-10892577.386780946, 3579317.489943267)",0.9604044850153164
1058,1,4.0,1.0,"(-10892577.386780946, 3579317.489943267)",0.9604044850153164
1058,2,4.0,1.0,"(-10892577.386780946, 3579317.489943267)",0.9604044850153164
1058,3,4.0,1.42857142857143,"(-10892577.386780946, 3579317.489943267)",0.9604044850153164
1058,4,4.0,0.714285714285714,"(-10892577.386780946, 3579317.489943267)",0.9604044850153164
1058,5,4.0,0.857142857142857,"(-10892577.386780946, 3579317.489943267)",0.9604044850153164
1058,6,4.0,0.857142857142857,"(-10892577.386780946, 3579317.489943267)",0.9604044850153164
1058,7,4.0,1.0,"(-10892577.386780946, 3579317.489943267)",0.9604044850153164
1058,8,4.0,0.857142857142857,"(-10892577.386780946, 3579317.489943267)",0.9604044850153164
1058,9,4.0,0.571428571428571,"(-10892577.386780946, 3579317.489943267)",0.9604044850153164
1058,10,4.0,0.714285714285714,"(-10892577.386780946, 3579317.489943267)",0.9604044850153164
1058,11,4.0,1.0,"(-10892577.386780946, 3579317.489943267)",0.9604044850153164
1058,12,4.0,0.857142857142857,"(-10892577.386780946, 3579317.489943267)",0.9604044850153164
1058,13,4.0,0.857142857142857,"(-10892577.386780946, 3579317.489943267)",0.9604044850153164
1058,14,4.0,0.428571428571429,"(-10892577.386780946, 3579317.489943267)",0.9604044850153164
1058,15,4.0,0.428571428571429,"(-10892577.386780946, 3579317.489943267)",0.9604044850153164
1058,16,4.0,0.285714285714286,"(-10892577.386780946, 3579317.489943267)",0.9604044850153164
1058,17,4.0,0.285714285714286,"(-10892577.386780946, 3579317.489943267)",0.9604044850153164
1058,18,4.0,0.142857142857143,"(-10892577.386780946, 3579317.489943267)",0.9604044850153164
1058,19,4.0,0.142857142857143,"(-10892577.386780946, 3579317.489943267)",0.9604044850153164
1058,20,4.0,0.428571428571429,"(-10892577.386780946, 3579317.489943267)",0.9604044850153164
1058,21,4.0,0.285714285714286,"(-10892577.386780946, 3579317.489943267)",0.9604044850153164
1058,22,4.0,0.571428571428571,"(-10892577.386780946, 3579317.489943267)",0.9604044850153164
1058,23,4.0,0.571428571428571,"(-10892577.386780946, 3579317.489943267)",0.9604044850153164
1059,0,6.0,1.0,"(-10887247.966159219, 3551513.6082555703)",1.0203330738541405
1059,1,6.0,0.714285714285714,"(-10887247.966159219, 3551513.6082555703)",1.0203330738541405
1059,2,6.0,1.0,"(-10887247.966159219, 3551513.6082555703)",1.0203330738541405
1059,3,6.0,1.57142857142857,"(-10887247.966159219, 3551513.6082555703)",1.0203330738541405
1059,4,6.0,1.0,"(-10887247.966159219, 3551513.6082555703)",1.0203330738541405
1059,5,6.0,1.28571428571429,"(-10887247.966159219, 3551513.6082555703)",1.0203330738541405
1059,6,6.0,1.14285714285714,"(-10887247.966159219, 3551513.6082555703)",1.0203330738541405
1059,7,6.0,1.85714285714286,"(-10887247.966159219, 3551513.6082555703)",1.0203330738541405
1059,8,6.0,1.71428571428571,"(-10887247.966159219, 3551513.6082555703)",1.0203330738541405
1059,9,6.0,2.14285714285714,"(-10887247.966159219, 3551513.6082555703)",1.0203330738541405
1059,10,6.0,1.28571428571429,"(-10887247.966159219, 3551513.6082555703)",1.0203330738541405
1059,11,6.0,0.857142857142857,"(-10887247.966159219, 3551513.6082555703)",1.0203330738541405
1059,12,6.0,0.428571428571429,"(-10887247.966159219, 3551513.6082555703)",1.0203330738541405
1059,13,6.0,0.571428571428571,"(-10887247.966159219, 3551513.6082555703)",1.0203330738541405
1059,14,6.0,0.285714285714286,"(-10887247.966159219, 3551513.6082555703)",1.0203330738541405
1059,15,6.0,0.285714285714286,"(-10887247.966159219, 3551513.6082555703)",1.0203330738541405
1059,16,6.0,0.857142857142857,"(-10887247.966159219, 3551513.6082555703)",1.0203330738541405
1059,17,6.0,1.42857142857143,"(-10887247.966159219, 3551513.6082555703)",1.0203330738541405
1059,18,6.0,1.85714285714286,"(-10887247.966159219, 3551513.6082555703)",1.0203330738541405
1059,19,6.0,1.57142857142857,"(-10887247.966159219, 3551513.6082555703)",1.0203330738541405
1059,20,6.0,1.42857142857143,"(-10887247.966159219, 3551513.6082555703)",1.0203330738541405
1059,21,6.0,0.428571428571429,"(-10887247.966159219, 3551513.6082555703)",1.0203330738541405
1059,22,6.0,0.571428571428571,"(-10887247.966159219, 3551513.6082555703)",1.0203330738541405
1059,23,6.0,1.0,"(-10887247.966159219, 3551513.6082555703)",1.0203330738541405
1060,0,2.0,0.285714285714286,"(-10888124.607149214, 3564762.0304982136)",0.988239805988648
1060,1,2.0,0.142857142857143,"(-10888124.607149214, 3564762.0304982136)",0.988239805988648
1060,2,2.0,0.0,"(-10888124.607149214, 3564762.0304982136)",0.988239805988648
1060,3,2.0,0.0,"(-10888124.607149214, 3564762.0304982136)",0.988239805988648
1060,4,2.0,0.285714285714286,"(-10888124.607149214, 3564762.0304982136)",0.988239805988648
1060,5,2.0,0.285714285714286,"(-10888124.607149214, 3564762.0304982136)",0.988239805988648
1060,6,2.0,0.571428571428571,"(-10888124.607149214, 3564762.0304982136)",0.988239805988648
1060,7,2.0,0.857142857142857,"(-10888124.607149214, 3564762.0304982136)",0.988239805988648
1060,8,2.0,0.285714285714286,"(-10888124.607149214, 3564762.0304982136)",0.988239805988648
1060,9,2.0,0.142857142857143,"(-10888124.607149214, 3564762.0304982136)",0.988239805988648
1060,10,2.0,0.142857142857143,"(-10888124.607149214, 3564762.0304982136)",0.988239805988648
1060,11,2.0,0.142857142857143,"(-10888124.607149214, 3564762.0304982136)",0.988239805988648
1060,12,2.0,0.428571428571429,"(-10888124.607149214, 3564762.0304982136)",0.988239805988648
1060,13,2.0,0.142857142857143,"(-10888124.607149214, 3564762.0304982136)",0.988239805988648
1060,14,2.0,0.571428571428571,"(-10888124.607149214, 3564762.0304982136)",0.988239805988648
1060,15,2.0,0.428571428571429,"(-10888124.607149214, 3564762.0304982136)",0.988239805988648
1060,16,2.0,0.714285714285714,"(-10888124.607149214, 3564762.0304982136)",0.988239805988648
1060,17,2.0,0.428571428571429,"(-10888124.607149214, 3564762.0304982136)",0.988239805988648
1060,18,2.0,0.428571428571429,"(-10888124.607149214, 3564762.0304982136)",0.988239805988648
1060,19,2.0,0.285714285714286,"(-10888124.607149214, 3564762.0304982136)",0.988239805988648
1060,20,2.0,0.285714285714286,"(-10888124.607149214, 3564762.0304982136)",0.988239805988648
1060,21,2.0,0.142857142857143,"(-10888124.607149214, 3564762.0304982136)",0.988239805988648
1060,22,2.0,0.571428571428571,"(-10888124.607149214, 3564762.0304982136)",0.988239805988648
1060,23,2.0,0.571428571428571,"(-10888124.607149214, 3564762.0304982136)",0.988239805988648
1061,0,4.0,0.428571428571429,"(-10887748.903867789, 3546901.713354388)",1.0244350908324547
1061,1,4.0,0.142857142857143,"(-10887748.903867789, 3546901.713354388)",1.0244350908324547
1061,2,4.0,0.428571428571429,"(-10887748.903867789, 3546901.713354388)",1.0244350908324547
1061,3,4.0,0.285714285714286,"(-10887748.903867789, 3546901.713354388)",1.0244350908324547
1061,4,4.0,0.428571428571429,"(-10887748.903867789, 3546901.713354388)",1.0244350908324547
1061,5,4.0,0.428571428571429,"(-10887748.903867789, 3546901.713354388)",1.0244350908324547
1061,6,4.0,0.428571428571429,"(-10887748.903867789, 3546901.713354388)",1.0244350908324547
1061,7,4.0,0.714285714285714,"(-10887748.903867789, 3546901.713354388)",1.0244350908324547
1061,8,4.0,0.714285714285714,"(-10887748.903867789, 3546901.713354388)",1.0244350908324547
1061,9,4.0,0.285714285714286,"(-10887748.903867789, 3546901.713354388)",1.0244350908324547
1061,10,4.0,0.285714285714286,"(-10887748.903867789, 3546901.713354388)",1.0244350908324547
1061,11,4.0,0.571428571428571,"(-10887748.903867789, 3546901.713354388)",1.0244350908324547
1061,12,4.0,1.14285714285714,"(-10887748.903867789, 3546901.713354388)",1.0244350908324547
1061,13,4.0,1.0,"(-10887748.903867789, 3546901.713354388)",1.0244350908324547
1061,14,4.0,0.857142857142857,"(-10887748.903867789, 3546901.713354388)",1.0244350908324547
1061,15,4.0,0.857142857142857,"(-10887748.903867789, 3546901.713354388)",1.0244350908324547
1061,16,4.0,1.14285714285714,"(-10887748.903867789, 3546901.713354388)",1.0244350908324547
1061,17,4.0,0.857142857142857,"(-10887748.903867789, 3546901.713354388)",1.0244350908324547
1061,18,4.0,0.857142857142857,"(-10887748.903867789, 3546901.713354388)",1.0244350908324547
1061,19,4.0,0.857142857142857,"(-10887748.903867789, 3546901.713354388)",1.0244350908324547
1061,20,4.0,1.42857142857143,"(-10887748.903867789, 3546901.713354388)",1.0244350908324547
1061,21,4.0,1.28571428571429,"(-10887748.903867789, 3546901.713354388)",1.0244350908324547
1061,22,4.0,1.14285714285714,"(-10887748.903867789, 3546901.713354388)",1.0244350908324547
1061,23,4.0,0.714285714285714,"(-10887748.903867789, 3546901.713354388)",1.0244350908324547
1062,0,1.0,0.0,"(-10892340.83286301, 3575955.796205597)",1.0062529277410932
1062,1,1.0,0.0,"(-10892340.83286301, 3575955.796205597)",1.0062529277410932
1062,2,1.0,0.0,"(-10892340.83286301, 3575955.796205597)",1.0062529277410932
1062,3,1.0,0.0,"(-10892340.83286301, 3575955.796205597)",1.0062529277410932
1062,4,1.0,0.0,"(-10892340.83286301, 3575955.796205597)",1.0062529277410932
1062,5,1.0,0.0,"(-10892340.83286301, 3575955.796205597)",1.0062529277410932
1062,6,1.0,0.0,"(-10892340.83286301, 3575955.796205597)",1.0062529277410932
1062,7,1.0,0.0,"(-10892340.83286301, 3575955.796205597)",1.0062529277410932
1062,8,1.0,0.0,"(-10892340.83286301, 3575955.796205597)",1.0062529277410932
1062,9,1.0,0.142857142857143,"(-10892340.83286301, 3575955.796205597)",1.0062529277410932
1062,10,1.0,0.0,"(-10892340.83286301, 3575955.796205597)",1.0062529277410932
1062,11,1.0,0.0,"(-10892340.83286301, 3575955.796205597)",1.0062529277410932
1062,12,1.0,0.0,"(-10892340.83286301, 3575955.796205597)",1.0062529277410932
1062,13,1.0,0.428571428571429,"(-10892340.83286301, 3575955.796205597)",1.0062529277410932
1062,14,1.0,0.285714285714286,"(-10892340.83286301, 3575955.796205597)",1.0062529277410932
1062,15,1.0,0.0,"(-10892340.83286301, 3575955.796205597)",1.0062529277410932
1062,16,1.0,0.0,"(-10892340.83286301, 3575955.796205597)",1.0062529277410932
1062,17,1.0,0.0,"(-10892340.83286301, 3575955.796205597)",1.0062529277410932
1062,18,1.0,0.0,"(-10892340.83286301, 3575955.796205597)",1.0062529277410932
1062,19,1.0,0.142857142857143,"(-10892340.83286301, 3575955.796205597)",1.0062529277410932
1062,20,1.0,0.142857142857143,"(-10892340.83286301, 3575955.796205597)",1.0062529277410932
1062,21,1.0,0.285714285714286,"(-10892340.83286301, 3575955.796205597)",1.0062529277410932
1062,22,1.0,0.0,"(-10892340.83286301, 3575955.796205597)",1.0062529277410932
1062,23,1.0,0.0,"(-10892340.83286301, 3575955.796205597)",1.0062529277410932
1063,0,4.0,0.428571428571429,"(-10882057.694900982, 3558870.329149104)",1.0245318471806661
1063,1,4.0,0.714285714285714,"(-10882057.694900982, 3558870.329149104)",1.0245318471806661
1063,2,4.0,0.714285714285714,"(-10882057.694900982, 3558870.329149104)",1.0245318471806661
1063,3,4.0,0.428571428571429,"(-10882057.694900982, 3558870.329149104)",1.0245318471806661
1063,4,4.0,0.714285714285714,"(-10882057.694900982, 3558870.329149104)",1.0245318471806661
1063,5,4.0,0.714285714285714,"(-10882057.694900982, 3558870.329149104)",1.0245318471806661
1063,6,4.0,0.857142857142857,"(-10882057.694900982, 3558870.329149104)",1.0245318471806661
1063,7,4.0,1.28571428571429,"(-10882057.694900982, 3558870.329149104)",1.0245318471806661
1063,8,4.0,1.42857142857143,"(-10882057.694900982, 3558870.329149104)",1.0245318471806661
1063,9,4.0,1.57142857142857,"(-10882057.694900982, 3558870.329149104)",1.0245318471806661
1063,10,4.0,1.42857142857143,"(-10882057.694900982, 3558870.329149104)",1.0245318471806661
1063,11,4.0,1.14285714285714,"(-10882057.694900982, 3558870.329149104)",1.0245318471806661
1063,12,4.0,1.14285714285714,"(-10882057.694900982, 3558870.329149104)",1.0245318471806661
1063,13,4.0,0.857142857142857,"(-10882057.694900982, 3558870.329149104)",1.0245318471806661
1063,14,4.0,0.857142857142857,"(-10882057.694900982, 3558870.329149104)",1.0245318471806661
1063,15,4.0,1.0,"(-10882057.694900982, 3558870.329149104)",1.0245318471806661
1063,16,4.0,1.14285714285714,"(-10882057.694900982, 3558870.329149104)",1.0245318471806661
1063,17,4.0,1.28571428571429,"(-10882057.694900982, 3558870.329149104)",1.0245318471806661
1063,18,4.0,1.28571428571429,"(-10882057.694900982, 3558870.329149104)",1.0245318471806661
1063,19,4.0,0.857142857142857,"(-10882057.694900982, 3558870.329149104)",1.0245318471806661
1063,20,4.0,0.714285714285714,"(-10882057.694900982, 3558870.329149104)",1.0245318471806661
1063,21,4.0,0.571428571428571,"(-10882057.694900982, 3558870.329149104)",1.0245318471806661
1063,22,4.0,0.571428571428571,"(-10882057.694900982, 3558870.329149104)",1.0245318471806661
1063,23,4.0,0.428571428571429,"(-10882057.694900982, 3558870.329149104)",1.0245318471806661
1064,0,2.0,0.857142857142857,"(-10889084.737757307, 3534960.5378492284)",1.0233727677681235
1064,1,2.0,0.571428571428571,"(-10889084.737757307, 3534960.5378492284)",1.0233727677681235
1064,2,2.0,0.285714285714286,"(-10889084.737757307, 3534960.5378492284)",1.0233727677681235
1064,3,2.0,0.142857142857143,"(-10889084.737757307, 3534960.5378492284)",1.0233727677681235
1064,4,2.0,0.571428571428571,"(-10889084.737757307, 3534960.5378492284)",1.0233727677681235
1064,5,2.0,0.571428571428571,"(-10889084.737757307, 3534960.5378492284)",1.0233727677681235
1064,6,2.0,0.285714285714286,"(-10889084.737757307, 3534960.5378492284)",1.0233727677681235
1064,7,2.0,0.142857142857143,"(-10889084.737757307, 3534960.5378492284)",1.0233727677681235
1064,8,2.0,0.428571428571429,"(-10889084.737757307, 3534960.5378492284)",1.0233727677681235
1064,9,2.0,0.571428571428571,"(-10889084.737757307, 3534960.5378492284)",1.0233727677681235
1064,10,2.0,0.142857142857143,"(-10889084.737757307, 3534960.5378492284)",1.0233727677681235
1064,11,2.0,0.142857142857143,"(-10889084.737757307, 3534960.5378492284)",1.0233727677681235
1064,12,2.0,0.0,"(-10889084.737757307, 3534960.5378492284)",1.0233727677681235
1064,13,2.0,0.0,"(-10889084.737757307, 3534960.5378492284)",1.0233727677681235
1064,14,2.0,0.428571428571429,"(-10889084.737757307, 3534960.5378492284)",1.0233727677681235
1064,15,2.0,0.285714285714286,"(-10889084.737757307, 3534960.5378492284)",1.0233727677681235
1064,16,2.0,0.142857142857143,"(-10889084.737757307, 3534960.5378492284)",1.0233727677681235
1064,17,2.0,0.142857142857143,"(-10889084.737757307, 3534960.5378492284)",1.0233727677681235
1064,18,2.0,0.428571428571429,"(-10889084.737757307, 3534960.5378492284)",1.0233727677681235
1064,19,2.0,1.0,"(-10889084.737757307, 3534960.5378492284)",1.0233727677681235
1064,20,2.0,0.714285714285714,"(-10889084.737757307, 3534960.5378492284)",1.0233727677681235
1064,21,2.0,0.428571428571429,"(-10889084.737757307, 3534960.5378492284)",1.0233727677681235
1064,22,2.0,0.285714285714286,"(-10889084.737757307, 3534960.5378492284)",1.0233727677681235
1064,23,2.0,0.714285714285714,"(-10889084.737757307, 3534960.5378492284)",1.0233727677681235
1065,0,2.0,0.142857142857143,"(-10893161.81410761, 3531610.6533404617)",1.0171915958234041
1065,1,2.0,0.0,"(-10893161.81410761, 3531610.6533404617)",1.0171915958234041
1065,2,2.0,0.0,"(-10893161.81410761, 3531610.6533404617)",1.0171915958234041
1065,3,2.0,0.142857142857143,"(-10893161.81410761, 3531610.6533404617)",1.0171915958234041
1065,4,2.0,0.142857142857143,"(-10893161.81410761, 3531610.6533404617)",1.0171915958234041
1065,5,2.0,0.285714285714286,"(-10893161.81410761, 3531610.6533404617)",1.0171915958234041
1065,6,2.0,0.285714285714286,"(-10893161.81410761, 3531610.6533404617)",1.0171915958234041
1065,7,2.0,0.285714285714286,"(-10893161.81410761, 3531610.6533404617)",1.0171915958234041
1065,8,2.0,0.142857142857143,"(-10893161.81410761, 3531610.6533404617)",1.0171915958234041
1065,9,2.0,0.142857142857143,"(-10893161.81410761, 3531610.6533404617)",1.0171915958234041
1065,10,2.0,0.0,"(-10893161.81410761, 3531610.6533404617)",1.0171915958234041
1065,11,2.0,0.0,"(-10893161.81410761, 3531610.6533404617)",1.0171915958234041
1065,12,2.0,0.142857142857143,"(-10893161.81410761, 3531610.6533404617)",1.0171915958234041
1065,13,2.0,0.142857142857143,"(-10893161.81410761, 3531610.6533404617)",1.0171915958234041
1065,14,2.0,0.0,"(-10893161.81410761, 3531610.6533404617)",1.0171915958234041
1065,15,2.0,0.142857142857143,"(-10893161.81410761, 3531610.6533404617)",1.0171915958234041
1065,16,2.0,0.142857142857143,"(-10893161.81410761, 3531610.6533404617)",1.0171915958234041
1065,17,2.0,0.285714285714286,"(-10893161.81410761, 3531610.6533404617)",1.0171915958234041
1065,18,2.0,0.428571428571429,"(-10893161.81410761, 3531610.6533404617)",1.0171915958234041
1065,19,2.0,0.285714285714286,"(-10893161.81410761, 3531610.6533404617)",1.0171915958234041
1065,20,2.0,0.285714285714286,"(-10893161.81410761, 3531610.6533404617)",1.0171915958234041
1065,21,2.0,0.142857142857143,"(-10893161.81410761, 3531610.6533404617)",1.0171915958234041
1065,22,2.0,0.571428571428571,"(-10893161.81410761, 3531610.6533404617)",1.0171915958234041
1065,23,2.0,0.428571428571429,"(-10893161.81410761, 3531610.6533404617)",1.0171915958234041
1066,0,6.0,3.14285714285714,"(-10884506.723698433, 3528776.8271721415)",1.0235417465384211
1066,1,6.0,2.0,"(-10884506.723698433, 3528776.8271721415)",1.0235417465384211
1066,2,6.0,1.42857142857143,"(-10884506.723698433, 3528776.8271721415)",1.0235417465384211
1066,3,6.0,0.714285714285714,"(-10884506.723698433, 3528776.8271721415)",1.0235417465384211
1066,4,6.0,1.0,"(-10884506.723698433, 3528776.8271721415)",1.0235417465384211
1066,5,6.0,1.14285714285714,"(-10884506.723698433, 3528776.8271721415)",1.0235417465384211
1066,6,6.0,1.0,"(-10884506.723698433, 3528776.8271721415)",1.0235417465384211
1066,7,6.0,1.28571428571429,"(-10884506.723698433, 3528776.8271721415)",1.0235417465384211
1066,8,6.0,0.857142857142857,"(-10884506.723698433, 3528776.8271721415)",1.0235417465384211
1066,9,6.0,1.0,"(-10884506.723698433, 3528776.8271721415)",1.0235417465384211
1066,10,6.0,0.571428571428571,"(-10884506.723698433, 3528776.8271721415)",1.0235417465384211
1066,11,6.0,1.0,"(-10884506.723698433, 3528776.8271721415)",1.0235417465384211
1066,12,6.0,1.0,"(-10884506.723698433, 3528776.8271721415)",1.0235417465384211
1066,13,6.0,1.14285714285714,"(-10884506.723698433, 3528776.8271721415)",1.0235417465384211
1066,14,6.0,1.42857142857143,"(-10884506.723698433, 3528776.8271721415)",1.0235417465384211
1066,15,6.0,1.57142857142857,"(-10884506.723698433, 3528776.8271721415)",1.0235417465384211
1066,16,6.0,2.28571428571429,"(-10884506.723698433, 3528776.8271721415)",1.0235417465384211
1066,17,6.0,2.42857142857143,"(-10884506.723698433, 3528776.8271721415)",1.0235417465384211
1066,18,6.0,2.42857142857143,"(-10884506.723698433, 3528776.8271721415)",1.0235417465384211
1066,19,6.0,3.0,"(-10884506.723698433, 3528776.8271721415)",1.0235417465384211
1066,20,6.0,2.85714285714286,"(-10884506.723698433, 3528776.8271721415)",1.0235417465384211
1066,21,6.0,2.71428571428571,"(-10884506.723698433, 3528776.8271721415)",1.0235417465384211
1066,22,6.0,2.71428571428571,"(-10884506.723698433, 3528776.8271721415)",1.0235417465384211
1066,23,6.0,3.28571428571429,"(-10884506.723698433, 3528776.8271721415)",1.0235417465384211
1067,0,6.0,0.857142857142857,"(-10872275.494647522, 3530725.0146090416)",1.0342523602844744
1067,1,6.0,1.0,"(-10872275.494647522, 3530725.0146090416)",1.0342523602844744
1067,2,6.0,1.28571428571429,"(-10872275.494647522, 3530725.0146090416)",1.0342523602844744
1067,3,6.0,1.71428571428571,"(-10872275.494647522, 3530725.0146090416)",1.0342523602844744
1067,4,6.0,3.14285714285714,"(-10872275.494647522, 3530725.0146090416)",1.0342523602844744
1067,5,6.0,2.57142857142857,"(-10872275.494647522, 3530725.0146090416)",1.0342523602844744
1067,6,6.0,2.28571428571429,"(-10872275.494647522, 3530725.0146090416)",1.0342523602844744
1067,7,6.0,2.14285714285714,"(-10872275.494647522, 3530725.0146090416)",1.0342523602844744
1067,8,6.0,1.71428571428571,"(-10872275.494647522, 3530725.0146090416)",1.0342523602844744
1067,9,6.0,1.14285714285714,"(-10872275.494647522, 3530725.0146090416)",1.0342523602844744
1067,10,6.0,1.14285714285714,"(-10872275.494647522, 3530725.0146090416)",1.0342523602844744
1067,11,6.0,1.28571428571429,"(-10872275.494647522, 3530725.0146090416)",1.0342523602844744
1067,12,6.0,1.71428571428571,"(-10872275.494647522, 3530725.0146090416)",1.0342523602844744
1067,13,6.0,1.42857142857143,"(-10872275.494647522, 3530725.0146090416)",1.0342523602844744
1067,14,6.0,1.57142857142857,"(-10872275.494647522, 3530725.0146090416)",1.0342523602844744
1067,15,6.0,1.42857142857143,"(-10872275.494647522, 3530725.0146090416)",1.0342523602844744
1067,16,6.0,2.28571428571429,"(-10872275.494647522, 3530725.0146090416)",1.0342523602844744
1067,17,6.0,1.71428571428571,"(-10872275.494647522, 3530725.0146090416)",1.0342523602844744
1067,18,6.0,2.28571428571429,"(-10872275.494647522, 3530725.0146090416)",1.0342523602844744
1067,19,6.0,1.28571428571429,"(-10872275.494647522, 3530725.0146090416)",1.0342523602844744
1067,20,6.0,1.0,"(-10872275.494647522, 3530725.0146090416)",1.0342523602844744
1067,21,6.0,1.28571428571429,"(-10872275.494647522, 3530725.0146090416)",1.0342523602844744
1067,22,6.0,1.57142857142857,"(-10872275.494647522, 3530725.0146090416)",1.0342523602844744
1067,23,6.0,1.85714285714286,"(-10872275.494647522, 3530725.0146090416)",1.0342523602844744
1068,0,12.0,2.57142857142857,"(-10886162.601123983, 3524495.0866624312)",1.0162202085949792
1068,1,12.0,2.28571428571429,"(-10886162.601123983, 3524495.0866624312)",1.0162202085949792
1068,2,12.0,1.57142857142857,"(-10886162.601123983, 3524495.0866624312)",1.0162202085949792
1068,3,12.0,1.57142857142857,"(-10886162.601123983, 3524495.0866624312)",1.0162202085949792
1068,4,12.0,1.28571428571429,"(-10886162.601123983, 3524495.0866624312)",1.0162202085949792
1068,5,12.0,2.14285714285714,"(-10886162.601123983, 3524495.0866624312)",1.0162202085949792
1068,6,12.0,2.0,"(-10886162.601123983, 3524495.0866624312)",1.0162202085949792
1068,7,12.0,2.0,"(-10886162.601123983, 3524495.0866624312)",1.0162202085949792
1068,8,12.0,2.71428571428571,"(-10886162.601123983, 3524495.0866624312)",1.0162202085949792
1068,9,12.0,3.0,"(-10886162.601123983, 3524495.0866624312)",1.0162202085949792
1068,10,12.0,2.28571428571429,"(-10886162.601123983, 3524495.0866624312)",1.0162202085949792
1068,11,12.0,2.14285714285714,"(-10886162.601123983, 3524495.0866624312)",1.0162202085949792
1068,12,12.0,2.14285714285714,"(-10886162.601123983, 3524495.0866624312)",1.0162202085949792
1068,13,12.0,3.0,"(-10886162.601123983, 3524495.0866624312)",1.0162202085949792
1068,14,12.0,4.0,"(-10886162.601123983, 3524495.0866624312)",1.0162202085949792
1068,15,12.0,4.42857142857143,"(-10886162.601123983, 3524495.0866624312)",1.0162202085949792
1068,16,12.0,5.57142857142857,"(-10886162.601123983, 3524495.0866624312)",1.0162202085949792
1068,17,12.0,4.71428571428571,"(-10886162.601123983, 3524495.0866624312)",1.0162202085949792
1068,18,12.0,5.42857142857143,"(-10886162.601123983, 3524495.0866624312)",1.0162202085949792
1068,19,12.0,5.14285714285714,"(-10886162.601123983, 3524495.0866624312)",1.0162202085949792
1068,20,12.0,6.0,"(-10886162.601123983, 3524495.0866624312)",1.0162202085949792
1068,21,12.0,5.71428571428571,"(-10886162.601123983, 3524495.0866624312)",1.0162202085949792
1068,22,12.0,4.71428571428571,"(-10886162.601123983, 3524495.0866624312)",1.0162202085949792
1068,23,12.0,4.57142857142857,"(-10886162.601123983, 3524495.0866624312)",1.0162202085949792
1069,0,1.0,0.0,"(-10886371.32516922, 3521952.4808290093)",1.0162202085949792
1069,1,1.0,0.142857142857143,"(-10886371.32516922, 3521952.4808290093)",1.0162202085949792
1069,2,1.0,0.142857142857143,"(-10886371.32516922, 3521952.4808290093)",1.0162202085949792
1069,3,1.0,0.0,"(-10886371.32516922, 3521952.4808290093)",1.0162202085949792
1069,4,1.0,0.142857142857143,"(-10886371.32516922, 3521952.4808290093)",1.0162202085949792
1069,5,1.0,0.142857142857143,"(-10886371.32516922, 3521952.4808290093)",1.0162202085949792
1069,6,1.0,0.0,"(-10886371.32516922, 3521952.4808290093)",1.0162202085949792
1069,7,1.0,0.0,"(-10886371.32516922, 3521952.4808290093)",1.0162202085949792
1069,8,1.0,0.0,"(-10886371.32516922, 3521952.4808290093)",1.0162202085949792
1069,9,1.0,0.142857142857143,"(-10886371.32516922, 3521952.4808290093)",1.0162202085949792
1069,10,1.0,0.285714285714286,"(-10886371.32516922, 3521952.4808290093)",1.0162202085949792
1069,11,1.0,0.285714285714286,"(-10886371.32516922, 3521952.4808290093)",1.0162202085949792
1069,12,1.0,0.285714285714286,"(-10886371.32516922, 3521952.4808290093)",1.0162202085949792
1069,13,1.0,0.285714285714286,"(-10886371.32516922, 3521952.4808290093)",1.0162202085949792
1069,14,1.0,0.142857142857143,"(-10886371.32516922, 3521952.4808290093)",1.0162202085949792
1069,15,1.0,0.285714285714286,"(-10886371.32516922, 3521952.4808290093)",1.0162202085949792
1069,16,1.0,0.285714285714286,"(-10886371.32516922, 3521952.4808290093)",1.0162202085949792
1069,17,1.0,0.142857142857143,"(-10886371.32516922, 3521952.4808290093)",1.0162202085949792
1069,18,1.0,0.0,"(-10886371.32516922, 3521952.4808290093)",1.0162202085949792
1069,19,1.0,0.0,"(-10886371.32516922, 3521952.4808290093)",1.0162202085949792
1069,20,1.0,0.0,"(-10886371.32516922, 3521952.4808290093)",1.0162202085949792
1069,21,1.0,0.0,"(-10886371.32516922, 3521952.4808290093)",1.0162202085949792
1069,22,1.0,0.0,"(-10886371.32516922, 3521952.4808290093)",1.0162202085949792
1069,23,1.0,0.0,"(-10886371.32516922, 3521952.4808290093)",1.0162202085949792
1070,0,3.0,0.714285714285714,"(-10887275.796031917, 3520005.639460523)",1.0162202085949792
1070,1,3.0,0.285714285714286,"(-10887275.796031917, 3520005.639460523)",1.0162202085949792
1070,2,3.0,0.428571428571429,"(-10887275.796031917, 3520005.639460523)",1.0162202085949792
1070,3,3.0,0.285714285714286,"(-10887275.796031917, 3520005.639460523)",1.0162202085949792
1070,4,3.0,0.428571428571429,"(-10887275.796031917, 3520005.639460523)",1.0162202085949792
1070,5,3.0,0.285714285714286,"(-10887275.796031917, 3520005.639460523)",1.0162202085949792
1070,6,3.0,0.0,"(-10887275.796031917, 3520005.639460523)",1.0162202085949792
1070,7,3.0,0.285714285714286,"(-10887275.796031917, 3520005.639460523)",1.0162202085949792
1070,8,3.0,0.428571428571429,"(-10887275.796031917, 3520005.639460523)",1.0162202085949792
1070,9,3.0,0.571428571428571,"(-10887275.796031917, 3520005.639460523)",1.0162202085949792
1070,10,3.0,0.285714285714286,"(-10887275.796031917, 3520005.639460523)",1.0162202085949792
1070,11,3.0,0.0,"(-10887275.796031917, 3520005.639460523)",1.0162202085949792
1070,12,3.0,0.142857142857143,"(-10887275.796031917, 3520005.639460523)",1.0162202085949792
1070,13,3.0,0.285714285714286,"(-10887275.796031917, 3520005.639460523)",1.0162202085949792
1070,14,3.0,0.571428571428571,"(-10887275.796031917, 3520005.639460523)",1.0162202085949792
1070,15,3.0,0.857142857142857,"(-10887275.796031917, 3520005.639460523)",1.0162202085949792
1070,16,3.0,0.857142857142857,"(-10887275.796031917, 3520005.639460523)",1.0162202085949792
1070,17,3.0,0.428571428571429,"(-10887275.796031917, 3520005.639460523)",1.0162202085949792
1070,18,3.0,0.428571428571429,"(-10887275.796031917, 3520005.639460523)",1.0162202085949792
1070,19,3.0,0.285714285714286,"(-10887275.796031917, 3520005.639460523)",1.0162202085949792
1070,20,3.0,0.142857142857143,"(-10887275.796031917, 3520005.639460523)",1.0162202085949792
1070,21,3.0,0.285714285714286,"(-10887275.796031917, 3520005.639460523)",1.0162202085949792
1070,22,3.0,0.571428571428571,"(-10887275.796031917, 3520005.639460523)",1.0162202085949792
1070,23,3.0,0.857142857142857,"(-10887275.796031917, 3520005.639460523)",1.0162202085949792
1071,0,4.0,0.428571428571429,"(-10882182.929328125, 3523159.3504991652)",1.0236906247718953
1071,1,4.0,0.428571428571429,"(-10882182.929328125, 3523159.3504991652)",1.0236906247718953
1071,2,4.0,0.428571428571429,"(-10882182.929328125, 3523159.3504991652)",1.0236906247718953
1071,3,4.0,0.428571428571429,"(-10882182.929328125, 3523159.3504991652)",1.0236906247718953
1071,4,4.0,0.285714285714286,"(-10882182.929328125, 3523159.3504991652)",1.0236906247718953
1071,5,4.0,0.714285714285714,"(-10882182.929328125, 3523159.3504991652)",1.0236906247718953
1071,6,4.0,1.14285714285714,"(-10882182.929328125, 3523159.3504991652)",1.0236906247718953
1071,7,4.0,1.14285714285714,"(-10882182.929328125, 3523159.3504991652)",1.0236906247718953
1071,8,4.0,1.14285714285714,"(-10882182.929328125, 3523159.3504991652)",1.0236906247718953
1071,9,4.0,1.0,"(-10882182.929328125, 3523159.3504991652)",1.0236906247718953
1071,10,4.0,0.714285714285714,"(-10882182.929328125, 3523159.3504991652)",1.0236906247718953
1071,11,4.0,0.571428571428571,"(-10882182.929328125, 3523159.3504991652)",1.0236906247718953
1071,12,4.0,0.428571428571429,"(-10882182.929328125, 3523159.3504991652)",1.0236906247718953
1071,13,4.0,0.428571428571429,"(-10882182.929328125, 3523159.3504991652)",1.0236906247718953
1071,14,4.0,0.571428571428571,"(-10882182.929328125, 3523159.3504991652)",1.0236906247718953
1071,15,4.0,0.428571428571429,"(-10882182.929328125, 3523159.3504991652)",1.0236906247718953
1071,16,4.0,0.714285714285714,"(-10882182.929328125, 3523159.3504991652)",1.0236906247718953
1071,17,4.0,0.857142857142857,"(-10882182.929328125, 3523159.3504991652)",1.0236906247718953
1071,18,4.0,1.0,"(-10882182.929328125, 3523159.3504991652)",1.0236906247718953
1071,19,4.0,1.42857142857143,"(-10882182.929328125, 3523159.3504991652)",1.0236906247718953
1071,20,4.0,1.0,"(-10882182.929328125, 3523159.3504991652)",1.0236906247718953
1071,21,4.0,0.857142857142857,"(-10882182.929328125, 3523159.3504991652)",1.0236906247718953
1071,22,4.0,0.857142857142857,"(-10882182.929328125, 3523159.3504991652)",1.0236906247718953
1071,23,4.0,1.0,"(-10882182.929328125, 3523159.3504991652)",1.0236906247718953
1072,0,2.0,0.142857142857143,"(-10885870.38746065, 3522065.1171458135)",1.0162202085949792
1072,1,2.0,0.428571428571429,"(-10885870.38746065, 3522065.1171458135)",1.0162202085949792
1072,2,2.0,0.571428571428571,"(-10885870.38746065, 3522065.1171458135)",1.0162202085949792
1072,3,2.0,0.428571428571429,"(-10885870.38746065, 3522065.1171458135)",1.0162202085949792
1072,4,2.0,0.428571428571429,"(-10885870.38746065, 3522065.1171458135)",1.0162202085949792
1072,5,2.0,0.285714285714286,"(-10885870.38746065, 3522065.1171458135)",1.0162202085949792
1072,6,2.0,0.142857142857143,"(-10885870.38746065, 3522065.1171458135)",1.0162202085949792
1072,7,2.0,0.285714285714286,"(-10885870.38746065, 3522065.1171458135)",1.0162202085949792
1072,8,2.0,0.142857142857143,"(-10885870.38746065, 3522065.1171458135)",1.0162202085949792
1072,9,2.0,0.0,"(-10885870.38746065, 3522065.1171458135)",1.0162202085949792
1072,10,2.0,0.0,"(-10885870.38746065, 3522065.1171458135)",1.0162202085949792
1072,11,2.0,0.142857142857143,"(-10885870.38746065, 3522065.1171458135)",1.0162202085949792
1072,12,2.0,0.428571428571429,"(-10885870.38746065, 3522065.1171458135)",1.0162202085949792
1072,13,2.0,0.428571428571429,"(-10885870.38746065, 3522065.1171458135)",1.0162202085949792
1072,14,2.0,0.571428571428571,"(-10885870.38746065, 3522065.1171458135)",1.0162202085949792
1072,15,2.0,0.428571428571429,"(-10885870.38746065, 3522065.1171458135)",1.0162202085949792
1072,16,2.0,0.428571428571429,"(-10885870.38746065, 3522065.1171458135)",1.0162202085949792
1072,17,2.0,0.571428571428571,"(-10885870.38746065, 3522065.1171458135)",1.0162202085949792
1072,18,2.0,0.714285714285714,"(-10885870.38746065, 3522065.1171458135)",1.0162202085949792
1072,19,2.0,0.571428571428571,"(-10885870.38746065, 3522065.1171458135)",1.0162202085949792
1072,20,2.0,0.571428571428571,"(-10885870.38746065, 3522065.1171458135)",1.0162202085949792
1072,21,2.0,0.857142857142857,"(-10885870.38746065, 3522065.1171458135)",1.0162202085949792
1072,22,2.0,0.428571428571429,"(-10885870.38746065, 3522065.1171458135)",1.0162202085949792
1072,23,2.0,0.285714285714286,"(-10885870.38746065, 3522065.1171458135)",1.0162202085949792
1073,0,2.0,0.0,"(-10888096.777276516, 3532947.279890623)",1.0233727677681235
1073,1,2.0,0.142857142857143,"(-10888096.777276516, 3532947.279890623)",1.0233727677681235
1073,2,2.0,0.285714285714286,"(-10888096.777276516, 3532947.279890623)",1.0233727677681235
1073,3,2.0,0.428571428571429,"(-10888096.777276516, 3532947.279890623)",1.0233727677681235
1073,4,2.0,0.285714285714286,"(-10888096.777276516, 3532947.279890623)",1.0233727677681235
1073,5,2.0,0.142857142857143,"(-10888096.777276516, 3532947.279890623)",1.0233727677681235
1073,6,2.0,0.0,"(-10888096.777276516, 3532947.279890623)",1.0233727677681235
1073,7,2.0,0.0,"(-10888096.777276516, 3532947.279890623)",1.0233727677681235
1073,8,2.0,0.0,"(-10888096.777276516, 3532947.279890623)",1.0233727677681235
1073,9,2.0,0.142857142857143,"(-10888096.777276516, 3532947.279890623)",1.0233727677681235
1073,10,2.0,0.0,"(-10888096.777276516, 3532947.279890623)",1.0233727677681235
1073,11,2.0,0.142857142857143,"(-10888096.777276516, 3532947.279890623)",1.0233727677681235
1073,12,2.0,0.142857142857143,"(-10888096.777276516, 3532947.279890623)",1.0233727677681235
1073,13,2.0,0.285714285714286,"(-10888096.777276516, 3532947.279890623)",1.0233727677681235
1073,14,2.0,0.0,"(-10888096.777276516, 3532947.279890623)",1.0233727677681235
1073,15,2.0,0.142857142857143,"(-10888096.777276516, 3532947.279890623)",1.0233727677681235
1073,16,2.0,0.0,"(-10888096.777276516, 3532947.279890623)",1.0233727677681235
1073,17,2.0,0.142857142857143,"(-10888096.777276516, 3532947.279890623)",1.0233727677681235
1073,18,2.0,0.0,"(-10888096.777276516, 3532947.279890623)",1.0233727677681235
1073,19,2.0,0.142857142857143,"(-10888096.777276516, 3532947.279890623)",1.0233727677681235
1073,20,2.0,0.285714285714286,"(-10888096.777276516, 3532947.279890623)",1.0233727677681235
1073,21,2.0,0.428571428571429,"(-10888096.777276516, 3532947.279890623)",1.0233727677681235
1073,22,2.0,0.142857142857143,"(-10888096.777276516, 3532947.279890623)",1.0233727677681235
1073,23,2.0,0.0,"(-10888096.777276516, 3532947.279890623)",1.0233727677681235
1074,0,2.0,0.285714285714286,"(-10890337.08202873, 3531369.1093669683)",1.0272681179328365
1074,1,2.0,0.428571428571429,"(-10890337.08202873, 3531369.1093669683)",1.0272681179328365
1074,2,2.0,0.428571428571429,"(-10890337.08202873, 3531369.1093669683)",1.0272681179328365
1074,3,2.0,0.0,"(-10890337.08202873, 3531369.1093669683)",1.0272681179328365
1074,4,2.0,0.142857142857143,"(-10890337.08202873, 3531369.1093669683)",1.0272681179328365
1074,5,2.0,0.0,"(-10890337.08202873, 3531369.1093669683)",1.0272681179328365
1074,6,2.0,0.285714285714286,"(-10890337.08202873, 3531369.1093669683)",1.0272681179328365
1074,7,2.0,0.285714285714286,"(-10890337.08202873, 3531369.1093669683)",1.0272681179328365
1074,8,2.0,0.857142857142857,"(-10890337.08202873, 3531369.1093669683)",1.0272681179328365
1074,9,2.0,0.428571428571429,"(-10890337.08202873, 3531369.1093669683)",1.0272681179328365
1074,10,2.0,0.714285714285714,"(-10890337.08202873, 3531369.1093669683)",1.0272681179328365
1074,11,2.0,0.571428571428571,"(-10890337.08202873, 3531369.1093669683)",1.0272681179328365
1074,12,2.0,0.428571428571429,"(-10890337.08202873, 3531369.1093669683)",1.0272681179328365
1074,13,2.0,0.428571428571429,"(-10890337.08202873, 3531369.1093669683)",1.0272681179328365
1074,14,2.0,0.142857142857143,"(-10890337.08202873, 3531369.1093669683)",1.0272681179328365
1074,15,2.0,0.142857142857143,"(-10890337.08202873, 3531369.1093669683)",1.0272681179328365
1074,16,2.0,0.142857142857143,"(-10890337.08202873, 3531369.1093669683)",1.0272681179328365
1074,17,2.0,0.142857142857143,"(-10890337.08202873, 3531369.1093669683)",1.0272681179328365
1074,18,2.0,0.142857142857143,"(-10890337.08202873, 3531369.1093669683)",1.0272681179328365
1074,19,2.0,0.142857142857143,"(-10890337.08202873, 3531369.1093669683)",1.0272681179328365
1074,20,2.0,0.142857142857143,"(-10890337.08202873, 3531369.1093669683)",1.0272681179328365
1074,21,2.0,0.428571428571429,"(-10890337.08202873, 3531369.1093669683)",1.0272681179328365
1074,22,2.0,0.428571428571429,"(-10890337.08202873, 3531369.1093669683)",1.0272681179328365
1074,23,2.0,0.571428571428571,"(-10890337.08202873, 3531369.1093669683)",1.0272681179328365
1075,0,2.0,0.142857142857143,"(-10883950.126244467, 3525348.100157268)",1.0236906247718953
1075,1,2.0,0.428571428571429,"(-10883950.126244467, 3525348.100157268)",1.0236906247718953
1075,2,2.0,0.0,"(-10883950.126244467, 3525348.100157268)",1.0236906247718953
1075,3,2.0,0.0,"(-10883950.126244467, 3525348.100157268)",1.0236906247718953
1075,4,2.0,0.142857142857143,"(-10883950.126244467, 3525348.100157268)",1.0236906247718953
1075,5,2.0,0.428571428571429,"(-10883950.126244467, 3525348.100157268)",1.0236906247718953
1075,6,2.0,0.428571428571429,"(-10883950.126244467, 3525348.100157268)",1.0236906247718953
1075,7,2.0,0.285714285714286,"(-10883950.126244467, 3525348.100157268)",1.0236906247718953
1075,8,2.0,0.142857142857143,"(-10883950.126244467, 3525348.100157268)",1.0236906247718953
1075,9,2.0,0.0,"(-10883950.126244467, 3525348.100157268)",1.0236906247718953
1075,10,2.0,0.0,"(-10883950.126244467, 3525348.100157268)",1.0236906247718953
1075,11,2.0,0.0,"(-10883950.126244467, 3525348.100157268)",1.0236906247718953
1075,12,2.0,0.428571428571429,"(-10883950.126244467, 3525348.100157268)",1.0236906247718953
1075,13,2.0,0.142857142857143,"(-10883950.126244467, 3525348.100157268)",1.0236906247718953
1075,14,2.0,0.0,"(-10883950.126244467, 3525348.100157268)",1.0236906247718953
1075,15,2.0,0.285714285714286,"(-10883950.126244467, 3525348.100157268)",1.0236906247718953
1075,16,2.0,0.428571428571429,"(-10883950.126244467, 3525348.100157268)",1.0236906247718953
1075,17,2.0,0.428571428571429,"(-10883950.126244467, 3525348.100157268)",1.0236906247718953
1075,18,2.0,0.285714285714286,"(-10883950.126244467, 3525348.100157268)",1.0236906247718953
1075,19,2.0,0.428571428571429,"(-10883950.126244467, 3525348.100157268)",1.0236906247718953
1075,20,2.0,0.428571428571429,"(-10883950.126244467, 3525348.100157268)",1.0236906247718953
1075,21,2.0,0.142857142857143,"(-10883950.126244467, 3525348.100157268)",1.0236906247718953
1075,22,2.0,0.0,"(-10883950.126244467, 3525348.100157268)",1.0236906247718953
1075,23,2.0,0.0,"(-10883950.126244467, 3525348.100157268)",1.0236906247718953
1076,0,4.0,0.857142857142857,"(-10885452.939370176, 3526490.9062048118)",1.0235417465384211
1076,1,4.0,1.14285714285714,"(-10885452.939370176, 3526490.9062048118)",1.0235417465384211
1076,2,4.0,1.14285714285714,"(-10885452.939370176, 3526490.9062048118)",1.0235417465384211
1076,3,4.0,0.571428571428571,"(-10885452.939370176, 3526490.9062048118)",1.0235417465384211
1076,4,4.0,0.428571428571429,"(-10885452.939370176, 3526490.9062048118)",1.0235417465384211
1076,5,4.0,0.285714285714286,"(-10885452.939370176, 3526490.9062048118)",1.0235417465384211
1076,6,4.0,0.571428571428571,"(-10885452.939370176, 3526490.9062048118)",1.0235417465384211
1076,7,4.0,0.428571428571429,"(-10885452.939370176, 3526490.9062048118)",1.0235417465384211
1076,8,4.0,0.714285714285714,"(-10885452.939370176, 3526490.9062048118)",1.0235417465384211
1076,9,4.0,0.857142857142857,"(-10885452.939370176, 3526490.9062048118)",1.0235417465384211
1076,10,4.0,1.14285714285714,"(-10885452.939370176, 3526490.9062048118)",1.0235417465384211
1076,11,4.0,0.857142857142857,"(-10885452.939370176, 3526490.9062048118)",1.0235417465384211
1076,12,4.0,0.714285714285714,"(-10885452.939370176, 3526490.9062048118)",1.0235417465384211
1076,13,4.0,0.285714285714286,"(-10885452.939370176, 3526490.9062048118)",1.0235417465384211
1076,14,4.0,0.285714285714286,"(-10885452.939370176, 3526490.9062048118)",1.0235417465384211
1076,15,4.0,0.571428571428571,"(-10885452.939370176, 3526490.9062048118)",1.0235417465384211
1076,16,4.0,0.857142857142857,"(-10885452.939370176, 3526490.9062048118)",1.0235417465384211
1076,17,4.0,1.0,"(-10885452.939370176, 3526490.9062048118)",1.0235417465384211
1076,18,4.0,1.42857142857143,"(-10885452.939370176, 3526490.9062048118)",1.0235417465384211
1076,19,4.0,0.714285714285714,"(-10885452.939370176, 3526490.9062048118)",1.0235417465384211
1076,20,4.0,0.571428571428571,"(-10885452.939370176, 3526490.9062048118)",1.0235417465384211
1076,21,4.0,0.285714285714286,"(-10885452.939370176, 3526490.9062048118)",1.0235417465384211
1076,22,4.0,0.428571428571429,"(-10885452.939370176, 3526490.9062048118)",1.0235417465384211
1076,23,4.0,0.714285714285714,"(-10885452.939370176, 3526490.9062048118)",1.0235417465384211
1077,0,4.0,0.857142857142857,"(-10886218.26086938, 3524511.1807260825)",1.0162202085949792
1077,1,4.0,0.857142857142857,"(-10886218.26086938, 3524511.1807260825)",1.0162202085949792
1077,2,4.0,0.857142857142857,"(-10886218.26086938, 3524511.1807260825)",1.0162202085949792
1077,3,4.0,0.714285714285714,"(-10886218.26086938, 3524511.1807260825)",1.0162202085949792
1077,4,4.0,0.857142857142857,"(-10886218.26086938, 3524511.1807260825)",1.0162202085949792
1077,5,4.0,0.857142857142857,"(-10886218.26086938, 3524511.1807260825)",1.0162202085949792
1077,6,4.0,0.857142857142857,"(-10886218.26086938, 3524511.1807260825)",1.0162202085949792
1077,7,4.0,0.857142857142857,"(-10886218.26086938, 3524511.1807260825)",1.0162202085949792
1077,8,4.0,0.428571428571429,"(-10886218.26086938, 3524511.1807260825)",1.0162202085949792
1077,9,4.0,0.285714285714286,"(-10886218.26086938, 3524511.1807260825)",1.0162202085949792
1077,10,4.0,0.285714285714286,"(-10886218.26086938, 3524511.1807260825)",1.0162202085949792
1077,11,4.0,0.285714285714286,"(-10886218.26086938, 3524511.1807260825)",1.0162202085949792
1077,12,4.0,0.0,"(-10886218.26086938, 3524511.1807260825)",1.0162202085949792
1077,13,4.0,0.857142857142857,"(-10886218.26086938, 3524511.1807260825)",1.0162202085949792
1077,14,4.0,0.857142857142857,"(-10886218.26086938, 3524511.1807260825)",1.0162202085949792
1077,15,4.0,0.714285714285714,"(-10886218.26086938, 3524511.1807260825)",1.0162202085949792
1077,16,4.0,0.428571428571429,"(-10886218.26086938, 3524511.1807260825)",1.0162202085949792
1077,17,4.0,1.0,"(-10886218.26086938, 3524511.1807260825)",1.0162202085949792
1077,18,4.0,0.714285714285714,"(-10886218.26086938, 3524511.1807260825)",1.0162202085949792
1077,19,4.0,0.714285714285714,"(-10886218.26086938, 3524511.1807260825)",1.0162202085949792
1077,20,4.0,1.0,"(-10886218.26086938, 3524511.1807260825)",1.0162202085949792
1077,21,4.0,0.571428571428571,"(-10886218.26086938, 3524511.1807260825)",1.0162202085949792
1077,22,4.0,1.14285714285714,"(-10886218.26086938, 3524511.1807260825)",1.0162202085949792
1077,23,4.0,0.571428571428571,"(-10886218.26086938, 3524511.1807260825)",1.0162202085949792
1078,0,2.0,0.285714285714286,"(-10891659.000981903, 3531868.3053200683)",1.0272681179328365
1078,1,2.0,0.0,"(-10891659.000981903, 3531868.3053200683)",1.0272681179328365
1078,2,2.0,0.142857142857143,"(-10891659.000981903, 3531868.3053200683)",1.0272681179328365
1078,3,2.0,0.142857142857143,"(-10891659.000981903, 3531868.3053200683)",1.0272681179328365
1078,4,2.0,0.0,"(-10891659.000981903, 3531868.3053200683)",1.0272681179328365
1078,5,2.0,0.428571428571429,"(-10891659.000981903, 3531868.3053200683)",1.0272681179328365
1078,6,2.0,0.714285714285714,"(-10891659.000981903, 3531868.3053200683)",1.0272681179328365
1078,7,2.0,0.857142857142857,"(-10891659.000981903, 3531868.3053200683)",1.0272681179328365
1078,8,2.0,0.857142857142857,"(-10891659.000981903, 3531868.3053200683)",1.0272681179328365
1078,9,2.0,0.571428571428571,"(-10891659.000981903, 3531868.3053200683)",1.0272681179328365
1078,10,2.0,0.714285714285714,"(-10891659.000981903, 3531868.3053200683)",1.0272681179328365
1078,11,2.0,0.428571428571429,"(-10891659.000981903, 3531868.3053200683)",1.0272681179328365
1078,12,2.0,0.571428571428571,"(-10891659.000981903, 3531868.3053200683)",1.0272681179328365
1078,13,2.0,0.285714285714286,"(-10891659.000981903, 3531868.3053200683)",1.0272681179328365
1078,14,2.0,0.428571428571429,"(-10891659.000981903, 3531868.3053200683)",1.0272681179328365
1078,15,2.0,0.142857142857143,"(-10891659.000981903, 3531868.3053200683)",1.0272681179328365
1078,16,2.0,0.142857142857143,"(-10891659.000981903, 3531868.3053200683)",1.0272681179328365
1078,17,2.0,0.142857142857143,"(-10891659.000981903, 3531868.3053200683)",1.0272681179328365
1078,18,2.0,0.285714285714286,"(-10891659.000981903, 3531868.3053200683)",1.0272681179328365
1078,19,2.0,0.428571428571429,"(-10891659.000981903, 3531868.3053200683)",1.0272681179328365
1078,20,2.0,0.285714285714286,"(-10891659.000981903, 3531868.3053200683)",1.0272681179328365
1078,21,2.0,0.571428571428571,"(-10891659.000981903, 3531868.3053200683)",1.0272681179328365
1078,22,2.0,0.428571428571429,"(-10891659.000981903, 3531868.3053200683)",1.0272681179328365
1078,23,2.0,0.571428571428571,"(-10891659.000981903, 3531868.3053200683)",1.0272681179328365
1079,0,2.0,0.0,"(-10890615.380755715, 3525315.9099278986)",1.0162202085949792
1079,1,2.0,0.0,"(-10890615.380755715, 3525315.9099278986)",1.0162202085949792
1079,2,2.0,0.142857142857143,"(-10890615.380755715, 3525315.9099278986)",1.0162202085949792
1079,3,2.0,0.0,"(-10890615.380755715, 3525315.9099278986)",1.0162202085949792
1079,4,2.0,0.0,"(-10890615.380755715, 3525315.9099278986)",1.0162202085949792
1079,5,2.0,0.0,"(-10890615.380755715, 3525315.9099278986)",1.0162202085949792
1079,6,2.0,0.142857142857143,"(-10890615.380755715, 3525315.9099278986)",1.0162202085949792
1079,7,2.0,0.0,"(-10890615.380755715, 3525315.9099278986)",1.0162202085949792
1079,8,2.0,0.0,"(-10890615.380755715, 3525315.9099278986)",1.0162202085949792
1079,9,2.0,0.0,"(-10890615.380755715, 3525315.9099278986)",1.0162202085949792
1079,10,2.0,0.0,"(-10890615.380755715, 3525315.9099278986)",1.0162202085949792
1079,11,2.0,0.0,"(-10890615.380755715, 3525315.9099278986)",1.0162202085949792
1079,12,2.0,0.0,"(-10890615.380755715, 3525315.9099278986)",1.0162202085949792
1079,13,2.0,0.142857142857143,"(-10890615.380755715, 3525315.9099278986)",1.0162202085949792
1079,14,2.0,0.142857142857143,"(-10890615.380755715, 3525315.9099278986)",1.0162202085949792
1079,15,2.0,0.285714285714286,"(-10890615.380755715, 3525315.9099278986)",1.0162202085949792
1079,16,2.0,0.285714285714286,"(-10890615.380755715, 3525315.9099278986)",1.0162202085949792
1079,17,2.0,0.285714285714286,"(-10890615.380755715, 3525315.9099278986)",1.0162202085949792
1079,18,2.0,0.142857142857143,"(-10890615.380755715, 3525315.9099278986)",1.0162202085949792
1079,19,2.0,0.0,"(-10890615.380755715, 3525315.9099278986)",1.0162202085949792
1079,20,2.0,0.0,"(-10890615.380755715, 3525315.9099278986)",1.0162202085949792
1079,21,2.0,0.0,"(-10890615.380755715, 3525315.9099278986)",1.0162202085949792
1079,22,2.0,0.0,"(-10890615.380755715, 3525315.9099278986)",1.0162202085949792
1079,23,2.0,0.0,"(-10890615.380755715, 3525315.9099278986)",1.0162202085949792
1080,0,4.0,1.28571428571429,"(-10887178.391477471, 3527392.34696966)",1.0272681179328365
1080,1,4.0,0.857142857142857,"(-10887178.391477471, 3527392.34696966)",1.0272681179328365
1080,2,4.0,0.285714285714286,"(-10887178.391477471, 3527392.34696966)",1.0272681179328365
1080,3,4.0,0.428571428571429,"(-10887178.391477471, 3527392.34696966)",1.0272681179328365
1080,4,4.0,0.714285714285714,"(-10887178.391477471, 3527392.34696966)",1.0272681179328365
1080,5,4.0,1.28571428571429,"(-10887178.391477471, 3527392.34696966)",1.0272681179328365
1080,6,4.0,1.42857142857143,"(-10887178.391477471, 3527392.34696966)",1.0272681179328365
1080,7,4.0,1.42857142857143,"(-10887178.391477471, 3527392.34696966)",1.0272681179328365
1080,8,4.0,1.42857142857143,"(-10887178.391477471, 3527392.34696966)",1.0272681179328365
1080,9,4.0,1.42857142857143,"(-10887178.391477471, 3527392.34696966)",1.0272681179328365
1080,10,4.0,1.0,"(-10887178.391477471, 3527392.34696966)",1.0272681179328365
1080,11,4.0,0.857142857142857,"(-10887178.391477471, 3527392.34696966)",1.0272681179328365
1080,12,4.0,0.571428571428571,"(-10887178.391477471, 3527392.34696966)",1.0272681179328365
1080,13,4.0,0.428571428571429,"(-10887178.391477471, 3527392.34696966)",1.0272681179328365
1080,14,4.0,1.0,"(-10887178.391477471, 3527392.34696966)",1.0272681179328365
1080,15,4.0,0.857142857142857,"(-10887178.391477471, 3527392.34696966)",1.0272681179328365
1080,16,4.0,0.857142857142857,"(-10887178.391477471, 3527392.34696966)",1.0272681179328365
1080,17,4.0,1.14285714285714,"(-10887178.391477471, 3527392.34696966)",1.0272681179328365
1080,18,4.0,0.714285714285714,"(-10887178.391477471, 3527392.34696966)",1.0272681179328365
1080,19,4.0,0.714285714285714,"(-10887178.391477471, 3527392.34696966)",1.0272681179328365
1080,20,4.0,0.428571428571429,"(-10887178.391477471, 3527392.34696966)",1.0272681179328365
1080,21,4.0,0.428571428571429,"(-10887178.391477471, 3527392.34696966)",1.0272681179328365
1080,22,4.0,0.857142857142857,"(-10887178.391477471, 3527392.34696966)",1.0272681179328365
1080,23,4.0,1.28571428571429,"(-10887178.391477471, 3527392.34696966)",1.0272681179328365
1081,0,2.0,0.0,"(-10886566.13427811, 3525267.624736932)",1.0162202085949792
1081,1,2.0,0.142857142857143,"(-10886566.13427811, 3525267.624736932)",1.0162202085949792
1081,2,2.0,0.0,"(-10886566.13427811, 3525267.624736932)",1.0162202085949792
1081,3,2.0,0.0,"(-10886566.13427811, 3525267.624736932)",1.0162202085949792
1081,4,2.0,0.142857142857143,"(-10886566.13427811, 3525267.624736932)",1.0162202085949792
1081,5,2.0,0.428571428571429,"(-10886566.13427811, 3525267.624736932)",1.0162202085949792
1081,6,2.0,0.285714285714286,"(-10886566.13427811, 3525267.624736932)",1.0162202085949792
1081,7,2.0,0.142857142857143,"(-10886566.13427811, 3525267.624736932)",1.0162202085949792
1081,8,2.0,0.0,"(-10886566.13427811, 3525267.624736932)",1.0162202085949792
1081,9,2.0,0.142857142857143,"(-10886566.13427811, 3525267.624736932)",1.0162202085949792
1081,10,2.0,0.142857142857143,"(-10886566.13427811, 3525267.624736932)",1.0162202085949792
1081,11,2.0,0.142857142857143,"(-10886566.13427811, 3525267.624736932)",1.0162202085949792
1081,12,2.0,0.285714285714286,"(-10886566.13427811, 3525267.624736932)",1.0162202085949792
1081,13,2.0,0.285714285714286,"(-10886566.13427811, 3525267.624736932)",1.0162202085949792
1081,14,2.0,0.285714285714286,"(-10886566.13427811, 3525267.624736932)",1.0162202085949792
1081,15,2.0,0.142857142857143,"(-10886566.13427811, 3525267.624736932)",1.0162202085949792
1081,16,2.0,0.142857142857143,"(-10886566.13427811, 3525267.624736932)",1.0162202085949792
1081,17,2.0,0.0,"(-10886566.13427811, 3525267.624736932)",1.0162202085949792
1081,18,2.0,0.142857142857143,"(-10886566.13427811, 3525267.624736932)",1.0162202085949792
1081,19,2.0,0.0,"(-10886566.13427811, 3525267.624736932)",1.0162202085949792
1081,20,2.0,0.142857142857143,"(-10886566.13427811, 3525267.624736932)",1.0162202085949792
1081,21,2.0,0.142857142857143,"(-10886566.13427811, 3525267.624736932)",1.0162202085949792
1081,22,2.0,0.428571428571429,"(-10886566.13427811, 3525267.624736932)",1.0162202085949792
1081,23,2.0,0.142857142857143,"(-10886566.13427811, 3525267.624736932)",1.0162202085949792
1082,0,1.0,0.0,"(-10885508.599115573, 3528889.5240730415)",1.0272681179328365
1082,1,1.0,0.0,"(-10885508.599115573, 3528889.5240730415)",1.0272681179328365
1082,2,1.0,0.142857142857143,"(-10885508.599115573, 3528889.5240730415)",1.0272681179328365
1082,3,1.0,0.0,"(-10885508.599115573, 3528889.5240730415)",1.0272681179328365
1082,4,1.0,0.142857142857143,"(-10885508.599115573, 3528889.5240730415)",1.0272681179328365
1082,5,1.0,0.142857142857143,"(-10885508.599115573, 3528889.5240730415)",1.0272681179328365
1082,6,1.0,0.0,"(-10885508.599115573, 3528889.5240730415)",1.0272681179328365
1082,7,1.0,0.0,"(-10885508.599115573, 3528889.5240730415)",1.0272681179328365
1082,8,1.0,0.0,"(-10885508.599115573, 3528889.5240730415)",1.0272681179328365
1082,9,1.0,0.0,"(-10885508.599115573, 3528889.5240730415)",1.0272681179328365
1082,10,1.0,0.0,"(-10885508.599115573, 3528889.5240730415)",1.0272681179328365
1082,11,1.0,0.0,"(-10885508.599115573, 3528889.5240730415)",1.0272681179328365
1082,12,1.0,0.142857142857143,"(-10885508.599115573, 3528889.5240730415)",1.0272681179328365
1082,13,1.0,0.0,"(-10885508.599115573, 3528889.5240730415)",1.0272681179328365
1082,14,1.0,0.142857142857143,"(-10885508.599115573, 3528889.5240730415)",1.0272681179328365
1082,15,1.0,0.0,"(-10885508.599115573, 3528889.5240730415)",1.0272681179328365
1082,16,1.0,0.0,"(-10885508.599115573, 3528889.5240730415)",1.0272681179328365
1082,17,1.0,0.0,"(-10885508.599115573, 3528889.5240730415)",1.0272681179328365
1082,18,1.0,0.142857142857143,"(-10885508.599115573, 3528889.5240730415)",1.0272681179328365
1082,19,1.0,0.142857142857143,"(-10885508.599115573, 3528889.5240730415)",1.0272681179328365
1082,20,1.0,0.0,"(-10885508.599115573, 3528889.5240730415)",1.0272681179328365
1082,21,1.0,0.0,"(-10885508.599115573, 3528889.5240730415)",1.0272681179328365
1082,22,1.0,0.285714285714286,"(-10885508.599115573, 3528889.5240730415)",1.0272681179328365
1082,23,1.0,0.142857142857143,"(-10885508.599115573, 3528889.5240730415)",1.0272681179328365
1083,0,2.0,0.0,"(-10877243.126924174, 3533929.709796484)",1.0255647935057728
1083,1,2.0,0.0,"(-10877243.126924174, 3533929.709796484)",1.0255647935057728
1083,2,2.0,0.428571428571429,"(-10877243.126924174, 3533929.709796484)",1.0255647935057728
1083,3,2.0,0.571428571428571,"(-10877243.126924174, 3533929.709796484)",1.0255647935057728
1083,4,2.0,0.285714285714286,"(-10877243.126924174, 3533929.709796484)",1.0255647935057728
1083,5,2.0,0.571428571428571,"(-10877243.126924174, 3533929.709796484)",1.0255647935057728
1083,6,2.0,0.428571428571429,"(-10877243.126924174, 3533929.709796484)",1.0255647935057728
1083,7,2.0,0.285714285714286,"(-10877243.126924174, 3533929.709796484)",1.0255647935057728
1083,8,2.0,0.142857142857143,"(-10877243.126924174, 3533929.709796484)",1.0255647935057728
1083,9,2.0,0.142857142857143,"(-10877243.126924174, 3533929.709796484)",1.0255647935057728
1083,10,2.0,0.285714285714286,"(-10877243.126924174, 3533929.709796484)",1.0255647935057728
1083,11,2.0,0.285714285714286,"(-10877243.126924174, 3533929.709796484)",1.0255647935057728
1083,12,2.0,0.428571428571429,"(-10877243.126924174, 3533929.709796484)",1.0255647935057728
1083,13,2.0,0.285714285714286,"(-10877243.126924174, 3533929.709796484)",1.0255647935057728
1083,14,2.0,0.285714285714286,"(-10877243.126924174, 3533929.709796484)",1.0255647935057728
1083,15,2.0,0.428571428571429,"(-10877243.126924174, 3533929.709796484)",1.0255647935057728
1083,16,2.0,0.714285714285714,"(-10877243.126924174, 3533929.709796484)",1.0255647935057728
1083,17,2.0,0.857142857142857,"(-10877243.126924174, 3533929.709796484)",1.0255647935057728
1083,18,2.0,0.571428571428571,"(-10877243.126924174, 3533929.709796484)",1.0255647935057728
1083,19,2.0,0.428571428571429,"(-10877243.126924174, 3533929.709796484)",1.0255647935057728
1083,20,2.0,0.285714285714286,"(-10877243.126924174, 3533929.709796484)",1.0255647935057728
1083,21,2.0,0.142857142857143,"(-10877243.126924174, 3533929.709796484)",1.0255647935057728
1083,22,2.0,0.142857142857143,"(-10877243.126924174, 3533929.709796484)",1.0255647935057728
1083,23,2.0,0.142857142857143,"(-10877243.126924174, 3533929.709796484)",1.0255647935057728
1084,0,1.0,0.142857142857143,"(-10878787.68485893, 3532061.54774268)",1.0255647935057728
1084,1,1.0,0.285714285714286,"(-10878787.68485893, 3532061.54774268)",1.0255647935057728
1084,2,1.0,0.285714285714286,"(-10878787.68485893, 3532061.54774268)",1.0255647935057728
1084,3,1.0,0.285714285714286,"(-10878787.68485893, 3532061.54774268)",1.0255647935057728
1084,4,1.0,0.285714285714286,"(-10878787.68485893, 3532061.54774268)",1.0255647935057728
1084,5,1.0,0.142857142857143,"(-10878787.68485893, 3532061.54774268)",1.0255647935057728
1084,6,1.0,0.142857142857143,"(-10878787.68485893, 3532061.54774268)",1.0255647935057728
1084,7,1.0,0.142857142857143,"(-10878787.68485893, 3532061.54774268)",1.0255647935057728
1084,8,1.0,0.142857142857143,"(-10878787.68485893, 3532061.54774268)",1.0255647935057728
1084,9,1.0,0.428571428571429,"(-10878787.68485893, 3532061.54774268)",1.0255647935057728
1084,10,1.0,0.285714285714286,"(-10878787.68485893, 3532061.54774268)",1.0255647935057728
1084,11,1.0,0.0,"(-10878787.68485893, 3532061.54774268)",1.0255647935057728
1084,12,1.0,0.0,"(-10878787.68485893, 3532061.54774268)",1.0255647935057728
1084,13,1.0,0.0,"(-10878787.68485893, 3532061.54774268)",1.0255647935057728
1084,14,1.0,0.285714285714286,"(-10878787.68485893, 3532061.54774268)",1.0255647935057728
1084,15,1.0,0.285714285714286,"(-10878787.68485893, 3532061.54774268)",1.0255647935057728
1084,16,1.0,0.0,"(-10878787.68485893, 3532061.54774268)",1.0255647935057728
1084,17,1.0,0.142857142857143,"(-10878787.68485893, 3532061.54774268)",1.0255647935057728
1084,18,1.0,0.142857142857143,"(-10878787.68485893, 3532061.54774268)",1.0255647935057728
1084,19,1.0,0.142857142857143,"(-10878787.68485893, 3532061.54774268)",1.0255647935057728
1084,20,1.0,0.142857142857143,"(-10878787.68485893, 3532061.54774268)",1.0255647935057728
1084,21,1.0,0.142857142857143,"(-10878787.68485893, 3532061.54774268)",1.0255647935057728
1084,22,1.0,0.0,"(-10878787.68485893, 3532061.54774268)",1.0255647935057728
1084,23,1.0,0.142857142857143,"(-10878787.68485893, 3532061.54774268)",1.0255647935057728
1085,0,8.0,1.42857142857143,"(-10872484.21869276, 3529871.6394641856)",1.0342523602844744
1085,1,8.0,0.714285714285714,"(-10872484.21869276, 3529871.6394641856)",1.0342523602844744
1085,2,8.0,0.857142857142857,"(-10872484.21869276, 3529871.6394641856)",1.0342523602844744
1085,3,8.0,1.0,"(-10872484.21869276, 3529871.6394641856)",1.0342523602844744
1085,4,8.0,1.14285714285714,"(-10872484.21869276, 3529871.6394641856)",1.0342523602844744
1085,5,8.0,1.28571428571429,"(-10872484.21869276, 3529871.6394641856)",1.0342523602844744
1085,6,8.0,3.0,"(-10872484.21869276, 3529871.6394641856)",1.0342523602844744
1085,7,8.0,2.42857142857143,"(-10872484.21869276, 3529871.6394641856)",1.0342523602844744
1085,8,8.0,2.28571428571429,"(-10872484.21869276, 3529871.6394641856)",1.0342523602844744
1085,9,8.0,1.71428571428571,"(-10872484.21869276, 3529871.6394641856)",1.0342523602844744
1085,10,8.0,2.14285714285714,"(-10872484.21869276, 3529871.6394641856)",1.0342523602844744
1085,11,8.0,1.28571428571429,"(-10872484.21869276, 3529871.6394641856)",1.0342523602844744
1085,12,8.0,1.0,"(-10872484.21869276, 3529871.6394641856)",1.0342523602844744
1085,13,8.0,2.0,"(-10872484.21869276, 3529871.6394641856)",1.0342523602844744
1085,14,8.0,3.42857142857143,"(-10872484.21869276, 3529871.6394641856)",1.0342523602844744
1085,15,8.0,2.85714285714286,"(-10872484.21869276, 3529871.6394641856)",1.0342523602844744
1085,16,8.0,3.42857142857143,"(-10872484.21869276, 3529871.6394641856)",1.0342523602844744
1085,17,8.0,1.85714285714286,"(-10872484.21869276, 3529871.6394641856)",1.0342523602844744
1085,18,8.0,2.0,"(-10872484.21869276, 3529871.6394641856)",1.0342523602844744
1085,19,8.0,1.42857142857143,"(-10872484.21869276, 3529871.6394641856)",1.0342523602844744
1085,20,8.0,1.0,"(-10872484.21869276, 3529871.6394641856)",1.0342523602844744
1085,21,8.0,0.857142857142857,"(-10872484.21869276, 3529871.6394641856)",1.0342523602844744
1085,22,8.0,1.14285714285714,"(-10872484.21869276, 3529871.6394641856)",1.0342523602844744
1085,23,8.0,1.71428571428571,"(-10872484.21869276, 3529871.6394641856)",1.0342523602844744
1086,0,2.0,0.142857142857143,"(-10884339.744462244, 3525525.1478782697)",1.0236906247718953
1086,1,2.0,0.142857142857143,"(-10884339.744462244, 3525525.1478782697)",1.0236906247718953
1086,2,2.0,0.142857142857143,"(-10884339.744462244, 3525525.1478782697)",1.0236906247718953
1086,3,2.0,0.428571428571429,"(-10884339.744462244, 3525525.1478782697)",1.0236906247718953
1086,4,2.0,0.571428571428571,"(-10884339.744462244, 3525525.1478782697)",1.0236906247718953
1086,5,2.0,0.285714285714286,"(-10884339.744462244, 3525525.1478782697)",1.0236906247718953
1086,6,2.0,0.142857142857143,"(-10884339.744462244, 3525525.1478782697)",1.0236906247718953
1086,7,2.0,0.142857142857143,"(-10884339.744462244, 3525525.1478782697)",1.0236906247718953
1086,8,2.0,0.0,"(-10884339.744462244, 3525525.1478782697)",1.0236906247718953
1086,9,2.0,0.285714285714286,"(-10884339.744462244, 3525525.1478782697)",1.0236906247718953
1086,10,2.0,0.285714285714286,"(-10884339.744462244, 3525525.1478782697)",1.0236906247718953
1086,11,2.0,0.571428571428571,"(-10884339.744462244, 3525525.1478782697)",1.0236906247718953
1086,12,2.0,0.571428571428571,"(-10884339.744462244, 3525525.1478782697)",1.0236906247718953
1086,13,2.0,0.142857142857143,"(-10884339.744462244, 3525525.1478782697)",1.0236906247718953
1086,14,2.0,0.142857142857143,"(-10884339.744462244, 3525525.1478782697)",1.0236906247718953
1086,15,2.0,0.285714285714286,"(-10884339.744462244, 3525525.1478782697)",1.0236906247718953
1086,16,2.0,0.285714285714286,"(-10884339.744462244, 3525525.1478782697)",1.0236906247718953
1086,17,2.0,0.428571428571429,"(-10884339.744462244, 3525525.1478782697)",1.0236906247718953
1086,18,2.0,0.571428571428571,"(-10884339.744462244, 3525525.1478782697)",1.0236906247718953
1086,19,2.0,0.428571428571429,"(-10884339.744462244, 3525525.1478782697)",1.0236906247718953
1086,20,2.0,0.285714285714286,"(-10884339.744462244, 3525525.1478782697)",1.0236906247718953
1086,21,2.0,0.0,"(-10884339.744462244, 3525525.1478782697)",1.0236906247718953
1086,22,2.0,0.0,"(-10884339.744462244, 3525525.1478782697)",1.0236906247718953
1086,23,2.0,0.285714285714286,"(-10884339.744462244, 3525525.1478782697)",1.0236906247718953
1087,0,7.0,1.85714285714286,"(-10883880.551562723, 3526684.066691091)",1.0235417465384211
1087,1,7.0,1.28571428571429,"(-10883880.551562723, 3526684.066691091)",1.0235417465384211
1087,2,7.0,1.42857142857143,"(-10883880.551562723, 3526684.066691091)",1.0235417465384211
1087,3,7.0,1.0,"(-10883880.551562723, 3526684.066691091)",1.0235417465384211
1087,4,7.0,1.57142857142857,"(-10883880.551562723, 3526684.066691091)",1.0235417465384211
1087,5,7.0,1.71428571428571,"(-10883880.551562723, 3526684.066691091)",1.0235417465384211
1087,6,7.0,1.28571428571429,"(-10883880.551562723, 3526684.066691091)",1.0235417465384211
1087,7,7.0,1.14285714285714,"(-10883880.551562723, 3526684.066691091)",1.0235417465384211
1087,8,7.0,1.42857142857143,"(-10883880.551562723, 3526684.066691091)",1.0235417465384211
1087,9,7.0,1.14285714285714,"(-10883880.551562723, 3526684.066691091)",1.0235417465384211
1087,10,7.0,1.14285714285714,"(-10883880.551562723, 3526684.066691091)",1.0235417465384211
1087,11,7.0,2.14285714285714,"(-10883880.551562723, 3526684.066691091)",1.0235417465384211
1087,12,7.0,1.71428571428571,"(-10883880.551562723, 3526684.066691091)",1.0235417465384211
1087,13,7.0,2.28571428571429,"(-10883880.551562723, 3526684.066691091)",1.0235417465384211
1087,14,7.0,2.0,"(-10883880.551562723, 3526684.066691091)",1.0235417465384211
1087,15,7.0,2.28571428571429,"(-10883880.551562723, 3526684.066691091)",1.0235417465384211
1087,16,7.0,1.57142857142857,"(-10883880.551562723, 3526684.066691091)",1.0235417465384211
1087,17,7.0,1.14285714285714,"(-10883880.551562723, 3526684.066691091)",1.0235417465384211
1087,18,7.0,0.857142857142857,"(-10883880.551562723, 3526684.066691091)",1.0235417465384211
1087,19,7.0,1.0,"(-10883880.551562723, 3526684.066691091)",1.0235417465384211
1087,20,7.0,1.57142857142857,"(-10883880.551562723, 3526684.066691091)",1.0235417465384211
1087,21,7.0,2.14285714285714,"(-10883880.551562723, 3526684.066691091)",1.0235417465384211
1087,22,7.0,3.42857142857143,"(-10883880.551562723, 3526684.066691091)",1.0235417465384211
1087,23,7.0,2.28571428571429,"(-10883880.551562723, 3526684.066691091)",1.0235417465384211
1088,0,8.0,1.85714285714286,"(-10871663.23744816, 3530741.116579087)",1.0342523602844744
1088,1,8.0,1.28571428571429,"(-10871663.23744816, 3530741.116579087)",1.0342523602844744
1088,2,8.0,2.14285714285714,"(-10871663.23744816, 3530741.116579087)",1.0342523602844744
1088,3,8.0,1.85714285714286,"(-10871663.23744816, 3530741.116579087)",1.0342523602844744
1088,4,8.0,3.14285714285714,"(-10871663.23744816, 3530741.116579087)",1.0342523602844744
1088,5,8.0,2.28571428571429,"(-10871663.23744816, 3530741.116579087)",1.0342523602844744
1088,6,8.0,1.14285714285714,"(-10871663.23744816, 3530741.116579087)",1.0342523602844744
1088,7,8.0,1.0,"(-10871663.23744816, 3530741.116579087)",1.0342523602844744
1088,8,8.0,1.0,"(-10871663.23744816, 3530741.116579087)",1.0342523602844744
1088,9,8.0,0.857142857142857,"(-10871663.23744816, 3530741.116579087)",1.0342523602844744
1088,10,8.0,0.857142857142857,"(-10871663.23744816, 3530741.116579087)",1.0342523602844744
1088,11,8.0,1.0,"(-10871663.23744816, 3530741.116579087)",1.0342523602844744
1088,12,8.0,1.14285714285714,"(-10871663.23744816, 3530741.116579087)",1.0342523602844744
1088,13,8.0,1.85714285714286,"(-10871663.23744816, 3530741.116579087)",1.0342523602844744
1088,14,8.0,2.0,"(-10871663.23744816, 3530741.116579087)",1.0342523602844744
1088,15,8.0,1.14285714285714,"(-10871663.23744816, 3530741.116579087)",1.0342523602844744
1088,16,8.0,0.571428571428571,"(-10871663.23744816, 3530741.116579087)",1.0342523602844744
1088,17,8.0,1.0,"(-10871663.23744816, 3530741.116579087)",1.0342523602844744
1088,18,8.0,1.42857142857143,"(-10871663.23744816, 3530741.116579087)",1.0342523602844744
1088,19,8.0,1.57142857142857,"(-10871663.23744816, 3530741.116579087)",1.0342523602844744
1088,20,8.0,1.0,"(-10871663.23744816, 3530741.116579087)",1.0342523602844744
1088,21,8.0,0.714285714285714,"(-10871663.23744816, 3530741.116579087)",1.0342523602844744
1088,22,8.0,0.857142857142857,"(-10871663.23744816, 3530741.116579087)",1.0342523602844744
1088,23,8.0,1.0,"(-10871663.23744816, 3530741.116579087)",1.0342523602844744
1089,0,8.0,2.28571428571429,"(-10879149.473204007, 3534670.608978566)",1.0255647935057728
1089,1,8.0,3.14285714285714,"(-10879149.473204007, 3534670.608978566)",1.0255647935057728
1089,2,8.0,3.28571428571429,"(-10879149.473204007, 3534670.608978566)",1.0255647935057728
1089,3,8.0,2.71428571428571,"(-10879149.473204007, 3534670.608978566)",1.0255647935057728
1089,4,8.0,1.85714285714286,"(-10879149.473204007, 3534670.608978566)",1.0255647935057728
1089,5,8.0,2.71428571428571,"(-10879149.473204007, 3534670.608978566)",1.0255647935057728
1089,6,8.0,3.85714285714286,"(-10879149.473204007, 3534670.608978566)",1.0255647935057728
1089,7,8.0,2.57142857142857,"(-10879149.473204007, 3534670.608978566)",1.0255647935057728
1089,8,8.0,0.857142857142857,"(-10879149.473204007, 3534670.608978566)",1.0255647935057728
1089,9,8.0,1.28571428571429,"(-10879149.473204007, 3534670.608978566)",1.0255647935057728
1089,10,8.0,1.28571428571429,"(-10879149.473204007, 3534670.608978566)",1.0255647935057728
1089,11,8.0,1.14285714285714,"(-10879149.473204007, 3534670.608978566)",1.0255647935057728
1089,12,8.0,0.857142857142857,"(-10879149.473204007, 3534670.608978566)",1.0255647935057728
1089,13,8.0,1.85714285714286,"(-10879149.473204007, 3534670.608978566)",1.0255647935057728
1089,14,8.0,1.85714285714286,"(-10879149.473204007, 3534670.608978566)",1.0255647935057728
1089,15,8.0,2.85714285714286,"(-10879149.473204007, 3534670.608978566)",1.0255647935057728
1089,16,8.0,2.28571428571429,"(-10879149.473204007, 3534670.608978566)",1.0255647935057728
1089,17,8.0,2.71428571428571,"(-10879149.473204007, 3534670.608978566)",1.0255647935057728
1089,18,8.0,2.42857142857143,"(-10879149.473204007, 3534670.608978566)",1.0255647935057728
1089,19,8.0,2.85714285714286,"(-10879149.473204007, 3534670.608978566)",1.0255647935057728
1089,20,8.0,4.57142857142857,"(-10879149.473204007, 3534670.608978566)",1.0255647935057728
1089,21,8.0,3.14285714285714,"(-10879149.473204007, 3534670.608978566)",1.0255647935057728
1089,22,8.0,2.85714285714286,"(-10879149.473204007, 3534670.608978566)",1.0255647935057728
1089,23,8.0,1.57142857142857,"(-10879149.473204007, 3534670.608978566)",1.0255647935057728
1090,0,4.0,0.428571428571429,"(-10872178.090093078, 3529887.7403503056)",1.0342523602844744
1090,1,4.0,0.714285714285714,"(-10872178.090093078, 3529887.7403503056)",1.0342523602844744
1090,2,4.0,0.428571428571429,"(-10872178.090093078, 3529887.7403503056)",1.0342523602844744
1090,3,4.0,0.428571428571429,"(-10872178.090093078, 3529887.7403503056)",1.0342523602844744
1090,4,4.0,0.857142857142857,"(-10872178.090093078, 3529887.7403503056)",1.0342523602844744
1090,5,4.0,0.571428571428571,"(-10872178.090093078, 3529887.7403503056)",1.0342523602844744
1090,6,4.0,0.142857142857143,"(-10872178.090093078, 3529887.7403503056)",1.0342523602844744
1090,7,4.0,0.142857142857143,"(-10872178.090093078, 3529887.7403503056)",1.0342523602844744
1090,8,4.0,0.142857142857143,"(-10872178.090093078, 3529887.7403503056)",1.0342523602844744
1090,9,4.0,0.428571428571429,"(-10872178.090093078, 3529887.7403503056)",1.0342523602844744
1090,10,4.0,0.571428571428571,"(-10872178.090093078, 3529887.7403503056)",1.0342523602844744
1090,11,4.0,0.571428571428571,"(-10872178.090093078, 3529887.7403503056)",1.0342523602844744
1090,12,4.0,0.428571428571429,"(-10872178.090093078, 3529887.7403503056)",1.0342523602844744
1090,13,4.0,0.714285714285714,"(-10872178.090093078, 3529887.7403503056)",1.0342523602844744
1090,14,4.0,1.28571428571429,"(-10872178.090093078, 3529887.7403503056)",1.0342523602844744
1090,15,4.0,0.857142857142857,"(-10872178.090093078, 3529887.7403503056)",1.0342523602844744
1090,16,4.0,1.14285714285714,"(-10872178.090093078, 3529887.7403503056)",1.0342523602844744
1090,17,4.0,0.714285714285714,"(-10872178.090093078, 3529887.7403503056)",1.0342523602844744
1090,18,4.0,1.14285714285714,"(-10872178.090093078, 3529887.7403503056)",1.0342523602844744
1090,19,4.0,0.857142857142857,"(-10872178.090093078, 3529887.7403503056)",1.0342523602844744
1090,20,4.0,0.714285714285714,"(-10872178.090093078, 3529887.7403503056)",1.0342523602844744
1090,21,4.0,0.857142857142857,"(-10872178.090093078, 3529887.7403503056)",1.0342523602844744
1090,22,4.0,0.285714285714286,"(-10872178.090093078, 3529887.7403503056)",1.0342523602844744
1090,23,4.0,0.714285714285714,"(-10872178.090093078, 3529887.7403503056)",1.0342523602844744
1091,0,2.0,0.571428571428571,"(-10893328.793343801, 3527955.7799780993)",1.0171915958234041
1091,1,2.0,0.285714285714286,"(-10893328.793343801, 3527955.7799780993)",1.0171915958234041
1091,2,2.0,0.142857142857143,"(-10893328.793343801, 3527955.7799780993)",1.0171915958234041
1091,3,2.0,0.142857142857143,"(-10893328.793343801, 3527955.7799780993)",1.0171915958234041
1091,4,2.0,0.142857142857143,"(-10893328.793343801, 3527955.7799780993)",1.0171915958234041
1091,5,2.0,0.0,"(-10893328.793343801, 3527955.7799780993)",1.0171915958234041
1091,6,2.0,0.0,"(-10893328.793343801, 3527955.7799780993)",1.0171915958234041
1091,7,2.0,0.142857142857143,"(-10893328.793343801, 3527955.7799780993)",1.0171915958234041
1091,8,2.0,0.285714285714286,"(-10893328.793343801, 3527955.7799780993)",1.0171915958234041
1091,9,2.0,0.428571428571429,"(-10893328.793343801, 3527955.7799780993)",1.0171915958234041
1091,10,2.0,0.142857142857143,"(-10893328.793343801, 3527955.7799780993)",1.0171915958234041
1091,11,2.0,0.428571428571429,"(-10893328.793343801, 3527955.7799780993)",1.0171915958234041
1091,12,2.0,0.428571428571429,"(-10893328.793343801, 3527955.7799780993)",1.0171915958234041
1091,13,2.0,0.285714285714286,"(-10893328.793343801, 3527955.7799780993)",1.0171915958234041
1091,14,2.0,0.285714285714286,"(-10893328.793343801, 3527955.7799780993)",1.0171915958234041
1091,15,2.0,0.285714285714286,"(-10893328.793343801, 3527955.7799780993)",1.0171915958234041
1091,16,2.0,0.142857142857143,"(-10893328.793343801, 3527955.7799780993)",1.0171915958234041
1091,17,2.0,0.142857142857143,"(-10893328.793343801, 3527955.7799780993)",1.0171915958234041
1091,18,2.0,0.0,"(-10893328.793343801, 3527955.7799780993)",1.0171915958234041
1091,19,2.0,0.428571428571429,"(-10893328.793343801, 3527955.7799780993)",1.0171915958234041
1091,20,2.0,0.714285714285714,"(-10893328.793343801, 3527955.7799780993)",1.0171915958234041
1091,21,2.0,0.714285714285714,"(-10893328.793343801, 3527955.7799780993)",1.0171915958234041
1091,22,2.0,0.571428571428571,"(-10893328.793343801, 3527955.7799780993)",1.0171915958234041
1091,23,2.0,0.428571428571429,"(-10893328.793343801, 3527955.7799780993)",1.0171915958234041
1092,0,6.0,1.71428571428571,"(-10871997.19592054, 3530628.4032183117)",1.0342523602844744
1092,1,6.0,1.57142857142857,"(-10871997.19592054, 3530628.4032183117)",1.0342523602844744
1092,2,6.0,1.71428571428571,"(-10871997.19592054, 3530628.4032183117)",1.0342523602844744
1092,3,6.0,1.14285714285714,"(-10871997.19592054, 3530628.4032183117)",1.0342523602844744
1092,4,6.0,0.428571428571429,"(-10871997.19592054, 3530628.4032183117)",1.0342523602844744
1092,5,6.0,0.0,"(-10871997.19592054, 3530628.4032183117)",1.0342523602844744
1092,6,6.0,0.142857142857143,"(-10871997.19592054, 3530628.4032183117)",1.0342523602844744
1092,7,6.0,0.857142857142857,"(-10871997.19592054, 3530628.4032183117)",1.0342523602844744
1092,8,6.0,1.42857142857143,"(-10871997.19592054, 3530628.4032183117)",1.0342523602844744
1092,9,6.0,1.42857142857143,"(-10871997.19592054, 3530628.4032183117)",1.0342523602844744
1092,10,6.0,1.14285714285714,"(-10871997.19592054, 3530628.4032183117)",1.0342523602844744
1092,11,6.0,0.857142857142857,"(-10871997.19592054, 3530628.4032183117)",1.0342523602844744
1092,12,6.0,0.428571428571429,"(-10871997.19592054, 3530628.4032183117)",1.0342523602844744
1092,13,6.0,0.571428571428571,"(-10871997.19592054, 3530628.4032183117)",1.0342523602844744
1092,14,6.0,0.857142857142857,"(-10871997.19592054, 3530628.4032183117)",1.0342523602844744
1092,15,6.0,1.42857142857143,"(-10871997.19592054, 3530628.4032183117)",1.0342523602844744
1092,16,6.0,1.28571428571429,"(-10871997.19592054, 3530628.4032183117)",1.0342523602844744
1092,17,6.0,1.28571428571429,"(-10871997.19592054, 3530628.4032183117)",1.0342523602844744
1092,18,6.0,1.42857142857143,"(-10871997.19592054, 3530628.4032183117)",1.0342523602844744
1092,19,6.0,2.14285714285714,"(-10871997.19592054, 3530628.4032183117)",1.0342523602844744
1092,20,6.0,2.0,"(-10871997.19592054, 3530628.4032183117)",1.0342523602844744
1092,21,6.0,2.28571428571429,"(-10871997.19592054, 3530628.4032183117)",1.0342523602844744
1092,22,6.0,1.28571428571429,"(-10871997.19592054, 3530628.4032183117)",1.0342523602844744
1092,23,6.0,1.28571428571429,"(-10871997.19592054, 3530628.4032183117)",1.0342523602844744
1093,0,2.0,0.142857142857143,"(-10883964.041180816, 3530789.4226119556)",1.0235417465384211
1093,1,2.0,0.0,"(-10883964.041180816, 3530789.4226119556)",1.0235417465384211
1093,2,2.0,0.285714285714286,"(-10883964.041180816, 3530789.4226119556)",1.0235417465384211
1093,3,2.0,0.142857142857143,"(-10883964.041180816, 3530789.4226119556)",1.0235417465384211
1093,4,2.0,0.0,"(-10883964.041180816, 3530789.4226119556)",1.0235417465384211
1093,5,2.0,0.142857142857143,"(-10883964.041180816, 3530789.4226119556)",1.0235417465384211
1093,6,2.0,0.285714285714286,"(-10883964.041180816, 3530789.4226119556)",1.0235417465384211
1093,7,2.0,0.285714285714286,"(-10883964.041180816, 3530789.4226119556)",1.0235417465384211
1093,8,2.0,0.142857142857143,"(-10883964.041180816, 3530789.4226119556)",1.0235417465384211
1093,9,2.0,0.142857142857143,"(-10883964.041180816, 3530789.4226119556)",1.0235417465384211
1093,10,2.0,0.0,"(-10883964.041180816, 3530789.4226119556)",1.0235417465384211
1093,11,2.0,0.0,"(-10883964.041180816, 3530789.4226119556)",1.0235417465384211
1093,12,2.0,0.0,"(-10883964.041180816, 3530789.4226119556)",1.0235417465384211
1093,13,2.0,0.285714285714286,"(-10883964.041180816, 3530789.4226119556)",1.0235417465384211
1093,14,2.0,0.285714285714286,"(-10883964.041180816, 3530789.4226119556)",1.0235417465384211
1093,15,2.0,0.142857142857143,"(-10883964.041180816, 3530789.4226119556)",1.0235417465384211
1093,16,2.0,0.0,"(-10883964.041180816, 3530789.4226119556)",1.0235417465384211
1093,17,2.0,0.142857142857143,"(-10883964.041180816, 3530789.4226119556)",1.0235417465384211
1093,18,2.0,0.285714285714286,"(-10883964.041180816, 3530789.4226119556)",1.0235417465384211
1093,19,2.0,0.142857142857143,"(-10883964.041180816, 3530789.4226119556)",1.0235417465384211
1093,20,2.0,0.0,"(-10883964.041180816, 3530789.4226119556)",1.0235417465384211
1093,21,2.0,0.0,"(-10883964.041180816, 3530789.4226119556)",1.0235417465384211
1093,22,2.0,0.0,"(-10883964.041180816, 3530789.4226119556)",1.0235417465384211
1093,23,2.0,0.0,"(-10883964.041180816, 3530789.4226119556)",1.0235417465384211
1094,0,2.0,0.142857142857143,"(-10886872.26287779, 3533430.4326178697)",1.0233727677681235
1094,1,2.0,0.142857142857143,"(-10886872.26287779, 3533430.4326178697)",1.0233727677681235
1094,2,2.0,0.142857142857143,"(-10886872.26287779, 3533430.4326178697)",1.0233727677681235
1094,3,2.0,0.142857142857143,"(-10886872.26287779, 3533430.4326178697)",1.0233727677681235
1094,4,2.0,0.285714285714286,"(-10886872.26287779, 3533430.4326178697)",1.0233727677681235
1094,5,2.0,0.285714285714286,"(-10886872.26287779, 3533430.4326178697)",1.0233727677681235
1094,6,2.0,0.285714285714286,"(-10886872.26287779, 3533430.4326178697)",1.0233727677681235
1094,7,2.0,0.428571428571429,"(-10886872.26287779, 3533430.4326178697)",1.0233727677681235
1094,8,2.0,0.285714285714286,"(-10886872.26287779, 3533430.4326178697)",1.0233727677681235
1094,9,2.0,0.142857142857143,"(-10886872.26287779, 3533430.4326178697)",1.0233727677681235
1094,10,2.0,0.0,"(-10886872.26287779, 3533430.4326178697)",1.0233727677681235
1094,11,2.0,0.285714285714286,"(-10886872.26287779, 3533430.4326178697)",1.0233727677681235
1094,12,2.0,0.0,"(-10886872.26287779, 3533430.4326178697)",1.0233727677681235
1094,13,2.0,0.0,"(-10886872.26287779, 3533430.4326178697)",1.0233727677681235
1094,14,2.0,0.0,"(-10886872.26287779, 3533430.4326178697)",1.0233727677681235
1094,15,2.0,0.142857142857143,"(-10886872.26287779, 3533430.4326178697)",1.0233727677681235
1094,16,2.0,0.142857142857143,"(-10886872.26287779, 3533430.4326178697)",1.0233727677681235
1094,17,2.0,0.0,"(-10886872.26287779, 3533430.4326178697)",1.0233727677681235
1094,18,2.0,0.428571428571429,"(-10886872.26287779, 3533430.4326178697)",1.0233727677681235
1094,19,2.0,0.142857142857143,"(-10886872.26287779, 3533430.4326178697)",1.0233727677681235
1094,20,2.0,0.0,"(-10886872.26287779, 3533430.4326178697)",1.0233727677681235
1094,21,2.0,0.0,"(-10886872.26287779, 3533430.4326178697)",1.0233727677681235
1094,22,2.0,0.0,"(-10886872.26287779, 3533430.4326178697)",1.0233727677681235
1094,23,2.0,0.0,"(-10886872.26287779, 3533430.4326178697)",1.0233727677681235
1095,0,10.0,1.28571428571429,"(-10874891.502681166, 3535927.0153656797)",1.0255647935057728
1095,1,10.0,1.14285714285714,"(-10874891.502681166, 3535927.0153656797)",1.0255647935057728
1095,2,10.0,1.14285714285714,"(-10874891.502681166, 3535927.0153656797)",1.0255647935057728
1095,3,10.0,1.28571428571429,"(-10874891.502681166, 3535927.0153656797)",1.0255647935057728
1095,4,10.0,1.28571428571429,"(-10874891.502681166, 3535927.0153656797)",1.0255647935057728
1095,5,10.0,1.28571428571429,"(-10874891.502681166, 3535927.0153656797)",1.0255647935057728
1095,6,10.0,0.0,"(-10874891.502681166, 3535927.0153656797)",1.0255647935057728
1095,7,10.0,0.0,"(-10874891.502681166, 3535927.0153656797)",1.0255647935057728
1095,8,10.0,0.0,"(-10874891.502681166, 3535927.0153656797)",1.0255647935057728
1095,9,10.0,0.0,"(-10874891.502681166, 3535927.0153656797)",1.0255647935057728
1095,10,10.0,0.0,"(-10874891.502681166, 3535927.0153656797)",1.0255647935057728
1095,11,10.0,2.14285714285714,"(-10874891.502681166, 3535927.0153656797)",1.0255647935057728
1095,12,10.0,2.0,"(-10874891.502681166, 3535927.0153656797)",1.0255647935057728
1095,13,10.0,1.57142857142857,"(-10874891.502681166, 3535927.0153656797)",1.0255647935057728
1095,14,10.0,1.28571428571429,"(-10874891.502681166, 3535927.0153656797)",1.0255647935057728
1095,15,10.0,1.85714285714286,"(-10874891.502681166, 3535927.0153656797)",1.0255647935057728
1095,16,10.0,2.57142857142857,"(-10874891.502681166, 3535927.0153656797)",1.0255647935057728
1095,17,10.0,2.71428571428571,"(-10874891.502681166, 3535927.0153656797)",1.0255647935057728
1095,18,10.0,3.28571428571429,"(-10874891.502681166, 3535927.0153656797)",1.0255647935057728
1095,19,10.0,2.14285714285714,"(-10874891.502681166, 3535927.0153656797)",1.0255647935057728
1095,20,10.0,2.0,"(-10874891.502681166, 3535927.0153656797)",1.0255647935057728
1095,21,10.0,1.85714285714286,"(-10874891.502681166, 3535927.0153656797)",1.0255647935057728
1095,22,10.0,1.28571428571429,"(-10874891.502681166, 3535927.0153656797)",1.0255647935057728
1095,23,10.0,1.42857142857143,"(-10874891.502681166, 3535927.0153656797)",1.0255647935057728
1096,0,4.0,0.714285714285714,"(-10871551.917957367, 3530531.792563925)",1.0342523602844744
1096,1,4.0,0.428571428571429,"(-10871551.917957367, 3530531.792563925)",1.0342523602844744
1096,2,4.0,0.142857142857143,"(-10871551.917957367, 3530531.792563925)",1.0342523602844744
1096,3,4.0,0.0,"(-10871551.917957367, 3530531.792563925)",1.0342523602844744
1096,4,4.0,0.142857142857143,"(-10871551.917957367, 3530531.792563925)",1.0342523602844744
1096,5,4.0,0.285714285714286,"(-10871551.917957367, 3530531.792563925)",1.0342523602844744
1096,6,4.0,0.857142857142857,"(-10871551.917957367, 3530531.792563925)",1.0342523602844744
1096,7,4.0,1.28571428571429,"(-10871551.917957367, 3530531.792563925)",1.0342523602844744
1096,8,4.0,1.14285714285714,"(-10871551.917957367, 3530531.792563925)",1.0342523602844744
1096,9,4.0,0.857142857142857,"(-10871551.917957367, 3530531.792563925)",1.0342523602844744
1096,10,4.0,0.428571428571429,"(-10871551.917957367, 3530531.792563925)",1.0342523602844744
1096,11,4.0,0.428571428571429,"(-10871551.917957367, 3530531.792563925)",1.0342523602844744
1096,12,4.0,0.857142857142857,"(-10871551.917957367, 3530531.792563925)",1.0342523602844744
1096,13,4.0,0.571428571428571,"(-10871551.917957367, 3530531.792563925)",1.0342523602844744
1096,14,4.0,0.428571428571429,"(-10871551.917957367, 3530531.792563925)",1.0342523602844744
1096,15,4.0,0.857142857142857,"(-10871551.917957367, 3530531.792563925)",1.0342523602844744
1096,16,4.0,1.42857142857143,"(-10871551.917957367, 3530531.792563925)",1.0342523602844744
1096,17,4.0,1.42857142857143,"(-10871551.917957367, 3530531.792563925)",1.0342523602844744
1096,18,4.0,0.857142857142857,"(-10871551.917957367, 3530531.792563925)",1.0342523602844744
1096,19,4.0,0.571428571428571,"(-10871551.917957367, 3530531.792563925)",1.0342523602844744
1096,20,4.0,0.714285714285714,"(-10871551.917957367, 3530531.792563925)",1.0342523602844744
1096,21,4.0,0.714285714285714,"(-10871551.917957367, 3530531.792563925)",1.0342523602844744
1096,22,4.0,1.0,"(-10871551.917957367, 3530531.792563925)",1.0342523602844744
1096,23,4.0,1.57142857142857,"(-10871551.917957367, 3530531.792563925)",1.0342523602844744
1097,0,2.0,0.0,"(-10887832.393485881, 3530113.1549031013)",1.0272681179328365
1097,1,2.0,0.142857142857143,"(-10887832.393485881, 3530113.1549031013)",1.0272681179328365
1097,2,2.0,0.285714285714286,"(-10887832.393485881, 3530113.1549031013)",1.0272681179328365
1097,3,2.0,0.142857142857143,"(-10887832.393485881, 3530113.1549031013)",1.0272681179328365
1097,4,2.0,0.428571428571429,"(-10887832.393485881, 3530113.1549031013)",1.0272681179328365
1097,5,2.0,0.142857142857143,"(-10887832.393485881, 3530113.1549031013)",1.0272681179328365
1097,6,2.0,0.0,"(-10887832.393485881, 3530113.1549031013)",1.0272681179328365
1097,7,2.0,0.142857142857143,"(-10887832.393485881, 3530113.1549031013)",1.0272681179328365
1097,8,2.0,0.428571428571429,"(-10887832.393485881, 3530113.1549031013)",1.0272681179328365
1097,9,2.0,0.571428571428571,"(-10887832.393485881, 3530113.1549031013)",1.0272681179328365
1097,10,2.0,0.571428571428571,"(-10887832.393485881, 3530113.1549031013)",1.0272681179328365
1097,11,2.0,0.571428571428571,"(-10887832.393485881, 3530113.1549031013)",1.0272681179328365
1097,12,2.0,0.571428571428571,"(-10887832.393485881, 3530113.1549031013)",1.0272681179328365
1097,13,2.0,0.571428571428571,"(-10887832.393485881, 3530113.1549031013)",1.0272681179328365
1097,14,2.0,0.428571428571429,"(-10887832.393485881, 3530113.1549031013)",1.0272681179328365
1097,15,2.0,0.285714285714286,"(-10887832.393485881, 3530113.1549031013)",1.0272681179328365
1097,16,2.0,0.0,"(-10887832.393485881, 3530113.1549031013)",1.0272681179328365
1097,17,2.0,0.142857142857143,"(-10887832.393485881, 3530113.1549031013)",1.0272681179328365
1097,18,2.0,0.0,"(-10887832.393485881, 3530113.1549031013)",1.0272681179328365
1097,19,2.0,0.571428571428571,"(-10887832.393485881, 3530113.1549031013)",1.0272681179328365
1097,20,2.0,0.285714285714286,"(-10887832.393485881, 3530113.1549031013)",1.0272681179328365
1097,21,2.0,0.428571428571429,"(-10887832.393485881, 3530113.1549031013)",1.0272681179328365
1097,22,2.0,0.142857142857143,"(-10887832.393485881, 3530113.1549031013)",1.0272681179328365
1097,23,2.0,0.0,"(-10887832.393485881, 3530113.1549031013)",1.0272681179328365
1098,0,8.0,0.714285714285714,"(-10870438.723049434, 3530000.4471257045)",1.0342523602844744
1098,1,8.0,1.42857142857143,"(-10870438.723049434, 3530000.4471257045)",1.0342523602844744
1098,2,8.0,1.57142857142857,"(-10870438.723049434, 3530000.4471257045)",1.0342523602844744
1098,3,8.0,2.14285714285714,"(-10870438.723049434, 3530000.4471257045)",1.0342523602844744
1098,4,8.0,1.85714285714286,"(-10870438.723049434, 3530000.4471257045)",1.0342523602844744
1098,5,8.0,2.0,"(-10870438.723049434, 3530000.4471257045)",1.0342523602844744
1098,6,8.0,1.57142857142857,"(-10870438.723049434, 3530000.4471257045)",1.0342523602844744
1098,7,8.0,1.14285714285714,"(-10870438.723049434, 3530000.4471257045)",1.0342523602844744
1098,8,8.0,1.42857142857143,"(-10870438.723049434, 3530000.4471257045)",1.0342523602844744
1098,9,8.0,1.85714285714286,"(-10870438.723049434, 3530000.4471257045)",1.0342523602844744
1098,10,8.0,2.28571428571429,"(-10870438.723049434, 3530000.4471257045)",1.0342523602844744
1098,11,8.0,2.0,"(-10870438.723049434, 3530000.4471257045)",1.0342523602844744
1098,12,8.0,1.42857142857143,"(-10870438.723049434, 3530000.4471257045)",1.0342523602844744
1098,13,8.0,1.14285714285714,"(-10870438.723049434, 3530000.4471257045)",1.0342523602844744
1098,14,8.0,0.857142857142857,"(-10870438.723049434, 3530000.4471257045)",1.0342523602844744
1098,15,8.0,0.857142857142857,"(-10870438.723049434, 3530000.4471257045)",1.0342523602844744
1098,16,8.0,0.714285714285714,"(-10870438.723049434, 3530000.4471257045)",1.0342523602844744
1098,17,8.0,1.0,"(-10870438.723049434, 3530000.4471257045)",1.0342523602844744
1098,18,8.0,1.0,"(-10870438.723049434, 3530000.4471257045)",1.0342523602844744
1098,19,8.0,1.0,"(-10870438.723049434, 3530000.4471257045)",1.0342523602844744
1098,20,8.0,1.0,"(-10870438.723049434, 3530000.4471257045)",1.0342523602844744
1098,21,8.0,1.0,"(-10870438.723049434, 3530000.4471257045)",1.0342523602844744
1098,22,8.0,0.857142857142857,"(-10870438.723049434, 3530000.4471257045)",1.0342523602844744
1098,23,8.0,0.428571428571429,"(-10870438.723049434, 3530000.4471257045)",1.0342523602844744
1099,0,2.0,0.428571428571429,"(-10884492.808762085, 3525750.484913707)",1.0235417465384211
1099,1,2.0,0.285714285714286,"(-10884492.808762085, 3525750.484913707)",1.0235417465384211
1099,2,2.0,0.142857142857143,"(-10884492.808762085, 3525750.484913707)",1.0235417465384211
1099,3,2.0,0.142857142857143,"(-10884492.808762085, 3525750.484913707)",1.0235417465384211
1099,4,2.0,0.285714285714286,"(-10884492.808762085, 3525750.484913707)",1.0235417465384211
1099,5,2.0,0.285714285714286,"(-10884492.808762085, 3525750.484913707)",1.0235417465384211
1099,6,2.0,0.285714285714286,"(-10884492.808762085, 3525750.484913707)",1.0235417465384211
1099,7,2.0,0.428571428571429,"(-10884492.808762085, 3525750.484913707)",1.0235417465384211
1099,8,2.0,0.428571428571429,"(-10884492.808762085, 3525750.484913707)",1.0235417465384211
1099,9,2.0,0.285714285714286,"(-10884492.808762085, 3525750.484913707)",1.0235417465384211
1099,10,2.0,0.142857142857143,"(-10884492.808762085, 3525750.484913707)",1.0235417465384211
1099,11,2.0,0.0,"(-10884492.808762085, 3525750.484913707)",1.0235417465384211
1099,12,2.0,0.142857142857143,"(-10884492.808762085, 3525750.484913707)",1.0235417465384211
1099,13,2.0,0.142857142857143,"(-10884492.808762085, 3525750.484913707)",1.0235417465384211
1099,14,2.0,0.142857142857143,"(-10884492.808762085, 3525750.484913707)",1.0235417465384211
1099,15,2.0,0.285714285714286,"(-10884492.808762085, 3525750.484913707)",1.0235417465384211
1099,16,2.0,0.142857142857143,"(-10884492.808762085, 3525750.484913707)",1.0235417465384211
1099,17,2.0,0.285714285714286,"(-10884492.808762085, 3525750.484913707)",1.0235417465384211
1099,18,2.0,0.142857142857143,"(-10884492.808762085, 3525750.484913707)",1.0235417465384211
1099,19,2.0,0.142857142857143,"(-10884492.808762085, 3525750.484913707)",1.0235417465384211
1099,20,2.0,0.142857142857143,"(-10884492.808762085, 3525750.484913707)",1.0235417465384211
1099,21,2.0,0.285714285714286,"(-10884492.808762085, 3525750.484913707)",1.0235417465384211
1099,22,2.0,0.428571428571429,"(-10884492.808762085, 3525750.484913707)",1.0235417465384211
1099,23,2.0,0.428571428571429,"(-10884492.808762085, 3525750.484913707)",1.0235417465384211
1100,0,4.0,0.285714285714286,"(-10886677.453768903, 3531336.903851664)",1.0272681179328365
1100,1,4.0,0.142857142857143,"(-10886677.453768903, 3531336.903851664)",1.0272681179328365
1100,2,4.0,0.285714285714286,"(-10886677.453768903, 3531336.903851664)",1.0272681179328365
1100,3,4.0,0.714285714285714,"(-10886677.453768903, 3531336.903851664)",1.0272681179328365
1100,4,4.0,0.857142857142857,"(-10886677.453768903, 3531336.903851664)",1.0272681179328365
1100,5,4.0,1.14285714285714,"(-10886677.453768903, 3531336.903851664)",1.0272681179328365
1100,6,4.0,0.857142857142857,"(-10886677.453768903, 3531336.903851664)",1.0272681179328365
1100,7,4.0,0.857142857142857,"(-10886677.453768903, 3531336.903851664)",1.0272681179328365
1100,8,4.0,1.0,"(-10886677.453768903, 3531336.903851664)",1.0272681179328365
1100,9,4.0,0.714285714285714,"(-10886677.453768903, 3531336.903851664)",1.0272681179328365
1100,10,4.0,0.857142857142857,"(-10886677.453768903, 3531336.903851664)",1.0272681179328365
1100,11,4.0,0.714285714285714,"(-10886677.453768903, 3531336.903851664)",1.0272681179328365
1100,12,4.0,0.714285714285714,"(-10886677.453768903, 3531336.903851664)",1.0272681179328365
1100,13,4.0,0.571428571428571,"(-10886677.453768903, 3531336.903851664)",1.0272681179328365
1100,14,4.0,0.857142857142857,"(-10886677.453768903, 3531336.903851664)",1.0272681179328365
1100,15,4.0,1.0,"(-10886677.453768903, 3531336.903851664)",1.0272681179328365
1100,16,4.0,0.571428571428571,"(-10886677.453768903, 3531336.903851664)",1.0272681179328365
1100,17,4.0,0.857142857142857,"(-10886677.453768903, 3531336.903851664)",1.0272681179328365
1100,18,4.0,0.714285714285714,"(-10886677.453768903, 3531336.903851664)",1.0272681179328365
1100,19,4.0,0.571428571428571,"(-10886677.453768903, 3531336.903851664)",1.0272681179328365
1100,20,4.0,0.571428571428571,"(-10886677.453768903, 3531336.903851664)",1.0272681179328365
1100,21,4.0,0.285714285714286,"(-10886677.453768903, 3531336.903851664)",1.0272681179328365
1100,22,4.0,0.0,"(-10886677.453768903, 3531336.903851664)",1.0272681179328365
1100,23,4.0,0.142857142857143,"(-10886677.453768903, 3531336.903851664)",1.0272681179328365
1101,0,2.0,0.428571428571429,"(-10879191.218013056, 3533382.1165159084)",1.0244001332610029
1101,1,2.0,0.714285714285714,"(-10879191.218013056, 3533382.1165159084)",1.0244001332610029
1101,2,2.0,0.428571428571429,"(-10879191.218013056, 3533382.1165159084)",1.0244001332610029
1101,3,2.0,0.428571428571429,"(-10879191.218013056, 3533382.1165159084)",1.0244001332610029
1101,4,2.0,0.285714285714286,"(-10879191.218013056, 3533382.1165159084)",1.0244001332610029
1101,5,2.0,0.285714285714286,"(-10879191.218013056, 3533382.1165159084)",1.0244001332610029
1101,6,2.0,0.0,"(-10879191.218013056, 3533382.1165159084)",1.0244001332610029
1101,7,2.0,0.142857142857143,"(-10879191.218013056, 3533382.1165159084)",1.0244001332610029
1101,8,2.0,0.428571428571429,"(-10879191.218013056, 3533382.1165159084)",1.0244001332610029
1101,9,2.0,0.142857142857143,"(-10879191.218013056, 3533382.1165159084)",1.0244001332610029
1101,10,2.0,0.142857142857143,"(-10879191.218013056, 3533382.1165159084)",1.0244001332610029
1101,11,2.0,0.428571428571429,"(-10879191.218013056, 3533382.1165159084)",1.0244001332610029
1101,12,2.0,0.428571428571429,"(-10879191.218013056, 3533382.1165159084)",1.0244001332610029
1101,13,2.0,0.714285714285714,"(-10879191.218013056, 3533382.1165159084)",1.0244001332610029
1101,14,2.0,0.428571428571429,"(-10879191.218013056, 3533382.1165159084)",1.0244001332610029
1101,15,2.0,0.285714285714286,"(-10879191.218013056, 3533382.1165159084)",1.0244001332610029
1101,16,2.0,0.285714285714286,"(-10879191.218013056, 3533382.1165159084)",1.0244001332610029
1101,17,2.0,0.285714285714286,"(-10879191.218013056, 3533382.1165159084)",1.0244001332610029
1101,18,2.0,0.142857142857143,"(-10879191.218013056, 3533382.1165159084)",1.0244001332610029
1101,19,2.0,0.0,"(-10879191.218013056, 3533382.1165159084)",1.0244001332610029
1101,20,2.0,0.142857142857143,"(-10879191.218013056, 3533382.1165159084)",1.0244001332610029
1101,21,2.0,0.142857142857143,"(-10879191.218013056, 3533382.1165159084)",1.0244001332610029
1101,22,2.0,0.142857142857143,"(-10879191.218013056, 3533382.1165159084)",1.0244001332610029
1101,23,2.0,0.285714285714286,"(-10879191.218013056, 3533382.1165159084)",1.0244001332610029
1102,0,2.0,0.142857142857143,"(-10885105.065961448, 3533978.0279872394)",1.0244001332610029
1102,1,2.0,0.142857142857143,"(-10885105.065961448, 3533978.0279872394)",1.0244001332610029
1102,2,2.0,0.142857142857143,"(-10885105.065961448, 3533978.0279872394)",1.0244001332610029
1102,3,2.0,0.428571428571429,"(-10885105.065961448, 3533978.0279872394)",1.0244001332610029
1102,4,2.0,0.285714285714286,"(-10885105.065961448, 3533978.0279872394)",1.0244001332610029
1102,5,2.0,0.142857142857143,"(-10885105.065961448, 3533978.0279872394)",1.0244001332610029
1102,6,2.0,0.0,"(-10885105.065961448, 3533978.0279872394)",1.0244001332610029
1102,7,2.0,0.0,"(-10885105.065961448, 3533978.0279872394)",1.0244001332610029
1102,8,2.0,0.142857142857143,"(-10885105.065961448, 3533978.0279872394)",1.0244001332610029
1102,9,2.0,0.142857142857143,"(-10885105.065961448, 3533978.0279872394)",1.0244001332610029
1102,10,2.0,0.285714285714286,"(-10885105.065961448, 3533978.0279872394)",1.0244001332610029
1102,11,2.0,0.428571428571429,"(-10885105.065961448, 3533978.0279872394)",1.0244001332610029
1102,12,2.0,0.428571428571429,"(-10885105.065961448, 3533978.0279872394)",1.0244001332610029
1102,13,2.0,0.428571428571429,"(-10885105.065961448, 3533978.0279872394)",1.0244001332610029
1102,14,2.0,0.428571428571429,"(-10885105.065961448, 3533978.0279872394)",1.0244001332610029
1102,15,2.0,0.428571428571429,"(-10885105.065961448, 3533978.0279872394)",1.0244001332610029
1102,16,2.0,0.285714285714286,"(-10885105.065961448, 3533978.0279872394)",1.0244001332610029
1102,17,2.0,0.142857142857143,"(-10885105.065961448, 3533978.0279872394)",1.0244001332610029
1102,18,2.0,0.142857142857143,"(-10885105.065961448, 3533978.0279872394)",1.0244001332610029
1102,19,2.0,0.285714285714286,"(-10885105.065961448, 3533978.0279872394)",1.0244001332610029
1102,20,2.0,0.285714285714286,"(-10885105.065961448, 3533978.0279872394)",1.0244001332610029
1102,21,2.0,0.714285714285714,"(-10885105.065961448, 3533978.0279872394)",1.0244001332610029
1102,22,2.0,0.571428571428571,"(-10885105.065961448, 3533978.0279872394)",1.0244001332610029
1102,23,2.0,0.571428571428571,"(-10885105.065961448, 3533978.0279872394)",1.0244001332610029
1103,0,2.0,0.857142857142857,"(-10877201.382115126, 3534622.2881454607)",1.0255647935057728
1103,1,2.0,0.571428571428571,"(-10877201.382115126, 3534622.2881454607)",1.0255647935057728
1103,2,2.0,0.428571428571429,"(-10877201.382115126, 3534622.2881454607)",1.0255647935057728
1103,3,2.0,0.0,"(-10877201.382115126, 3534622.2881454607)",1.0255647935057728
1103,4,2.0,0.142857142857143,"(-10877201.382115126, 3534622.2881454607)",1.0255647935057728
1103,5,2.0,0.428571428571429,"(-10877201.382115126, 3534622.2881454607)",1.0255647935057728
1103,6,2.0,0.285714285714286,"(-10877201.382115126, 3534622.2881454607)",1.0255647935057728
1103,7,2.0,0.285714285714286,"(-10877201.382115126, 3534622.2881454607)",1.0255647935057728
1103,8,2.0,0.142857142857143,"(-10877201.382115126, 3534622.2881454607)",1.0255647935057728
1103,9,2.0,0.0,"(-10877201.382115126, 3534622.2881454607)",1.0255647935057728
1103,10,2.0,0.428571428571429,"(-10877201.382115126, 3534622.2881454607)",1.0255647935057728
1103,11,2.0,0.571428571428571,"(-10877201.382115126, 3534622.2881454607)",1.0255647935057728
1103,12,2.0,0.428571428571429,"(-10877201.382115126, 3534622.2881454607)",1.0255647935057728
1103,13,2.0,0.428571428571429,"(-10877201.382115126, 3534622.2881454607)",1.0255647935057728
1103,14,2.0,0.714285714285714,"(-10877201.382115126, 3534622.2881454607)",1.0255647935057728
1103,15,2.0,0.857142857142857,"(-10877201.382115126, 3534622.2881454607)",1.0255647935057728
1103,16,2.0,0.428571428571429,"(-10877201.382115126, 3534622.2881454607)",1.0255647935057728
1103,17,2.0,0.285714285714286,"(-10877201.382115126, 3534622.2881454607)",1.0255647935057728
1103,18,2.0,0.428571428571429,"(-10877201.382115126, 3534622.2881454607)",1.0255647935057728
1103,19,2.0,0.571428571428571,"(-10877201.382115126, 3534622.2881454607)",1.0255647935057728
1103,20,2.0,0.428571428571429,"(-10877201.382115126, 3534622.2881454607)",1.0255647935057728
1103,21,2.0,0.285714285714286,"(-10877201.382115126, 3534622.2881454607)",1.0255647935057728
1103,22,2.0,0.285714285714286,"(-10877201.382115126, 3534622.2881454607)",1.0255647935057728
1103,23,2.0,0.428571428571429,"(-10877201.382115126, 3534622.2881454607)",1.0255647935057728
1104,0,2.0,0.285714285714286,"(-10877507.510714807, 3528342.148507016)",1.0282202616696288
1104,1,2.0,0.142857142857143,"(-10877507.510714807, 3528342.148507016)",1.0282202616696288
1104,2,2.0,0.142857142857143,"(-10877507.510714807, 3528342.148507016)",1.0282202616696288
1104,3,2.0,0.142857142857143,"(-10877507.510714807, 3528342.148507016)",1.0282202616696288
1104,4,2.0,0.285714285714286,"(-10877507.510714807, 3528342.148507016)",1.0282202616696288
1104,5,2.0,0.428571428571429,"(-10877507.510714807, 3528342.148507016)",1.0282202616696288
1104,6,2.0,0.714285714285714,"(-10877507.510714807, 3528342.148507016)",1.0282202616696288
1104,7,2.0,0.714285714285714,"(-10877507.510714807, 3528342.148507016)",1.0282202616696288
1104,8,2.0,0.285714285714286,"(-10877507.510714807, 3528342.148507016)",1.0282202616696288
1104,9,2.0,0.142857142857143,"(-10877507.510714807, 3528342.148507016)",1.0282202616696288
1104,10,2.0,0.142857142857143,"(-10877507.510714807, 3528342.148507016)",1.0282202616696288
1104,11,2.0,0.142857142857143,"(-10877507.510714807, 3528342.148507016)",1.0282202616696288
1104,12,2.0,0.571428571428571,"(-10877507.510714807, 3528342.148507016)",1.0282202616696288
1104,13,2.0,0.571428571428571,"(-10877507.510714807, 3528342.148507016)",1.0282202616696288
1104,14,2.0,0.857142857142857,"(-10877507.510714807, 3528342.148507016)",1.0282202616696288
1104,15,2.0,0.428571428571429,"(-10877507.510714807, 3528342.148507016)",1.0282202616696288
1104,16,2.0,0.142857142857143,"(-10877507.510714807, 3528342.148507016)",1.0282202616696288
1104,17,2.0,0.0,"(-10877507.510714807, 3528342.148507016)",1.0282202616696288
1104,18,2.0,0.285714285714286,"(-10877507.510714807, 3528342.148507016)",1.0282202616696288
1104,19,2.0,0.142857142857143,"(-10877507.510714807, 3528342.148507016)",1.0282202616696288
1104,20,2.0,0.428571428571429,"(-10877507.510714807, 3528342.148507016)",1.0282202616696288
1104,21,2.0,0.142857142857143,"(-10877507.510714807, 3528342.148507016)",1.0282202616696288
1104,22,2.0,0.0,"(-10877507.510714807, 3528342.148507016)",1.0282202616696288
1104,23,2.0,0.142857142857143,"(-10877507.510714807, 3528342.148507016)",1.0282202616696288
1105,0,26.0,4.71428571428571,"(-10878189.342595916, 3534686.715963906)",1.0255647935057728
1105,1,26.0,5.57142857142857,"(-10878189.342595916, 3534686.715963906)",1.0255647935057728
1105,2,26.0,6.14285714285714,"(-10878189.342595916, 3534686.715963906)",1.0255647935057728
1105,3,26.0,6.57142857142857,"(-10878189.342595916, 3534686.715963906)",1.0255647935057728
1105,4,26.0,5.14285714285714,"(-10878189.342595916, 3534686.715963906)",1.0255647935057728
1105,5,26.0,3.85714285714286,"(-10878189.342595916, 3534686.715963906)",1.0255647935057728
1105,6,26.0,5.57142857142857,"(-10878189.342595916, 3534686.715963906)",1.0255647935057728
1105,7,26.0,6.42857142857143,"(-10878189.342595916, 3534686.715963906)",1.0255647935057728
1105,8,26.0,6.71428571428571,"(-10878189.342595916, 3534686.715963906)",1.0255647935057728
1105,9,26.0,5.28571428571429,"(-10878189.342595916, 3534686.715963906)",1.0255647935057728
1105,10,26.0,3.57142857142857,"(-10878189.342595916, 3534686.715963906)",1.0255647935057728
1105,11,26.0,4.42857142857143,"(-10878189.342595916, 3534686.715963906)",1.0255647935057728
1105,12,26.0,4.42857142857143,"(-10878189.342595916, 3534686.715963906)",1.0255647935057728
1105,13,26.0,5.0,"(-10878189.342595916, 3534686.715963906)",1.0255647935057728
1105,14,26.0,5.57142857142857,"(-10878189.342595916, 3534686.715963906)",1.0255647935057728
1105,15,26.0,5.14285714285714,"(-10878189.342595916, 3534686.715963906)",1.0255647935057728
1105,16,26.0,5.71428571428571,"(-10878189.342595916, 3534686.715963906)",1.0255647935057728
1105,17,26.0,9.42857142857143,"(-10878189.342595916, 3534686.715963906)",1.0255647935057728
1105,18,26.0,9.14285714285714,"(-10878189.342595916, 3534686.715963906)",1.0255647935057728
1105,19,26.0,9.0,"(-10878189.342595916, 3534686.715963906)",1.0255647935057728
1105,20,26.0,9.0,"(-10878189.342595916, 3534686.715963906)",1.0255647935057728
1105,21,26.0,8.14285714285714,"(-10878189.342595916, 3534686.715963906)",1.0255647935057728
1105,22,26.0,7.85714285714286,"(-10878189.342595916, 3534686.715963906)",1.0255647935057728
1105,23,26.0,7.85714285714286,"(-10878189.342595916, 3534686.715963906)",1.0255647935057728
1106,0,2.0,0.285714285714286,"(-10878815.514731629, 3532818.4422753244)",1.0255647935057728
1106,1,2.0,0.428571428571429,"(-10878815.514731629, 3532818.4422753244)",1.0255647935057728
1106,2,2.0,0.142857142857143,"(-10878815.514731629, 3532818.4422753244)",1.0255647935057728
1106,3,2.0,0.142857142857143,"(-10878815.514731629, 3532818.4422753244)",1.0255647935057728
1106,4,2.0,0.285714285714286,"(-10878815.514731629, 3532818.4422753244)",1.0255647935057728
1106,5,2.0,0.142857142857143,"(-10878815.514731629, 3532818.4422753244)",1.0255647935057728
1106,6,2.0,0.285714285714286,"(-10878815.514731629, 3532818.4422753244)",1.0255647935057728
1106,7,2.0,0.142857142857143,"(-10878815.514731629, 3532818.4422753244)",1.0255647935057728
1106,8,2.0,0.0,"(-10878815.514731629, 3532818.4422753244)",1.0255647935057728
1106,9,2.0,0.714285714285714,"(-10878815.514731629, 3532818.4422753244)",1.0255647935057728
1106,10,2.0,0.571428571428571,"(-10878815.514731629, 3532818.4422753244)",1.0255647935057728
1106,11,2.0,0.571428571428571,"(-10878815.514731629, 3532818.4422753244)",1.0255647935057728
1106,12,2.0,0.285714285714286,"(-10878815.514731629, 3532818.4422753244)",1.0255647935057728
1106,13,2.0,0.285714285714286,"(-10878815.514731629, 3532818.4422753244)",1.0255647935057728
1106,14,2.0,0.0,"(-10878815.514731629, 3532818.4422753244)",1.0255647935057728
1106,15,2.0,0.0,"(-10878815.514731629, 3532818.4422753244)",1.0255647935057728
1106,16,2.0,0.0,"(-10878815.514731629, 3532818.4422753244)",1.0255647935057728
1106,17,2.0,0.142857142857143,"(-10878815.514731629, 3532818.4422753244)",1.0255647935057728
1106,18,2.0,0.0,"(-10878815.514731629, 3532818.4422753244)",1.0255647935057728
1106,19,2.0,0.428571428571429,"(-10878815.514731629, 3532818.4422753244)",1.0255647935057728
1106,20,2.0,0.714285714285714,"(-10878815.514731629, 3532818.4422753244)",1.0255647935057728
1106,21,2.0,0.714285714285714,"(-10878815.514731629, 3532818.4422753244)",1.0255647935057728
1106,22,2.0,0.428571428571429,"(-10878815.514731629, 3532818.4422753244)",1.0255647935057728
1106,23,2.0,0.285714285714286,"(-10878815.514731629, 3532818.4422753244)",1.0255647935057728
1107,0,2.0,0.571428571428571,"(-10881695.906555904, 3532737.9194310894)",1.0244001332610029
1107,1,2.0,0.714285714285714,"(-10881695.906555904, 3532737.9194310894)",1.0244001332610029
1107,2,2.0,0.428571428571429,"(-10881695.906555904, 3532737.9194310894)",1.0244001332610029
1107,3,2.0,0.428571428571429,"(-10881695.906555904, 3532737.9194310894)",1.0244001332610029
1107,4,2.0,0.571428571428571,"(-10881695.906555904, 3532737.9194310894)",1.0244001332610029
1107,5,2.0,0.714285714285714,"(-10881695.906555904, 3532737.9194310894)",1.0244001332610029
1107,6,2.0,0.285714285714286,"(-10881695.906555904, 3532737.9194310894)",1.0244001332610029
1107,7,2.0,0.285714285714286,"(-10881695.906555904, 3532737.9194310894)",1.0244001332610029
1107,8,2.0,0.142857142857143,"(-10881695.906555904, 3532737.9194310894)",1.0244001332610029
1107,9,2.0,0.142857142857143,"(-10881695.906555904, 3532737.9194310894)",1.0244001332610029
1107,10,2.0,0.428571428571429,"(-10881695.906555904, 3532737.9194310894)",1.0244001332610029
1107,11,2.0,0.428571428571429,"(-10881695.906555904, 3532737.9194310894)",1.0244001332610029
1107,12,2.0,0.142857142857143,"(-10881695.906555904, 3532737.9194310894)",1.0244001332610029
1107,13,2.0,0.285714285714286,"(-10881695.906555904, 3532737.9194310894)",1.0244001332610029
1107,14,2.0,0.0,"(-10881695.906555904, 3532737.9194310894)",1.0244001332610029
1107,15,2.0,0.285714285714286,"(-10881695.906555904, 3532737.9194310894)",1.0244001332610029
1107,16,2.0,0.428571428571429,"(-10881695.906555904, 3532737.9194310894)",1.0244001332610029
1107,17,2.0,0.714285714285714,"(-10881695.906555904, 3532737.9194310894)",1.0244001332610029
1107,18,2.0,0.428571428571429,"(-10881695.906555904, 3532737.9194310894)",1.0244001332610029
1107,19,2.0,0.571428571428571,"(-10881695.906555904, 3532737.9194310894)",1.0244001332610029
1107,20,2.0,0.857142857142857,"(-10881695.906555904, 3532737.9194310894)",1.0244001332610029
1107,21,2.0,0.714285714285714,"(-10881695.906555904, 3532737.9194310894)",1.0244001332610029
1107,22,2.0,0.428571428571429,"(-10881695.906555904, 3532737.9194310894)",1.0244001332610029
1107,23,2.0,0.571428571428571,"(-10881695.906555904, 3532737.9194310894)",1.0244001332610029
1108,0,2.0,0.0,"(-10879288.622567499, 3534509.5402518837)",1.0244001332610029
1108,1,2.0,0.142857142857143,"(-10879288.622567499, 3534509.5402518837)",1.0244001332610029
1108,2,2.0,0.142857142857143,"(-10879288.622567499, 3534509.5402518837)",1.0244001332610029
1108,3,2.0,0.285714285714286,"(-10879288.622567499, 3534509.5402518837)",1.0244001332610029
1108,4,2.0,0.571428571428571,"(-10879288.622567499, 3534509.5402518837)",1.0244001332610029
1108,5,2.0,0.285714285714286,"(-10879288.622567499, 3534509.5402518837)",1.0244001332610029
1108,6,2.0,0.285714285714286,"(-10879288.622567499, 3534509.5402518837)",1.0244001332610029
1108,7,2.0,0.142857142857143,"(-10879288.622567499, 3534509.5402518837)",1.0244001332610029
1108,8,2.0,0.428571428571429,"(-10879288.622567499, 3534509.5402518837)",1.0244001332610029
1108,9,2.0,0.285714285714286,"(-10879288.622567499, 3534509.5402518837)",1.0244001332610029
1108,10,2.0,0.0,"(-10879288.622567499, 3534509.5402518837)",1.0244001332610029
1108,11,2.0,0.0,"(-10879288.622567499, 3534509.5402518837)",1.0244001332610029
1108,12,2.0,0.0,"(-10879288.622567499, 3534509.5402518837)",1.0244001332610029
1108,13,2.0,0.142857142857143,"(-10879288.622567499, 3534509.5402518837)",1.0244001332610029
1108,14,2.0,0.285714285714286,"(-10879288.622567499, 3534509.5402518837)",1.0244001332610029
1108,15,2.0,0.142857142857143,"(-10879288.622567499, 3534509.5402518837)",1.0244001332610029
1108,16,2.0,0.0,"(-10879288.622567499, 3534509.5402518837)",1.0244001332610029
1108,17,2.0,0.0,"(-10879288.622567499, 3534509.5402518837)",1.0244001332610029
1108,18,2.0,0.0,"(-10879288.622567499, 3534509.5402518837)",1.0244001332610029
1108,19,2.0,0.142857142857143,"(-10879288.622567499, 3534509.5402518837)",1.0244001332610029
1108,20,2.0,0.142857142857143,"(-10879288.622567499, 3534509.5402518837)",1.0244001332610029
1108,21,2.0,0.142857142857143,"(-10879288.622567499, 3534509.5402518837)",1.0244001332610029
1108,22,2.0,0.142857142857143,"(-10879288.622567499, 3534509.5402518837)",1.0244001332610029
1108,23,2.0,0.285714285714286,"(-10879288.622567499, 3534509.5402518837)",1.0244001332610029
1109,0,0.0,0.0,"(-10880582.71164797, 3531852.201917869)",1.0235417465384211
1109,1,0.0,0.0,"(-10880582.71164797, 3531852.201917869)",1.0235417465384211
1109,2,0.0,0.0,"(-10880582.71164797, 3531852.201917869)",1.0235417465384211
1109,3,0.0,0.0,"(-10880582.71164797, 3531852.201917869)",1.0235417465384211
1109,4,0.0,0.0,"(-10880582.71164797, 3531852.201917869)",1.0235417465384211
1109,5,0.0,0.0,"(-10880582.71164797, 3531852.201917869)",1.0235417465384211
1109,6,0.0,0.0,"(-10880582.71164797, 3531852.201917869)",1.0235417465384211
1109,7,0.0,0.0,"(-10880582.71164797, 3531852.201917869)",1.0235417465384211
1109,8,0.0,0.0,"(-10880582.71164797, 3531852.201917869)",1.0235417465384211
1109,9,0.0,0.0,"(-10880582.71164797, 3531852.201917869)",1.0235417465384211
1109,10,0.0,0.0,"(-10880582.71164797, 3531852.201917869)",1.0235417465384211
1109,11,0.0,0.0,"(-10880582.71164797, 3531852.201917869)",1.0235417465384211
1109,12,0.0,0.0,"(-10880582.71164797, 3531852.201917869)",1.0235417465384211
1109,13,0.0,0.0,"(-10880582.71164797, 3531852.201917869)",1.0235417465384211
1109,14,0.0,0.0,"(-10880582.71164797, 3531852.201917869)",1.0235417465384211
1109,15,0.0,0.0,"(-10880582.71164797, 3531852.201917869)",1.0235417465384211
1109,16,0.0,0.0,"(-10880582.71164797, 3531852.201917869)",1.0235417465384211
1109,17,0.0,0.0,"(-10880582.71164797, 3531852.201917869)",1.0235417465384211
1109,18,0.0,0.0,"(-10880582.71164797, 3531852.201917869)",1.0235417465384211
1109,19,0.0,0.0,"(-10880582.71164797, 3531852.201917869)",1.0235417465384211
1109,20,0.0,0.0,"(-10880582.71164797, 3531852.201917869)",1.0235417465384211
1109,21,0.0,0.0,"(-10880582.71164797, 3531852.201917869)",1.0235417465384211
1109,22,0.0,0.0,"(-10880582.71164797, 3531852.201917869)",1.0235417465384211
1109,23,0.0,0.0,"(-10880582.71164797, 3531852.201917869)",1.0235417465384211
1110,0,2.0,0.0,"(-10880318.327857336, 3536523.0466130725)",1.0244001332610029
1110,1,2.0,0.142857142857143,"(-10880318.327857336, 3536523.0466130725)",1.0244001332610029
1110,2,2.0,0.0,"(-10880318.327857336, 3536523.0466130725)",1.0244001332610029
1110,3,2.0,0.142857142857143,"(-10880318.327857336, 3536523.0466130725)",1.0244001332610029
1110,4,2.0,0.285714285714286,"(-10880318.327857336, 3536523.0466130725)",1.0244001332610029
1110,5,2.0,0.142857142857143,"(-10880318.327857336, 3536523.0466130725)",1.0244001332610029
1110,6,2.0,0.285714285714286,"(-10880318.327857336, 3536523.0466130725)",1.0244001332610029
1110,7,2.0,0.428571428571429,"(-10880318.327857336, 3536523.0466130725)",1.0244001332610029
1110,8,2.0,0.142857142857143,"(-10880318.327857336, 3536523.0466130725)",1.0244001332610029
1110,9,2.0,0.285714285714286,"(-10880318.327857336, 3536523.0466130725)",1.0244001332610029
1110,10,2.0,0.285714285714286,"(-10880318.327857336, 3536523.0466130725)",1.0244001332610029
1110,11,2.0,0.285714285714286,"(-10880318.327857336, 3536523.0466130725)",1.0244001332610029
1110,12,2.0,0.285714285714286,"(-10880318.327857336, 3536523.0466130725)",1.0244001332610029
1110,13,2.0,0.285714285714286,"(-10880318.327857336, 3536523.0466130725)",1.0244001332610029
1110,14,2.0,0.285714285714286,"(-10880318.327857336, 3536523.0466130725)",1.0244001332610029
1110,15,2.0,0.0,"(-10880318.327857336, 3536523.0466130725)",1.0244001332610029
1110,16,2.0,0.428571428571429,"(-10880318.327857336, 3536523.0466130725)",1.0244001332610029
1110,17,2.0,0.142857142857143,"(-10880318.327857336, 3536523.0466130725)",1.0244001332610029
1110,18,2.0,0.0,"(-10880318.327857336, 3536523.0466130725)",1.0244001332610029
1110,19,2.0,0.142857142857143,"(-10880318.327857336, 3536523.0466130725)",1.0244001332610029
1110,20,2.0,0.142857142857143,"(-10880318.327857336, 3536523.0466130725)",1.0244001332610029
1110,21,2.0,0.142857142857143,"(-10880318.327857336, 3536523.0466130725)",1.0244001332610029
1110,22,2.0,0.142857142857143,"(-10880318.327857336, 3536523.0466130725)",1.0244001332610029
1110,23,2.0,0.142857142857143,"(-10880318.327857336, 3536523.0466130725)",1.0244001332610029
1111,0,2.0,0.0,"(-10881918.54553749, 3530660.6069334038)",1.0235417465384211
1111,1,2.0,0.142857142857143,"(-10881918.54553749, 3530660.6069334038)",1.0235417465384211
1111,2,2.0,0.0,"(-10881918.54553749, 3530660.6069334038)",1.0235417465384211
1111,3,2.0,0.142857142857143,"(-10881918.54553749, 3530660.6069334038)",1.0235417465384211
1111,4,2.0,0.0,"(-10881918.54553749, 3530660.6069334038)",1.0235417465384211
1111,5,2.0,0.142857142857143,"(-10881918.54553749, 3530660.6069334038)",1.0235417465384211
1111,6,2.0,0.285714285714286,"(-10881918.54553749, 3530660.6069334038)",1.0235417465384211
1111,7,2.0,0.428571428571429,"(-10881918.54553749, 3530660.6069334038)",1.0235417465384211
1111,8,2.0,0.142857142857143,"(-10881918.54553749, 3530660.6069334038)",1.0235417465384211
1111,9,2.0,0.285714285714286,"(-10881918.54553749, 3530660.6069334038)",1.0235417465384211
1111,10,2.0,0.142857142857143,"(-10881918.54553749, 3530660.6069334038)",1.0235417465384211
1111,11,2.0,0.571428571428571,"(-10881918.54553749, 3530660.6069334038)",1.0235417465384211
1111,12,2.0,0.428571428571429,"(-10881918.54553749, 3530660.6069334038)",1.0235417465384211
1111,13,2.0,0.857142857142857,"(-10881918.54553749, 3530660.6069334038)",1.0235417465384211
1111,14,2.0,0.428571428571429,"(-10881918.54553749, 3530660.6069334038)",1.0235417465384211
1111,15,2.0,0.285714285714286,"(-10881918.54553749, 3530660.6069334038)",1.0235417465384211
1111,16,2.0,0.285714285714286,"(-10881918.54553749, 3530660.6069334038)",1.0235417465384211
1111,17,2.0,0.428571428571429,"(-10881918.54553749, 3530660.6069334038)",1.0235417465384211
1111,18,2.0,0.571428571428571,"(-10881918.54553749, 3530660.6069334038)",1.0235417465384211
1111,19,2.0,0.285714285714286,"(-10881918.54553749, 3530660.6069334038)",1.0235417465384211
1111,20,2.0,0.142857142857143,"(-10881918.54553749, 3530660.6069334038)",1.0235417465384211
1111,21,2.0,0.142857142857143,"(-10881918.54553749, 3530660.6069334038)",1.0235417465384211
1111,22,2.0,0.0,"(-10881918.54553749, 3530660.6069334038)",1.0235417465384211
1111,23,2.0,0.142857142857143,"(-10881918.54553749, 3530660.6069334038)",1.0235417465384211
1112,0,6.0,2.28571428571429,"(-10881890.715664791, 3531658.9626876162)",1.0235417465384211
1112,1,6.0,2.14285714285714,"(-10881890.715664791, 3531658.9626876162)",1.0235417465384211
1112,2,6.0,2.14285714285714,"(-10881890.715664791, 3531658.9626876162)",1.0235417465384211
1112,3,6.0,1.57142857142857,"(-10881890.715664791, 3531658.9626876162)",1.0235417465384211
1112,4,6.0,1.57142857142857,"(-10881890.715664791, 3531658.9626876162)",1.0235417465384211
1112,5,6.0,1.85714285714286,"(-10881890.715664791, 3531658.9626876162)",1.0235417465384211
1112,6,6.0,1.71428571428571,"(-10881890.715664791, 3531658.9626876162)",1.0235417465384211
1112,7,6.0,2.0,"(-10881890.715664791, 3531658.9626876162)",1.0235417465384211
1112,8,6.0,2.0,"(-10881890.715664791, 3531658.9626876162)",1.0235417465384211
1112,9,6.0,1.71428571428571,"(-10881890.715664791, 3531658.9626876162)",1.0235417465384211
1112,10,6.0,1.14285714285714,"(-10881890.715664791, 3531658.9626876162)",1.0235417465384211
1112,11,6.0,1.14285714285714,"(-10881890.715664791, 3531658.9626876162)",1.0235417465384211
1112,12,6.0,1.57142857142857,"(-10881890.715664791, 3531658.9626876162)",1.0235417465384211
1112,13,6.0,1.28571428571429,"(-10881890.715664791, 3531658.9626876162)",1.0235417465384211
1112,14,6.0,1.0,"(-10881890.715664791, 3531658.9626876162)",1.0235417465384211
1112,15,6.0,0.857142857142857,"(-10881890.715664791, 3531658.9626876162)",1.0235417465384211
1112,16,6.0,0.714285714285714,"(-10881890.715664791, 3531658.9626876162)",1.0235417465384211
1112,17,6.0,0.714285714285714,"(-10881890.715664791, 3531658.9626876162)",1.0235417465384211
1112,18,6.0,1.0,"(-10881890.715664791, 3531658.9626876162)",1.0235417465384211
1112,19,6.0,0.571428571428571,"(-10881890.715664791, 3531658.9626876162)",1.0235417465384211
1112,20,6.0,1.0,"(-10881890.715664791, 3531658.9626876162)",1.0235417465384211
1112,21,6.0,1.14285714285714,"(-10881890.715664791, 3531658.9626876162)",1.0235417465384211
1112,22,6.0,1.28571428571429,"(-10881890.715664791, 3531658.9626876162)",1.0235417465384211
1112,23,6.0,2.14285714285714,"(-10881890.715664791, 3531658.9626876162)",1.0235417465384211
1113,0,6.0,1.0,"(-10875281.12089894, 3536039.7758817924)",1.0255647935057728
1113,1,6.0,0.428571428571429,"(-10875281.12089894, 3536039.7758817924)",1.0255647935057728
1113,2,6.0,0.285714285714286,"(-10875281.12089894, 3536039.7758817924)",1.0255647935057728
1113,3,6.0,0.285714285714286,"(-10875281.12089894, 3536039.7758817924)",1.0255647935057728
1113,4,6.0,0.285714285714286,"(-10875281.12089894, 3536039.7758817924)",1.0255647935057728
1113,5,6.0,0.285714285714286,"(-10875281.12089894, 3536039.7758817924)",1.0255647935057728
1113,6,6.0,0.428571428571429,"(-10875281.12089894, 3536039.7758817924)",1.0255647935057728
1113,7,6.0,0.571428571428571,"(-10875281.12089894, 3536039.7758817924)",1.0255647935057728
1113,8,6.0,0.714285714285714,"(-10875281.12089894, 3536039.7758817924)",1.0255647935057728
1113,9,6.0,1.14285714285714,"(-10875281.12089894, 3536039.7758817924)",1.0255647935057728
1113,10,6.0,0.714285714285714,"(-10875281.12089894, 3536039.7758817924)",1.0255647935057728
1113,11,6.0,0.857142857142857,"(-10875281.12089894, 3536039.7758817924)",1.0255647935057728
1113,12,6.0,0.857142857142857,"(-10875281.12089894, 3536039.7758817924)",1.0255647935057728
1113,13,6.0,0.714285714285714,"(-10875281.12089894, 3536039.7758817924)",1.0255647935057728
1113,14,6.0,1.14285714285714,"(-10875281.12089894, 3536039.7758817924)",1.0255647935057728
1113,15,6.0,1.0,"(-10875281.12089894, 3536039.7758817924)",1.0255647935057728
1113,16,6.0,1.71428571428571,"(-10875281.12089894, 3536039.7758817924)",1.0255647935057728
1113,17,6.0,1.71428571428571,"(-10875281.12089894, 3536039.7758817924)",1.0255647935057728
1113,18,6.0,1.0,"(-10875281.12089894, 3536039.7758817924)",1.0255647935057728
1113,19,6.0,1.28571428571429,"(-10875281.12089894, 3536039.7758817924)",1.0255647935057728
1113,20,6.0,0.857142857142857,"(-10875281.12089894, 3536039.7758817924)",1.0255647935057728
1113,21,6.0,0.857142857142857,"(-10875281.12089894, 3536039.7758817924)",1.0255647935057728
1113,22,6.0,1.28571428571429,"(-10875281.12089894, 3536039.7758817924)",1.0255647935057728
1113,23,6.0,1.28571428571429,"(-10875281.12089894, 3536039.7758817924)",1.0255647935057728
1114,0,2.0,0.142857142857143,"(-10882850.846272884, 3535588.7398430943)",1.0244001332610029
1114,1,2.0,0.142857142857143,"(-10882850.846272884, 3535588.7398430943)",1.0244001332610029
1114,2,2.0,0.142857142857143,"(-10882850.846272884, 3535588.7398430943)",1.0244001332610029
1114,3,2.0,0.285714285714286,"(-10882850.846272884, 3535588.7398430943)",1.0244001332610029
1114,4,2.0,0.285714285714286,"(-10882850.846272884, 3535588.7398430943)",1.0244001332610029
1114,5,2.0,0.285714285714286,"(-10882850.846272884, 3535588.7398430943)",1.0244001332610029
1114,6,2.0,0.0,"(-10882850.846272884, 3535588.7398430943)",1.0244001332610029
1114,7,2.0,0.0,"(-10882850.846272884, 3535588.7398430943)",1.0244001332610029
1114,8,2.0,0.0,"(-10882850.846272884, 3535588.7398430943)",1.0244001332610029
1114,9,2.0,0.0,"(-10882850.846272884, 3535588.7398430943)",1.0244001332610029
1114,10,2.0,0.142857142857143,"(-10882850.846272884, 3535588.7398430943)",1.0244001332610029
1114,11,2.0,0.0,"(-10882850.846272884, 3535588.7398430943)",1.0244001332610029
1114,12,2.0,0.285714285714286,"(-10882850.846272884, 3535588.7398430943)",1.0244001332610029
1114,13,2.0,0.285714285714286,"(-10882850.846272884, 3535588.7398430943)",1.0244001332610029
1114,14,2.0,0.0,"(-10882850.846272884, 3535588.7398430943)",1.0244001332610029
1114,15,2.0,0.142857142857143,"(-10882850.846272884, 3535588.7398430943)",1.0244001332610029
1114,16,2.0,0.285714285714286,"(-10882850.846272884, 3535588.7398430943)",1.0244001332610029
1114,17,2.0,0.428571428571429,"(-10882850.846272884, 3535588.7398430943)",1.0244001332610029
1114,18,2.0,0.142857142857143,"(-10882850.846272884, 3535588.7398430943)",1.0244001332610029
1114,19,2.0,0.428571428571429,"(-10882850.846272884, 3535588.7398430943)",1.0244001332610029
1114,20,2.0,0.285714285714286,"(-10882850.846272884, 3535588.7398430943)",1.0244001332610029
1114,21,2.0,0.714285714285714,"(-10882850.846272884, 3535588.7398430943)",1.0244001332610029
1114,22,2.0,0.285714285714286,"(-10882850.846272884, 3535588.7398430943)",1.0244001332610029
1114,23,2.0,0.285714285714286,"(-10882850.846272884, 3535588.7398430943)",1.0244001332610029
1115,0,2.0,0.0,"(-10874474.054590689, 3531514.0351986187)",1.0282202616696288
1115,1,2.0,0.0,"(-10874474.054590689, 3531514.0351986187)",1.0282202616696288
1115,2,2.0,0.0,"(-10874474.054590689, 3531514.0351986187)",1.0282202616696288
1115,3,2.0,0.0,"(-10874474.054590689, 3531514.0351986187)",1.0282202616696288
1115,4,2.0,0.142857142857143,"(-10874474.054590689, 3531514.0351986187)",1.0282202616696288
1115,5,2.0,0.142857142857143,"(-10874474.054590689, 3531514.0351986187)",1.0282202616696288
1115,6,2.0,0.142857142857143,"(-10874474.054590689, 3531514.0351986187)",1.0282202616696288
1115,7,2.0,0.142857142857143,"(-10874474.054590689, 3531514.0351986187)",1.0282202616696288
1115,8,2.0,0.142857142857143,"(-10874474.054590689, 3531514.0351986187)",1.0282202616696288
1115,9,2.0,0.142857142857143,"(-10874474.054590689, 3531514.0351986187)",1.0282202616696288
1115,10,2.0,0.428571428571429,"(-10874474.054590689, 3531514.0351986187)",1.0282202616696288
1115,11,2.0,0.428571428571429,"(-10874474.054590689, 3531514.0351986187)",1.0282202616696288
1115,12,2.0,0.571428571428571,"(-10874474.054590689, 3531514.0351986187)",1.0282202616696288
1115,13,2.0,0.428571428571429,"(-10874474.054590689, 3531514.0351986187)",1.0282202616696288
1115,14,2.0,0.0,"(-10874474.054590689, 3531514.0351986187)",1.0282202616696288
1115,15,2.0,0.0,"(-10874474.054590689, 3531514.0351986187)",1.0282202616696288
1115,16,2.0,0.142857142857143,"(-10874474.054590689, 3531514.0351986187)",1.0282202616696288
1115,17,2.0,0.142857142857143,"(-10874474.054590689, 3531514.0351986187)",1.0282202616696288
1115,18,2.0,0.142857142857143,"(-10874474.054590689, 3531514.0351986187)",1.0282202616696288
1115,19,2.0,0.0,"(-10874474.054590689, 3531514.0351986187)",1.0282202616696288
1115,20,2.0,0.142857142857143,"(-10874474.054590689, 3531514.0351986187)",1.0282202616696288
1115,21,2.0,0.428571428571429,"(-10874474.054590689, 3531514.0351986187)",1.0282202616696288
1115,22,2.0,0.571428571428571,"(-10874474.054590689, 3531514.0351986187)",1.0282202616696288
1115,23,2.0,0.285714285714286,"(-10874474.054590689, 3531514.0351986187)",1.0282202616696288
1116,0,6.0,1.71428571428571,"(-10878745.940049881, 3534992.7525779502)",1.0255647935057728
1116,1,6.0,1.42857142857143,"(-10878745.940049881, 3534992.7525779502)",1.0255647935057728
1116,2,6.0,0.857142857142857,"(-10878745.940049881, 3534992.7525779502)",1.0255647935057728
1116,3,6.0,0.571428571428571,"(-10878745.940049881, 3534992.7525779502)",1.0255647935057728
1116,4,6.0,0.571428571428571,"(-10878745.940049881, 3534992.7525779502)",1.0255647935057728
1116,5,6.0,1.0,"(-10878745.940049881, 3534992.7525779502)",1.0255647935057728
1116,6,6.0,1.28571428571429,"(-10878745.940049881, 3534992.7525779502)",1.0255647935057728
1116,7,6.0,1.57142857142857,"(-10878745.940049881, 3534992.7525779502)",1.0255647935057728
1116,8,6.0,0.857142857142857,"(-10878745.940049881, 3534992.7525779502)",1.0255647935057728
1116,9,6.0,0.857142857142857,"(-10878745.940049881, 3534992.7525779502)",1.0255647935057728
1116,10,6.0,0.857142857142857,"(-10878745.940049881, 3534992.7525779502)",1.0255647935057728
1116,11,6.0,0.857142857142857,"(-10878745.940049881, 3534992.7525779502)",1.0255647935057728
1116,12,6.0,1.42857142857143,"(-10878745.940049881, 3534992.7525779502)",1.0255647935057728
1116,13,6.0,1.0,"(-10878745.940049881, 3534992.7525779502)",1.0255647935057728
1116,14,6.0,1.57142857142857,"(-10878745.940049881, 3534992.7525779502)",1.0255647935057728
1116,15,6.0,1.71428571428571,"(-10878745.940049881, 3534992.7525779502)",1.0255647935057728
1116,16,6.0,1.28571428571429,"(-10878745.940049881, 3534992.7525779502)",1.0255647935057728
1116,17,6.0,1.14285714285714,"(-10878745.940049881, 3534992.7525779502)",1.0255647935057728
1116,18,6.0,1.57142857142857,"(-10878745.940049881, 3534992.7525779502)",1.0255647935057728
1116,19,6.0,1.71428571428571,"(-10878745.940049881, 3534992.7525779502)",1.0255647935057728
1116,20,6.0,1.0,"(-10878745.940049881, 3534992.7525779502)",1.0255647935057728
1116,21,6.0,0.714285714285714,"(-10878745.940049881, 3534992.7525779502)",1.0255647935057728
1116,22,6.0,1.0,"(-10878745.940049881, 3534992.7525779502)",1.0255647935057728
1116,23,6.0,1.57142857142857,"(-10878745.940049881, 3534992.7525779502)",1.0255647935057728
1117,0,6.0,1.14285714285714,"(-10877924.958805282, 3536313.627031015)",1.0255647935057728
1117,1,6.0,0.714285714285714,"(-10877924.958805282, 3536313.627031015)",1.0255647935057728
1117,2,6.0,0.571428571428571,"(-10877924.958805282, 3536313.627031015)",1.0255647935057728
1117,3,6.0,1.71428571428571,"(-10877924.958805282, 3536313.627031015)",1.0255647935057728
1117,4,6.0,2.85714285714286,"(-10877924.958805282, 3536313.627031015)",1.0255647935057728
1117,5,6.0,2.42857142857143,"(-10877924.958805282, 3536313.627031015)",1.0255647935057728
1117,6,6.0,1.85714285714286,"(-10877924.958805282, 3536313.627031015)",1.0255647935057728
1117,7,6.0,1.42857142857143,"(-10877924.958805282, 3536313.627031015)",1.0255647935057728
1117,8,6.0,1.71428571428571,"(-10877924.958805282, 3536313.627031015)",1.0255647935057728
1117,9,6.0,2.57142857142857,"(-10877924.958805282, 3536313.627031015)",1.0255647935057728
1117,10,6.0,2.0,"(-10877924.958805282, 3536313.627031015)",1.0255647935057728
1117,11,6.0,1.14285714285714,"(-10877924.958805282, 3536313.627031015)",1.0255647935057728
1117,12,6.0,1.0,"(-10877924.958805282, 3536313.627031015)",1.0255647935057728
1117,13,6.0,0.714285714285714,"(-10877924.958805282, 3536313.627031015)",1.0255647935057728
1117,14,6.0,1.57142857142857,"(-10877924.958805282, 3536313.627031015)",1.0255647935057728
1117,15,6.0,2.14285714285714,"(-10877924.958805282, 3536313.627031015)",1.0255647935057728
1117,16,6.0,1.71428571428571,"(-10877924.958805282, 3536313.627031015)",1.0255647935057728
1117,17,6.0,1.42857142857143,"(-10877924.958805282, 3536313.627031015)",1.0255647935057728
1117,18,6.0,0.571428571428571,"(-10877924.958805282, 3536313.627031015)",1.0255647935057728
1117,19,6.0,0.428571428571429,"(-10877924.958805282, 3536313.627031015)",1.0255647935057728
1117,20,6.0,0.428571428571429,"(-10877924.958805282, 3536313.627031015)",1.0255647935057728
1117,21,6.0,1.0,"(-10877924.958805282, 3536313.627031015)",1.0255647935057728
1117,22,6.0,1.42857142857143,"(-10877924.958805282, 3536313.627031015)",1.0255647935057728
1117,23,6.0,2.0,"(-10877924.958805282, 3536313.627031015)",1.0255647935057728
1118,0,2.0,0.428571428571429,"(-10880540.966838922, 3533897.4977717167)",1.0244001332610029
1118,1,2.0,0.285714285714286,"(-10880540.966838922, 3533897.4977717167)",1.0244001332610029
1118,2,2.0,0.142857142857143,"(-10880540.966838922, 3533897.4977717167)",1.0244001332610029
1118,3,2.0,0.142857142857143,"(-10880540.966838922, 3533897.4977717167)",1.0244001332610029
1118,4,2.0,0.142857142857143,"(-10880540.966838922, 3533897.4977717167)",1.0244001332610029
1118,5,2.0,0.285714285714286,"(-10880540.966838922, 3533897.4977717167)",1.0244001332610029
1118,6,2.0,0.285714285714286,"(-10880540.966838922, 3533897.4977717167)",1.0244001332610029
1118,7,2.0,0.285714285714286,"(-10880540.966838922, 3533897.4977717167)",1.0244001332610029
1118,8,2.0,0.142857142857143,"(-10880540.966838922, 3533897.4977717167)",1.0244001332610029
1118,9,2.0,0.0,"(-10880540.966838922, 3533897.4977717167)",1.0244001332610029
1118,10,2.0,0.142857142857143,"(-10880540.966838922, 3533897.4977717167)",1.0244001332610029
1118,11,2.0,0.142857142857143,"(-10880540.966838922, 3533897.4977717167)",1.0244001332610029
1118,12,2.0,0.285714285714286,"(-10880540.966838922, 3533897.4977717167)",1.0244001332610029
1118,13,2.0,0.285714285714286,"(-10880540.966838922, 3533897.4977717167)",1.0244001332610029
1118,14,2.0,0.428571428571429,"(-10880540.966838922, 3533897.4977717167)",1.0244001332610029
1118,15,2.0,0.571428571428571,"(-10880540.966838922, 3533897.4977717167)",1.0244001332610029
1118,16,2.0,0.571428571428571,"(-10880540.966838922, 3533897.4977717167)",1.0244001332610029
1118,17,2.0,0.428571428571429,"(-10880540.966838922, 3533897.4977717167)",1.0244001332610029
1118,18,2.0,0.0,"(-10880540.966838922, 3533897.4977717167)",1.0244001332610029
1118,19,2.0,0.0,"(-10880540.966838922, 3533897.4977717167)",1.0244001332610029
1118,20,2.0,0.0,"(-10880540.966838922, 3533897.4977717167)",1.0244001332610029
1118,21,2.0,0.0,"(-10880540.966838922, 3533897.4977717167)",1.0244001332610029
1118,22,2.0,0.142857142857143,"(-10880540.966838922, 3533897.4977717167)",1.0244001332610029
1118,23,2.0,0.428571428571429,"(-10880540.966838922, 3533897.4977717167)",1.0244001332610029
1119,0,4.0,0.714285714285714,"(-10876491.720361317, 3533800.8621889316)",1.0255647935057728
1119,1,4.0,0.428571428571429,"(-10876491.720361317, 3533800.8621889316)",1.0255647935057728
1119,2,4.0,0.142857142857143,"(-10876491.720361317, 3533800.8621889316)",1.0255647935057728
1119,3,4.0,0.571428571428571,"(-10876491.720361317, 3533800.8621889316)",1.0255647935057728
1119,4,4.0,0.285714285714286,"(-10876491.720361317, 3533800.8621889316)",1.0255647935057728
1119,5,4.0,0.571428571428571,"(-10876491.720361317, 3533800.8621889316)",1.0255647935057728
1119,6,4.0,0.714285714285714,"(-10876491.720361317, 3533800.8621889316)",1.0255647935057728
1119,7,4.0,1.0,"(-10876491.720361317, 3533800.8621889316)",1.0255647935057728
1119,8,4.0,1.0,"(-10876491.720361317, 3533800.8621889316)",1.0255647935057728
1119,9,4.0,1.14285714285714,"(-10876491.720361317, 3533800.8621889316)",1.0255647935057728
1119,10,4.0,0.571428571428571,"(-10876491.720361317, 3533800.8621889316)",1.0255647935057728
1119,11,4.0,0.428571428571429,"(-10876491.720361317, 3533800.8621889316)",1.0255647935057728
1119,12,4.0,0.714285714285714,"(-10876491.720361317, 3533800.8621889316)",1.0255647935057728
1119,13,4.0,1.0,"(-10876491.720361317, 3533800.8621889316)",1.0255647935057728
1119,14,4.0,0.428571428571429,"(-10876491.720361317, 3533800.8621889316)",1.0255647935057728
1119,15,4.0,0.428571428571429,"(-10876491.720361317, 3533800.8621889316)",1.0255647935057728
1119,16,4.0,0.857142857142857,"(-10876491.720361317, 3533800.8621889316)",1.0255647935057728
1119,17,4.0,1.42857142857143,"(-10876491.720361317, 3533800.8621889316)",1.0255647935057728
1119,18,4.0,1.28571428571429,"(-10876491.720361317, 3533800.8621889316)",1.0255647935057728
1119,19,4.0,0.857142857142857,"(-10876491.720361317, 3533800.8621889316)",1.0255647935057728
1119,20,4.0,0.571428571428571,"(-10876491.720361317, 3533800.8621889316)",1.0255647935057728
1119,21,4.0,0.428571428571429,"(-10876491.720361317, 3533800.8621889316)",1.0255647935057728
1119,22,4.0,0.571428571428571,"(-10876491.720361317, 3533800.8621889316)",1.0255647935057728
1119,23,4.0,1.0,"(-10876491.720361317, 3533800.8621889316)",1.0255647935057728
1120,0,2.0,0.0,"(-10876756.104151951, 3536071.9933565822)",1.0255647935057728
1120,1,2.0,0.285714285714286,"(-10876756.104151951, 3536071.9933565822)",1.0255647935057728
1120,2,2.0,0.0,"(-10876756.104151951, 3536071.9933565822)",1.0255647935057728
1120,3,2.0,0.0,"(-10876756.104151951, 3536071.9933565822)",1.0255647935057728
1120,4,2.0,0.142857142857143,"(-10876756.104151951, 3536071.9933565822)",1.0255647935057728
1120,5,2.0,0.0,"(-10876756.104151951, 3536071.9933565822)",1.0255647935057728
1120,6,2.0,0.142857142857143,"(-10876756.104151951, 3536071.9933565822)",1.0255647935057728
1120,7,2.0,0.0,"(-10876756.104151951, 3536071.9933565822)",1.0255647935057728
1120,8,2.0,0.142857142857143,"(-10876756.104151951, 3536071.9933565822)",1.0255647935057728
1120,9,2.0,0.142857142857143,"(-10876756.104151951, 3536071.9933565822)",1.0255647935057728
1120,10,2.0,0.142857142857143,"(-10876756.104151951, 3536071.9933565822)",1.0255647935057728
1120,11,2.0,0.0,"(-10876756.104151951, 3536071.9933565822)",1.0255647935057728
1120,12,2.0,0.142857142857143,"(-10876756.104151951, 3536071.9933565822)",1.0255647935057728
1120,13,2.0,0.0,"(-10876756.104151951, 3536071.9933565822)",1.0255647935057728
1120,14,2.0,0.142857142857143,"(-10876756.104151951, 3536071.9933565822)",1.0255647935057728
1120,15,2.0,0.142857142857143,"(-10876756.104151951, 3536071.9933565822)",1.0255647935057728
1120,16,2.0,0.0,"(-10876756.104151951, 3536071.9933565822)",1.0255647935057728
1120,17,2.0,0.285714285714286,"(-10876756.104151951, 3536071.9933565822)",1.0255647935057728
1120,18,2.0,0.142857142857143,"(-10876756.104151951, 3536071.9933565822)",1.0255647935057728
1120,19,2.0,0.428571428571429,"(-10876756.104151951, 3536071.9933565822)",1.0255647935057728
1120,20,2.0,0.142857142857143,"(-10876756.104151951, 3536071.9933565822)",1.0255647935057728
1120,21,2.0,0.142857142857143,"(-10876756.104151951, 3536071.9933565822)",1.0255647935057728
1120,22,2.0,0.0,"(-10876756.104151951, 3536071.9933565822)",1.0255647935057728
1120,23,2.0,0.142857142857143,"(-10876756.104151951, 3536071.9933565822)",1.0255647935057728
1121,0,4.0,0.285714285714286,"(-10843276.767295875, 3549094.5721136555)",1.0075900411062544
1121,1,4.0,0.142857142857143,"(-10843276.767295875, 3549094.5721136555)",1.0075900411062544
1121,2,4.0,0.142857142857143,"(-10843276.767295875, 3549094.5721136555)",1.0075900411062544
1121,3,4.0,0.428571428571429,"(-10843276.767295875, 3549094.5721136555)",1.0075900411062544
1121,4,4.0,0.571428571428571,"(-10843276.767295875, 3549094.5721136555)",1.0075900411062544
1121,5,4.0,0.285714285714286,"(-10843276.767295875, 3549094.5721136555)",1.0075900411062544
1121,6,4.0,0.428571428571429,"(-10843276.767295875, 3549094.5721136555)",1.0075900411062544
1121,7,4.0,0.571428571428571,"(-10843276.767295875, 3549094.5721136555)",1.0075900411062544
1121,8,4.0,0.857142857142857,"(-10843276.767295875, 3549094.5721136555)",1.0075900411062544
1121,9,4.0,0.857142857142857,"(-10843276.767295875, 3549094.5721136555)",1.0075900411062544
1121,10,4.0,1.0,"(-10843276.767295875, 3549094.5721136555)",1.0075900411062544
1121,11,4.0,0.714285714285714,"(-10843276.767295875, 3549094.5721136555)",1.0075900411062544
1121,12,4.0,0.428571428571429,"(-10843276.767295875, 3549094.5721136555)",1.0075900411062544
1121,13,4.0,0.285714285714286,"(-10843276.767295875, 3549094.5721136555)",1.0075900411062544
1121,14,4.0,0.714285714285714,"(-10843276.767295875, 3549094.5721136555)",1.0075900411062544
1121,15,4.0,1.14285714285714,"(-10843276.767295875, 3549094.5721136555)",1.0075900411062544
1121,16,4.0,1.57142857142857,"(-10843276.767295875, 3549094.5721136555)",1.0075900411062544
1121,17,4.0,1.57142857142857,"(-10843276.767295875, 3549094.5721136555)",1.0075900411062544
1121,18,4.0,1.0,"(-10843276.767295875, 3549094.5721136555)",1.0075900411062544
1121,19,4.0,1.0,"(-10843276.767295875, 3549094.5721136555)",1.0075900411062544
1121,20,4.0,0.571428571428571,"(-10843276.767295875, 3549094.5721136555)",1.0075900411062544
1121,21,4.0,0.714285714285714,"(-10843276.767295875, 3549094.5721136555)",1.0075900411062544
1121,22,4.0,0.714285714285714,"(-10843276.767295875, 3549094.5721136555)",1.0075900411062544
1121,23,4.0,0.428571428571429,"(-10843276.767295875, 3549094.5721136555)",1.0075900411062544
1122,0,12.0,2.28571428571429,"(-10865359.771281991, 3536345.845202754)",1.0264480188440115
1122,1,12.0,3.14285714285714,"(-10865359.771281991, 3536345.845202754)",1.0264480188440115
1122,2,12.0,3.14285714285714,"(-10865359.771281991, 3536345.845202754)",1.0264480188440115
1122,3,12.0,2.71428571428571,"(-10865359.771281991, 3536345.845202754)",1.0264480188440115
1122,4,12.0,2.0,"(-10865359.771281991, 3536345.845202754)",1.0264480188440115
1122,5,12.0,1.0,"(-10865359.771281991, 3536345.845202754)",1.0264480188440115
1122,6,12.0,0.285714285714286,"(-10865359.771281991, 3536345.845202754)",1.0264480188440115
1122,7,12.0,0.857142857142857,"(-10865359.771281991, 3536345.845202754)",1.0264480188440115
1122,8,12.0,2.14285714285714,"(-10865359.771281991, 3536345.845202754)",1.0264480188440115
1122,9,12.0,2.28571428571429,"(-10865359.771281991, 3536345.845202754)",1.0264480188440115
1122,10,12.0,2.42857142857143,"(-10865359.771281991, 3536345.845202754)",1.0264480188440115
1122,11,12.0,2.57142857142857,"(-10865359.771281991, 3536345.845202754)",1.0264480188440115
1122,12,12.0,2.85714285714286,"(-10865359.771281991, 3536345.845202754)",1.0264480188440115
1122,13,12.0,3.85714285714286,"(-10865359.771281991, 3536345.845202754)",1.0264480188440115
1122,14,12.0,3.28571428571429,"(-10865359.771281991, 3536345.845202754)",1.0264480188440115
1122,15,12.0,2.57142857142857,"(-10865359.771281991, 3536345.845202754)",1.0264480188440115
1122,16,12.0,1.71428571428571,"(-10865359.771281991, 3536345.845202754)",1.0264480188440115
1122,17,12.0,1.0,"(-10865359.771281991, 3536345.845202754)",1.0264480188440115
1122,18,12.0,1.14285714285714,"(-10865359.771281991, 3536345.845202754)",1.0264480188440115
1122,19,12.0,1.85714285714286,"(-10865359.771281991, 3536345.845202754)",1.0264480188440115
1122,20,12.0,1.71428571428571,"(-10865359.771281991, 3536345.845202754)",1.0264480188440115
1122,21,12.0,2.85714285714286,"(-10865359.771281991, 3536345.845202754)",1.0264480188440115
1122,22,12.0,2.71428571428571,"(-10865359.771281991, 3536345.845202754)",1.0264480188440115
1122,23,12.0,2.85714285714286,"(-10865359.771281991, 3536345.845202754)",1.0264480188440115
1123,0,10.0,1.71428571428571,"(-10879692.155721623, 3537554.085844867)",1.0244001332610029
1123,1,10.0,1.14285714285714,"(-10879692.155721623, 3537554.085844867)",1.0244001332610029
1123,2,10.0,1.14285714285714,"(-10879692.155721623, 3537554.085844867)",1.0244001332610029
1123,3,10.0,0.571428571428571,"(-10879692.155721623, 3537554.085844867)",1.0244001332610029
1123,4,10.0,1.28571428571429,"(-10879692.155721623, 3537554.085844867)",1.0244001332610029
1123,5,10.0,1.42857142857143,"(-10879692.155721623, 3537554.085844867)",1.0244001332610029
1123,6,10.0,1.28571428571429,"(-10879692.155721623, 3537554.085844867)",1.0244001332610029
1123,7,10.0,1.14285714285714,"(-10879692.155721623, 3537554.085844867)",1.0244001332610029
1123,8,10.0,0.571428571428571,"(-10879692.155721623, 3537554.085844867)",1.0244001332610029
1123,9,10.0,0.571428571428571,"(-10879692.155721623, 3537554.085844867)",1.0244001332610029
1123,10,10.0,1.42857142857143,"(-10879692.155721623, 3537554.085844867)",1.0244001332610029
1123,11,10.0,2.57142857142857,"(-10879692.155721623, 3537554.085844867)",1.0244001332610029
1123,12,10.0,4.42857142857143,"(-10879692.155721623, 3537554.085844867)",1.0244001332610029
1123,13,10.0,4.42857142857143,"(-10879692.155721623, 3537554.085844867)",1.0244001332610029
1123,14,10.0,4.14285714285714,"(-10879692.155721623, 3537554.085844867)",1.0244001332610029
1123,15,10.0,2.85714285714286,"(-10879692.155721623, 3537554.085844867)",1.0244001332610029
1123,16,10.0,2.85714285714286,"(-10879692.155721623, 3537554.085844867)",1.0244001332610029
1123,17,10.0,2.28571428571429,"(-10879692.155721623, 3537554.085844867)",1.0244001332610029
1123,18,10.0,1.14285714285714,"(-10879692.155721623, 3537554.085844867)",1.0244001332610029
1123,19,10.0,0.857142857142857,"(-10879692.155721623, 3537554.085844867)",1.0244001332610029
1123,20,10.0,1.57142857142857,"(-10879692.155721623, 3537554.085844867)",1.0244001332610029
1123,21,10.0,2.0,"(-10879692.155721623, 3537554.085844867)",1.0244001332610029
1123,22,10.0,2.85714285714286,"(-10879692.155721623, 3537554.085844867)",1.0244001332610029
1123,23,10.0,3.0,"(-10879692.155721623, 3537554.085844867)",1.0244001332610029
1124,0,12.0,1.57142857142857,"(-10875684.654053066, 3542468.786879635)",1.0270271026538165
1124,1,12.0,1.28571428571429,"(-10875684.654053066, 3542468.786879635)",1.0270271026538165
1124,2,12.0,1.0,"(-10875684.654053066, 3542468.786879635)",1.0270271026538165
1124,3,12.0,1.71428571428571,"(-10875684.654053066, 3542468.786879635)",1.0270271026538165
1124,4,12.0,2.85714285714286,"(-10875684.654053066, 3542468.786879635)",1.0270271026538165
1124,5,12.0,1.71428571428571,"(-10875684.654053066, 3542468.786879635)",1.0270271026538165
1124,6,12.0,2.57142857142857,"(-10875684.654053066, 3542468.786879635)",1.0270271026538165
1124,7,12.0,3.0,"(-10875684.654053066, 3542468.786879635)",1.0270271026538165
1124,8,12.0,3.28571428571429,"(-10875684.654053066, 3542468.786879635)",1.0270271026538165
1124,9,12.0,3.85714285714286,"(-10875684.654053066, 3542468.786879635)",1.0270271026538165
1124,10,12.0,4.42857142857143,"(-10875684.654053066, 3542468.786879635)",1.0270271026538165
1124,11,12.0,4.0,"(-10875684.654053066, 3542468.786879635)",1.0270271026538165
1124,12,12.0,2.57142857142857,"(-10875684.654053066, 3542468.786879635)",1.0270271026538165
1124,13,12.0,2.57142857142857,"(-10875684.654053066, 3542468.786879635)",1.0270271026538165
1124,14,12.0,3.0,"(-10875684.654053066, 3542468.786879635)",1.0270271026538165
1124,15,12.0,2.85714285714286,"(-10875684.654053066, 3542468.786879635)",1.0270271026538165
1124,16,12.0,5.0,"(-10875684.654053066, 3542468.786879635)",1.0270271026538165
1124,17,12.0,6.14285714285714,"(-10875684.654053066, 3542468.786879635)",1.0270271026538165
1124,18,12.0,6.14285714285714,"(-10875684.654053066, 3542468.786879635)",1.0270271026538165
1124,19,12.0,5.71428571428571,"(-10875684.654053066, 3542468.786879635)",1.0270271026538165
1124,20,12.0,5.14285714285714,"(-10875684.654053066, 3542468.786879635)",1.0270271026538165
1124,21,12.0,3.85714285714286,"(-10875684.654053066, 3542468.786879635)",1.0270271026538165
1124,22,12.0,2.42857142857143,"(-10875684.654053066, 3542468.786879635)",1.0270271026538165
1124,23,12.0,0.714285714285714,"(-10875684.654053066, 3542468.786879635)",1.0270271026538165
1125,0,4.0,0.0,"(-10875183.716344498, 3542243.152215498)",1.0270271026538165
1125,1,4.0,0.142857142857143,"(-10875183.716344498, 3542243.152215498)",1.0270271026538165
1125,2,4.0,0.142857142857143,"(-10875183.716344498, 3542243.152215498)",1.0270271026538165
1125,3,4.0,0.142857142857143,"(-10875183.716344498, 3542243.152215498)",1.0270271026538165
1125,4,4.0,0.428571428571429,"(-10875183.716344498, 3542243.152215498)",1.0270271026538165
1125,5,4.0,0.428571428571429,"(-10875183.716344498, 3542243.152215498)",1.0270271026538165
1125,6,4.0,0.571428571428571,"(-10875183.716344498, 3542243.152215498)",1.0270271026538165
1125,7,4.0,0.857142857142857,"(-10875183.716344498, 3542243.152215498)",1.0270271026538165
1125,8,4.0,0.714285714285714,"(-10875183.716344498, 3542243.152215498)",1.0270271026538165
1125,9,4.0,0.285714285714286,"(-10875183.716344498, 3542243.152215498)",1.0270271026538165
1125,10,4.0,0.428571428571429,"(-10875183.716344498, 3542243.152215498)",1.0270271026538165
1125,11,4.0,0.571428571428571,"(-10875183.716344498, 3542243.152215498)",1.0270271026538165
1125,12,4.0,1.0,"(-10875183.716344498, 3542243.152215498)",1.0270271026538165
1125,13,4.0,1.14285714285714,"(-10875183.716344498, 3542243.152215498)",1.0270271026538165
1125,14,4.0,0.714285714285714,"(-10875183.716344498, 3542243.152215498)",1.0270271026538165
1125,15,4.0,0.857142857142857,"(-10875183.716344498, 3542243.152215498)",1.0270271026538165
1125,16,4.0,1.28571428571429,"(-10875183.716344498, 3542243.152215498)",1.0270271026538165
1125,17,4.0,1.28571428571429,"(-10875183.716344498, 3542243.152215498)",1.0270271026538165
1125,18,4.0,0.857142857142857,"(-10875183.716344498, 3542243.152215498)",1.0270271026538165
1125,19,4.0,0.857142857142857,"(-10875183.716344498, 3542243.152215498)",1.0270271026538165
1125,20,4.0,0.857142857142857,"(-10875183.716344498, 3542243.152215498)",1.0270271026538165
1125,21,4.0,1.14285714285714,"(-10875183.716344498, 3542243.152215498)",1.0270271026538165
1125,22,4.0,1.28571428571429,"(-10875183.716344498, 3542243.152215498)",1.0270271026538165
1125,23,4.0,0.571428571428571,"(-10875183.716344498, 3542243.152215498)",1.0270271026538165
1126,0,8.0,1.0,"(-10881487.182510667, 3535363.2278490523)",1.0244001332610029
1126,1,8.0,0.857142857142857,"(-10881487.182510667, 3535363.2278490523)",1.0244001332610029
1126,2,8.0,0.571428571428571,"(-10881487.182510667, 3535363.2278490523)",1.0244001332610029
1126,3,8.0,1.0,"(-10881487.182510667, 3535363.2278490523)",1.0244001332610029
1126,4,8.0,1.57142857142857,"(-10881487.182510667, 3535363.2278490523)",1.0244001332610029
1126,5,8.0,1.71428571428571,"(-10881487.182510667, 3535363.2278490523)",1.0244001332610029
1126,6,8.0,1.0,"(-10881487.182510667, 3535363.2278490523)",1.0244001332610029
1126,7,8.0,0.714285714285714,"(-10881487.182510667, 3535363.2278490523)",1.0244001332610029
1126,8,8.0,0.857142857142857,"(-10881487.182510667, 3535363.2278490523)",1.0244001332610029
1126,9,8.0,2.0,"(-10881487.182510667, 3535363.2278490523)",1.0244001332610029
1126,10,8.0,2.0,"(-10881487.182510667, 3535363.2278490523)",1.0244001332610029
1126,11,8.0,1.71428571428571,"(-10881487.182510667, 3535363.2278490523)",1.0244001332610029
1126,12,8.0,1.42857142857143,"(-10881487.182510667, 3535363.2278490523)",1.0244001332610029
1126,13,8.0,2.14285714285714,"(-10881487.182510667, 3535363.2278490523)",1.0244001332610029
1126,14,8.0,2.71428571428571,"(-10881487.182510667, 3535363.2278490523)",1.0244001332610029
1126,15,8.0,3.14285714285714,"(-10881487.182510667, 3535363.2278490523)",1.0244001332610029
1126,16,8.0,3.57142857142857,"(-10881487.182510667, 3535363.2278490523)",1.0244001332610029
1126,17,8.0,3.28571428571429,"(-10881487.182510667, 3535363.2278490523)",1.0244001332610029
1126,18,8.0,2.14285714285714,"(-10881487.182510667, 3535363.2278490523)",1.0244001332610029
1126,19,8.0,2.14285714285714,"(-10881487.182510667, 3535363.2278490523)",1.0244001332610029
1126,20,8.0,1.85714285714286,"(-10881487.182510667, 3535363.2278490523)",1.0244001332610029
1126,21,8.0,1.42857142857143,"(-10881487.182510667, 3535363.2278490523)",1.0244001332610029
1126,22,8.0,1.0,"(-10881487.182510667, 3535363.2278490523)",1.0244001332610029
1126,23,8.0,1.85714285714286,"(-10881487.182510667, 3535363.2278490523)",1.0244001332610029
1127,0,8.0,1.42857142857143,"(-10872484.21869276, 3529871.6394641856)",1.0342523602844744
1127,1,8.0,0.714285714285714,"(-10872484.21869276, 3529871.6394641856)",1.0342523602844744
1127,2,8.0,0.857142857142857,"(-10872484.21869276, 3529871.6394641856)",1.0342523602844744
1127,3,8.0,1.0,"(-10872484.21869276, 3529871.6394641856)",1.0342523602844744
1127,4,8.0,1.14285714285714,"(-10872484.21869276, 3529871.6394641856)",1.0342523602844744
1127,5,8.0,1.28571428571429,"(-10872484.21869276, 3529871.6394641856)",1.0342523602844744
1127,6,8.0,3.0,"(-10872484.21869276, 3529871.6394641856)",1.0342523602844744
1127,7,8.0,2.42857142857143,"(-10872484.21869276, 3529871.6394641856)",1.0342523602844744
1127,8,8.0,2.28571428571429,"(-10872484.21869276, 3529871.6394641856)",1.0342523602844744
1127,9,8.0,1.71428571428571,"(-10872484.21869276, 3529871.6394641856)",1.0342523602844744
1127,10,8.0,2.14285714285714,"(-10872484.21869276, 3529871.6394641856)",1.0342523602844744
1127,11,8.0,1.28571428571429,"(-10872484.21869276, 3529871.6394641856)",1.0342523602844744
1127,12,8.0,1.0,"(-10872484.21869276, 3529871.6394641856)",1.0342523602844744
1127,13,8.0,2.0,"(-10872484.21869276, 3529871.6394641856)",1.0342523602844744
1127,14,8.0,3.42857142857143,"(-10872484.21869276, 3529871.6394641856)",1.0342523602844744
1127,15,8.0,2.85714285714286,"(-10872484.21869276, 3529871.6394641856)",1.0342523602844744
1127,16,8.0,3.42857142857143,"(-10872484.21869276, 3529871.6394641856)",1.0342523602844744
1127,17,8.0,1.85714285714286,"(-10872484.21869276, 3529871.6394641856)",1.0342523602844744
1127,18,8.0,2.0,"(-10872484.21869276, 3529871.6394641856)",1.0342523602844744
1127,19,8.0,1.42857142857143,"(-10872484.21869276, 3529871.6394641856)",1.0342523602844744
1127,20,8.0,1.0,"(-10872484.21869276, 3529871.6394641856)",1.0342523602844744
1127,21,8.0,0.857142857142857,"(-10872484.21869276, 3529871.6394641856)",1.0342523602844744
1127,22,8.0,1.14285714285714,"(-10872484.21869276, 3529871.6394641856)",1.0342523602844744
1127,23,8.0,1.71428571428571,"(-10872484.21869276, 3529871.6394641856)",1.0342523602844744
1128,0,6.0,1.71428571428571,"(-10871997.19592054, 3530628.4032183117)",1.0342523602844744
1128,1,6.0,1.57142857142857,"(-10871997.19592054, 3530628.4032183117)",1.0342523602844744
1128,2,6.0,1.71428571428571,"(-10871997.19592054, 3530628.4032183117)",1.0342523602844744
1128,3,6.0,1.14285714285714,"(-10871997.19592054, 3530628.4032183117)",1.0342523602844744
1128,4,6.0,0.428571428571429,"(-10871997.19592054, 3530628.4032183117)",1.0342523602844744
1128,5,6.0,0.0,"(-10871997.19592054, 3530628.4032183117)",1.0342523602844744
1128,6,6.0,0.142857142857143,"(-10871997.19592054, 3530628.4032183117)",1.0342523602844744
1128,7,6.0,0.857142857142857,"(-10871997.19592054, 3530628.4032183117)",1.0342523602844744
1128,8,6.0,1.42857142857143,"(-10871997.19592054, 3530628.4032183117)",1.0342523602844744
1128,9,6.0,1.42857142857143,"(-10871997.19592054, 3530628.4032183117)",1.0342523602844744
1128,10,6.0,1.14285714285714,"(-10871997.19592054, 3530628.4032183117)",1.0342523602844744
1128,11,6.0,0.857142857142857,"(-10871997.19592054, 3530628.4032183117)",1.0342523602844744
1128,12,6.0,0.428571428571429,"(-10871997.19592054, 3530628.4032183117)",1.0342523602844744
1128,13,6.0,0.571428571428571,"(-10871997.19592054, 3530628.4032183117)",1.0342523602844744
1128,14,6.0,0.857142857142857,"(-10871997.19592054, 3530628.4032183117)",1.0342523602844744
1128,15,6.0,1.42857142857143,"(-10871997.19592054, 3530628.4032183117)",1.0342523602844744
1128,16,6.0,1.28571428571429,"(-10871997.19592054, 3530628.4032183117)",1.0342523602844744
1128,17,6.0,1.28571428571429,"(-10871997.19592054, 3530628.4032183117)",1.0342523602844744
1128,18,6.0,1.42857142857143,"(-10871997.19592054, 3530628.4032183117)",1.0342523602844744
1128,19,6.0,2.14285714285714,"(-10871997.19592054, 3530628.4032183117)",1.0342523602844744
1128,20,6.0,2.0,"(-10871997.19592054, 3530628.4032183117)",1.0342523602844744
1128,21,6.0,2.28571428571429,"(-10871997.19592054, 3530628.4032183117)",1.0342523602844744
1128,22,6.0,1.28571428571429,"(-10871997.19592054, 3530628.4032183117)",1.0342523602844744
1128,23,6.0,1.28571428571429,"(-10871997.19592054, 3530628.4032183117)",1.0342523602844744
1129,0,8.0,1.71428571428571,"(-10868782.845623884, 3539342.4937292617)",1.0266899476019489
1129,1,8.0,1.0,"(-10868782.845623884, 3539342.4937292617)",1.0266899476019489
1129,2,8.0,1.28571428571429,"(-10868782.845623884, 3539342.4937292617)",1.0266899476019489
1129,3,8.0,2.14285714285714,"(-10868782.845623884, 3539342.4937292617)",1.0266899476019489
1129,4,8.0,2.57142857142857,"(-10868782.845623884, 3539342.4937292617)",1.0266899476019489
1129,5,8.0,2.71428571428571,"(-10868782.845623884, 3539342.4937292617)",1.0266899476019489
1129,6,8.0,2.28571428571429,"(-10868782.845623884, 3539342.4937292617)",1.0266899476019489
1129,7,8.0,2.14285714285714,"(-10868782.845623884, 3539342.4937292617)",1.0266899476019489
1129,8,8.0,2.0,"(-10868782.845623884, 3539342.4937292617)",1.0266899476019489
1129,9,8.0,2.0,"(-10868782.845623884, 3539342.4937292617)",1.0266899476019489
1129,10,8.0,2.71428571428571,"(-10868782.845623884, 3539342.4937292617)",1.0266899476019489
1129,11,8.0,1.85714285714286,"(-10868782.845623884, 3539342.4937292617)",1.0266899476019489
1129,12,8.0,0.857142857142857,"(-10868782.845623884, 3539342.4937292617)",1.0266899476019489
1129,13,8.0,0.571428571428571,"(-10868782.845623884, 3539342.4937292617)",1.0266899476019489
1129,14,8.0,0.857142857142857,"(-10868782.845623884, 3539342.4937292617)",1.0266899476019489
1129,15,8.0,1.14285714285714,"(-10868782.845623884, 3539342.4937292617)",1.0266899476019489
1129,16,8.0,2.0,"(-10868782.845623884, 3539342.4937292617)",1.0266899476019489
1129,17,8.0,0.857142857142857,"(-10868782.845623884, 3539342.4937292617)",1.0266899476019489
1129,18,8.0,0.571428571428571,"(-10868782.845623884, 3539342.4937292617)",1.0266899476019489
1129,19,8.0,0.571428571428571,"(-10868782.845623884, 3539342.4937292617)",1.0266899476019489
1129,20,8.0,0.285714285714286,"(-10868782.845623884, 3539342.4937292617)",1.0266899476019489
1129,21,8.0,0.428571428571429,"(-10868782.845623884, 3539342.4937292617)",1.0266899476019489
1129,22,8.0,0.714285714285714,"(-10868782.845623884, 3539342.4937292617)",1.0266899476019489
1129,23,8.0,1.28571428571429,"(-10868782.845623884, 3539342.4937292617)",1.0266899476019489
1130,0,4.0,0.857142857142857,"(-10879219.047885753, 3539149.1401484353)",1.0259872715644
1130,1,4.0,1.28571428571429,"(-10879219.047885753, 3539149.1401484353)",1.0259872715644
1130,2,4.0,1.28571428571429,"(-10879219.047885753, 3539149.1401484353)",1.0259872715644
1130,3,4.0,0.571428571428571,"(-10879219.047885753, 3539149.1401484353)",1.0259872715644
1130,4,4.0,0.714285714285714,"(-10879219.047885753, 3539149.1401484353)",1.0259872715644
1130,5,4.0,0.857142857142857,"(-10879219.047885753, 3539149.1401484353)",1.0259872715644
1130,6,4.0,0.714285714285714,"(-10879219.047885753, 3539149.1401484353)",1.0259872715644
1130,7,4.0,0.428571428571429,"(-10879219.047885753, 3539149.1401484353)",1.0259872715644
1130,8,4.0,0.714285714285714,"(-10879219.047885753, 3539149.1401484353)",1.0259872715644
1130,9,4.0,0.571428571428571,"(-10879219.047885753, 3539149.1401484353)",1.0259872715644
1130,10,4.0,0.857142857142857,"(-10879219.047885753, 3539149.1401484353)",1.0259872715644
1130,11,4.0,0.285714285714286,"(-10879219.047885753, 3539149.1401484353)",1.0259872715644
1130,12,4.0,0.285714285714286,"(-10879219.047885753, 3539149.1401484353)",1.0259872715644
1130,13,4.0,0.714285714285714,"(-10879219.047885753, 3539149.1401484353)",1.0259872715644
1130,14,4.0,0.857142857142857,"(-10879219.047885753, 3539149.1401484353)",1.0259872715644
1130,15,4.0,0.285714285714286,"(-10879219.047885753, 3539149.1401484353)",1.0259872715644
1130,16,4.0,0.142857142857143,"(-10879219.047885753, 3539149.1401484353)",1.0259872715644
1130,17,4.0,0.571428571428571,"(-10879219.047885753, 3539149.1401484353)",1.0259872715644
1130,18,4.0,0.285714285714286,"(-10879219.047885753, 3539149.1401484353)",1.0259872715644
1130,19,4.0,0.428571428571429,"(-10879219.047885753, 3539149.1401484353)",1.0259872715644
1130,20,4.0,0.571428571428571,"(-10879219.047885753, 3539149.1401484353)",1.0259872715644
1130,21,4.0,0.714285714285714,"(-10879219.047885753, 3539149.1401484353)",1.0259872715644
1130,22,4.0,1.0,"(-10879219.047885753, 3539149.1401484353)",1.0259872715644
1130,23,4.0,0.714285714285714,"(-10879219.047885753, 3539149.1401484353)",1.0259872715644
1131,0,2.0,0.285714285714286,"(-10879344.282312894, 3538327.4203960174)",1.0259872715644
1131,1,2.0,0.142857142857143,"(-10879344.282312894, 3538327.4203960174)",1.0259872715644
1131,2,2.0,0.285714285714286,"(-10879344.282312894, 3538327.4203960174)",1.0259872715644
1131,3,2.0,0.0,"(-10879344.282312894, 3538327.4203960174)",1.0259872715644
1131,4,2.0,0.285714285714286,"(-10879344.282312894, 3538327.4203960174)",1.0259872715644
1131,5,2.0,0.428571428571429,"(-10879344.282312894, 3538327.4203960174)",1.0259872715644
1131,6,2.0,0.428571428571429,"(-10879344.282312894, 3538327.4203960174)",1.0259872715644
1131,7,2.0,0.142857142857143,"(-10879344.282312894, 3538327.4203960174)",1.0259872715644
1131,8,2.0,0.285714285714286,"(-10879344.282312894, 3538327.4203960174)",1.0259872715644
1131,9,2.0,0.142857142857143,"(-10879344.282312894, 3538327.4203960174)",1.0259872715644
1131,10,2.0,0.285714285714286,"(-10879344.282312894, 3538327.4203960174)",1.0259872715644
1131,11,2.0,0.428571428571429,"(-10879344.282312894, 3538327.4203960174)",1.0259872715644
1131,12,2.0,0.142857142857143,"(-10879344.282312894, 3538327.4203960174)",1.0259872715644
1131,13,2.0,0.142857142857143,"(-10879344.282312894, 3538327.4203960174)",1.0259872715644
1131,14,2.0,0.285714285714286,"(-10879344.282312894, 3538327.4203960174)",1.0259872715644
1131,15,2.0,0.428571428571429,"(-10879344.282312894, 3538327.4203960174)",1.0259872715644
1131,16,2.0,0.285714285714286,"(-10879344.282312894, 3538327.4203960174)",1.0259872715644
1131,17,2.0,0.428571428571429,"(-10879344.282312894, 3538327.4203960174)",1.0259872715644
1131,18,2.0,0.428571428571429,"(-10879344.282312894, 3538327.4203960174)",1.0259872715644
1131,19,2.0,0.285714285714286,"(-10879344.282312894, 3538327.4203960174)",1.0259872715644
1131,20,2.0,0.285714285714286,"(-10879344.282312894, 3538327.4203960174)",1.0259872715644
1131,21,2.0,0.428571428571429,"(-10879344.282312894, 3538327.4203960174)",1.0259872715644
1131,22,2.0,0.285714285714286,"(-10879344.282312894, 3538327.4203960174)",1.0259872715644
1131,23,2.0,0.0,"(-10879344.282312894, 3538327.4203960174)",1.0259872715644
1132,0,3.0,0.428571428571429,"(-10880401.817475433, 3537892.4138957523)",1.0244001332610029
1132,1,3.0,0.714285714285714,"(-10880401.817475433, 3537892.4138957523)",1.0244001332610029
1132,2,3.0,0.714285714285714,"(-10880401.817475433, 3537892.4138957523)",1.0244001332610029
1132,3,3.0,1.14285714285714,"(-10880401.817475433, 3537892.4138957523)",1.0244001332610029
1132,4,3.0,1.14285714285714,"(-10880401.817475433, 3537892.4138957523)",1.0244001332610029
1132,5,3.0,1.14285714285714,"(-10880401.817475433, 3537892.4138957523)",1.0244001332610029
1132,6,3.0,1.57142857142857,"(-10880401.817475433, 3537892.4138957523)",1.0244001332610029
1132,7,3.0,0.857142857142857,"(-10880401.817475433, 3537892.4138957523)",1.0244001332610029
1132,8,3.0,0.571428571428571,"(-10880401.817475433, 3537892.4138957523)",1.0244001332610029
1132,9,3.0,0.428571428571429,"(-10880401.817475433, 3537892.4138957523)",1.0244001332610029
1132,10,3.0,0.428571428571429,"(-10880401.817475433, 3537892.4138957523)",1.0244001332610029
1132,11,3.0,0.428571428571429,"(-10880401.817475433, 3537892.4138957523)",1.0244001332610029
1132,12,3.0,0.285714285714286,"(-10880401.817475433, 3537892.4138957523)",1.0244001332610029
1132,13,3.0,0.428571428571429,"(-10880401.817475433, 3537892.4138957523)",1.0244001332610029
1132,14,3.0,0.571428571428571,"(-10880401.817475433, 3537892.4138957523)",1.0244001332610029
1132,15,3.0,0.571428571428571,"(-10880401.817475433, 3537892.4138957523)",1.0244001332610029
1132,16,3.0,0.857142857142857,"(-10880401.817475433, 3537892.4138957523)",1.0244001332610029
1132,17,3.0,1.0,"(-10880401.817475433, 3537892.4138957523)",1.0244001332610029
1132,18,3.0,1.14285714285714,"(-10880401.817475433, 3537892.4138957523)",1.0244001332610029
1132,19,3.0,1.14285714285714,"(-10880401.817475433, 3537892.4138957523)",1.0244001332610029
1132,20,3.0,0.571428571428571,"(-10880401.817475433, 3537892.4138957523)",1.0244001332610029
1132,21,3.0,0.714285714285714,"(-10880401.817475433, 3537892.4138957523)",1.0244001332610029
1132,22,3.0,0.714285714285714,"(-10880401.817475433, 3537892.4138957523)",1.0244001332610029
1132,23,3.0,0.714285714285714,"(-10880401.817475433, 3537892.4138957523)",1.0244001332610029
1133,0,2.0,0.0,"(-10876616.954788461, 3542452.669984348)",1.0270271026538165
1133,1,2.0,0.0,"(-10876616.954788461, 3542452.669984348)",1.0270271026538165
1133,2,2.0,0.142857142857143,"(-10876616.954788461, 3542452.669984348)",1.0270271026538165
1133,3,2.0,0.142857142857143,"(-10876616.954788461, 3542452.669984348)",1.0270271026538165
1133,4,2.0,0.428571428571429,"(-10876616.954788461, 3542452.669984348)",1.0270271026538165
1133,5,2.0,0.285714285714286,"(-10876616.954788461, 3542452.669984348)",1.0270271026538165
1133,6,2.0,0.285714285714286,"(-10876616.954788461, 3542452.669984348)",1.0270271026538165
1133,7,2.0,0.428571428571429,"(-10876616.954788461, 3542452.669984348)",1.0270271026538165
1133,8,2.0,0.285714285714286,"(-10876616.954788461, 3542452.669984348)",1.0270271026538165
1133,9,2.0,0.285714285714286,"(-10876616.954788461, 3542452.669984348)",1.0270271026538165
1133,10,2.0,0.285714285714286,"(-10876616.954788461, 3542452.669984348)",1.0270271026538165
1133,11,2.0,0.428571428571429,"(-10876616.954788461, 3542452.669984348)",1.0270271026538165
1133,12,2.0,0.285714285714286,"(-10876616.954788461, 3542452.669984348)",1.0270271026538165
1133,13,2.0,0.142857142857143,"(-10876616.954788461, 3542452.669984348)",1.0270271026538165
1133,14,2.0,0.142857142857143,"(-10876616.954788461, 3542452.669984348)",1.0270271026538165
1133,15,2.0,0.0,"(-10876616.954788461, 3542452.669984348)",1.0270271026538165
1133,16,2.0,0.142857142857143,"(-10876616.954788461, 3542452.669984348)",1.0270271026538165
1133,17,2.0,0.571428571428571,"(-10876616.954788461, 3542452.669984348)",1.0270271026538165
1133,18,2.0,0.571428571428571,"(-10876616.954788461, 3542452.669984348)",1.0270271026538165
1133,19,2.0,0.714285714285714,"(-10876616.954788461, 3542452.669984348)",1.0270271026538165
1133,20,2.0,0.428571428571429,"(-10876616.954788461, 3542452.669984348)",1.0270271026538165
1133,21,2.0,0.571428571428571,"(-10876616.954788461, 3542452.669984348)",1.0270271026538165
1133,22,2.0,0.714285714285714,"(-10876616.954788461, 3542452.669984348)",1.0270271026538165
1133,23,2.0,0.428571428571429,"(-10876616.954788461, 3542452.669984348)",1.0270271026538165
1134,0,4.0,0.571428571428571,"(-10871718.897193557, 3547127.4312304426)",1.0461932821198872
1134,1,4.0,0.571428571428571,"(-10871718.897193557, 3547127.4312304426)",1.0461932821198872
1134,2,4.0,0.285714285714286,"(-10871718.897193557, 3547127.4312304426)",1.0461932821198872
1134,3,4.0,0.428571428571429,"(-10871718.897193557, 3547127.4312304426)",1.0461932821198872
1134,4,4.0,0.571428571428571,"(-10871718.897193557, 3547127.4312304426)",1.0461932821198872
1134,5,4.0,0.714285714285714,"(-10871718.897193557, 3547127.4312304426)",1.0461932821198872
1134,6,4.0,0.571428571428571,"(-10871718.897193557, 3547127.4312304426)",1.0461932821198872
1134,7,4.0,0.714285714285714,"(-10871718.897193557, 3547127.4312304426)",1.0461932821198872
1134,8,4.0,0.142857142857143,"(-10871718.897193557, 3547127.4312304426)",1.0461932821198872
1134,9,4.0,0.285714285714286,"(-10871718.897193557, 3547127.4312304426)",1.0461932821198872
1134,10,4.0,0.714285714285714,"(-10871718.897193557, 3547127.4312304426)",1.0461932821198872
1134,11,4.0,1.28571428571429,"(-10871718.897193557, 3547127.4312304426)",1.0461932821198872
1134,12,4.0,1.57142857142857,"(-10871718.897193557, 3547127.4312304426)",1.0461932821198872
1134,13,4.0,1.28571428571429,"(-10871718.897193557, 3547127.4312304426)",1.0461932821198872
1134,14,4.0,1.14285714285714,"(-10871718.897193557, 3547127.4312304426)",1.0461932821198872
1134,15,4.0,0.857142857142857,"(-10871718.897193557, 3547127.4312304426)",1.0461932821198872
1134,16,4.0,1.28571428571429,"(-10871718.897193557, 3547127.4312304426)",1.0461932821198872
1134,17,4.0,0.857142857142857,"(-10871718.897193557, 3547127.4312304426)",1.0461932821198872
1134,18,4.0,0.714285714285714,"(-10871718.897193557, 3547127.4312304426)",1.0461932821198872
1134,19,4.0,0.857142857142857,"(-10871718.897193557, 3547127.4312304426)",1.0461932821198872
1134,20,4.0,0.428571428571429,"(-10871718.897193557, 3547127.4312304426)",1.0461932821198872
1134,21,4.0,1.0,"(-10871718.897193557, 3547127.4312304426)",1.0461932821198872
1134,22,4.0,0.857142857142857,"(-10871718.897193557, 3547127.4312304426)",1.0461932821198872
1134,23,4.0,1.14285714285714,"(-10871718.897193557, 3547127.4312304426)",1.0461932821198872
1135,0,6.0,1.71428571428571,"(-10878745.940049881, 3534992.7525779502)",1.0255647935057728
1135,1,6.0,1.42857142857143,"(-10878745.940049881, 3534992.7525779502)",1.0255647935057728
1135,2,6.0,0.857142857142857,"(-10878745.940049881, 3534992.7525779502)",1.0255647935057728
1135,3,6.0,0.571428571428571,"(-10878745.940049881, 3534992.7525779502)",1.0255647935057728
1135,4,6.0,0.571428571428571,"(-10878745.940049881, 3534992.7525779502)",1.0255647935057728
1135,5,6.0,1.0,"(-10878745.940049881, 3534992.7525779502)",1.0255647935057728
1135,6,6.0,1.28571428571429,"(-10878745.940049881, 3534992.7525779502)",1.0255647935057728
1135,7,6.0,1.57142857142857,"(-10878745.940049881, 3534992.7525779502)",1.0255647935057728
1135,8,6.0,0.857142857142857,"(-10878745.940049881, 3534992.7525779502)",1.0255647935057728
1135,9,6.0,0.857142857142857,"(-10878745.940049881, 3534992.7525779502)",1.0255647935057728
1135,10,6.0,0.857142857142857,"(-10878745.940049881, 3534992.7525779502)",1.0255647935057728
1135,11,6.0,0.857142857142857,"(-10878745.940049881, 3534992.7525779502)",1.0255647935057728
1135,12,6.0,1.42857142857143,"(-10878745.940049881, 3534992.7525779502)",1.0255647935057728
1135,13,6.0,1.0,"(-10878745.940049881, 3534992.7525779502)",1.0255647935057728
1135,14,6.0,1.57142857142857,"(-10878745.940049881, 3534992.7525779502)",1.0255647935057728
1135,15,6.0,1.71428571428571,"(-10878745.940049881, 3534992.7525779502)",1.0255647935057728
1135,16,6.0,1.28571428571429,"(-10878745.940049881, 3534992.7525779502)",1.0255647935057728
1135,17,6.0,1.14285714285714,"(-10878745.940049881, 3534992.7525779502)",1.0255647935057728
1135,18,6.0,1.57142857142857,"(-10878745.940049881, 3534992.7525779502)",1.0255647935057728
1135,19,6.0,1.71428571428571,"(-10878745.940049881, 3534992.7525779502)",1.0255647935057728
1135,20,6.0,1.0,"(-10878745.940049881, 3534992.7525779502)",1.0255647935057728
1135,21,6.0,0.714285714285714,"(-10878745.940049881, 3534992.7525779502)",1.0255647935057728
1135,22,6.0,1.0,"(-10878745.940049881, 3534992.7525779502)",1.0255647935057728
1135,23,6.0,1.57142857142857,"(-10878745.940049881, 3534992.7525779502)",1.0255647935057728
1136,0,2.0,0.142857142857143,"(-10857511.747181065, 3549965.371702002)",1.0224685587877187
1136,1,2.0,0.285714285714286,"(-10857511.747181065, 3549965.371702002)",1.0224685587877187
1136,2,2.0,0.285714285714286,"(-10857511.747181065, 3549965.371702002)",1.0224685587877187
1136,3,2.0,0.285714285714286,"(-10857511.747181065, 3549965.371702002)",1.0224685587877187
1136,4,2.0,0.142857142857143,"(-10857511.747181065, 3549965.371702002)",1.0224685587877187
1136,5,2.0,0.0,"(-10857511.747181065, 3549965.371702002)",1.0224685587877187
1136,6,2.0,0.428571428571429,"(-10857511.747181065, 3549965.371702002)",1.0224685587877187
1136,7,2.0,0.142857142857143,"(-10857511.747181065, 3549965.371702002)",1.0224685587877187
1136,8,2.0,0.142857142857143,"(-10857511.747181065, 3549965.371702002)",1.0224685587877187
1136,9,2.0,0.142857142857143,"(-10857511.747181065, 3549965.371702002)",1.0224685587877187
1136,10,2.0,0.142857142857143,"(-10857511.747181065, 3549965.371702002)",1.0224685587877187
1136,11,2.0,0.142857142857143,"(-10857511.747181065, 3549965.371702002)",1.0224685587877187
1136,12,2.0,0.142857142857143,"(-10857511.747181065, 3549965.371702002)",1.0224685587877187
1136,13,2.0,0.142857142857143,"(-10857511.747181065, 3549965.371702002)",1.0224685587877187
1136,14,2.0,0.285714285714286,"(-10857511.747181065, 3549965.371702002)",1.0224685587877187
1136,15,2.0,0.285714285714286,"(-10857511.747181065, 3549965.371702002)",1.0224685587877187
1136,16,2.0,0.285714285714286,"(-10857511.747181065, 3549965.371702002)",1.0224685587877187
1136,17,2.0,0.142857142857143,"(-10857511.747181065, 3549965.371702002)",1.0224685587877187
1136,18,2.0,0.142857142857143,"(-10857511.747181065, 3549965.371702002)",1.0224685587877187
1136,19,2.0,0.0,"(-10857511.747181065, 3549965.371702002)",1.0224685587877187
1136,20,2.0,0.0,"(-10857511.747181065, 3549965.371702002)",1.0224685587877187
1136,21,2.0,0.285714285714286,"(-10857511.747181065, 3549965.371702002)",1.0224685587877187
1136,22,2.0,0.285714285714286,"(-10857511.747181065, 3549965.371702002)",1.0224685587877187
1136,23,2.0,0.142857142857143,"(-10857511.747181065, 3549965.371702002)",1.0224685587877187
1137,0,2.0,0.571428571428571,"(-10871649.32251181, 3546031.125050524)",1.0461932821198872
1137,1,2.0,0.285714285714286,"(-10871649.32251181, 3546031.125050524)",1.0461932821198872
1137,2,2.0,0.142857142857143,"(-10871649.32251181, 3546031.125050524)",1.0461932821198872
1137,3,2.0,0.285714285714286,"(-10871649.32251181, 3546031.125050524)",1.0461932821198872
1137,4,2.0,0.571428571428571,"(-10871649.32251181, 3546031.125050524)",1.0461932821198872
1137,5,2.0,0.428571428571429,"(-10871649.32251181, 3546031.125050524)",1.0461932821198872
1137,6,2.0,0.142857142857143,"(-10871649.32251181, 3546031.125050524)",1.0461932821198872
1137,7,2.0,0.571428571428571,"(-10871649.32251181, 3546031.125050524)",1.0461932821198872
1137,8,2.0,0.285714285714286,"(-10871649.32251181, 3546031.125050524)",1.0461932821198872
1137,9,2.0,0.428571428571429,"(-10871649.32251181, 3546031.125050524)",1.0461932821198872
1137,10,2.0,0.285714285714286,"(-10871649.32251181, 3546031.125050524)",1.0461932821198872
1137,11,2.0,0.0,"(-10871649.32251181, 3546031.125050524)",1.0461932821198872
1137,12,2.0,0.285714285714286,"(-10871649.32251181, 3546031.125050524)",1.0461932821198872
1137,13,2.0,0.142857142857143,"(-10871649.32251181, 3546031.125050524)",1.0461932821198872
1137,14,2.0,0.428571428571429,"(-10871649.32251181, 3546031.125050524)",1.0461932821198872
1137,15,2.0,0.714285714285714,"(-10871649.32251181, 3546031.125050524)",1.0461932821198872
1137,16,2.0,0.428571428571429,"(-10871649.32251181, 3546031.125050524)",1.0461932821198872
1137,17,2.0,0.428571428571429,"(-10871649.32251181, 3546031.125050524)",1.0461932821198872
1137,18,2.0,0.428571428571429,"(-10871649.32251181, 3546031.125050524)",1.0461932821198872
1137,19,2.0,0.428571428571429,"(-10871649.32251181, 3546031.125050524)",1.0461932821198872
1137,20,2.0,0.0,"(-10871649.32251181, 3546031.125050524)",1.0461932821198872
1137,21,2.0,0.0,"(-10871649.32251181, 3546031.125050524)",1.0461932821198872
1137,22,2.0,0.142857142857143,"(-10871649.32251181, 3546031.125050524)",1.0461932821198872
1137,23,2.0,0.714285714285714,"(-10871649.32251181, 3546031.125050524)",1.0461932821198872
1138,0,4.0,0.0,"(-10877465.765905758, 3538520.7614188446)",1.0270271026538165
1138,1,4.0,0.285714285714286,"(-10877465.765905758, 3538520.7614188446)",1.0270271026538165
1138,2,4.0,0.571428571428571,"(-10877465.765905758, 3538520.7614188446)",1.0270271026538165
1138,3,4.0,0.285714285714286,"(-10877465.765905758, 3538520.7614188446)",1.0270271026538165
1138,4,4.0,0.428571428571429,"(-10877465.765905758, 3538520.7614188446)",1.0270271026538165
1138,5,4.0,0.428571428571429,"(-10877465.765905758, 3538520.7614188446)",1.0270271026538165
1138,6,4.0,0.428571428571429,"(-10877465.765905758, 3538520.7614188446)",1.0270271026538165
1138,7,4.0,0.571428571428571,"(-10877465.765905758, 3538520.7614188446)",1.0270271026538165
1138,8,4.0,1.14285714285714,"(-10877465.765905758, 3538520.7614188446)",1.0270271026538165
1138,9,4.0,0.714285714285714,"(-10877465.765905758, 3538520.7614188446)",1.0270271026538165
1138,10,4.0,0.857142857142857,"(-10877465.765905758, 3538520.7614188446)",1.0270271026538165
1138,11,4.0,0.714285714285714,"(-10877465.765905758, 3538520.7614188446)",1.0270271026538165
1138,12,4.0,0.428571428571429,"(-10877465.765905758, 3538520.7614188446)",1.0270271026538165
1138,13,4.0,0.285714285714286,"(-10877465.765905758, 3538520.7614188446)",1.0270271026538165
1138,14,4.0,0.571428571428571,"(-10877465.765905758, 3538520.7614188446)",1.0270271026538165
1138,15,4.0,0.428571428571429,"(-10877465.765905758, 3538520.7614188446)",1.0270271026538165
1138,16,4.0,0.857142857142857,"(-10877465.765905758, 3538520.7614188446)",1.0270271026538165
1138,17,4.0,0.714285714285714,"(-10877465.765905758, 3538520.7614188446)",1.0270271026538165
1138,18,4.0,0.428571428571429,"(-10877465.765905758, 3538520.7614188446)",1.0270271026538165
1138,19,4.0,0.571428571428571,"(-10877465.765905758, 3538520.7614188446)",1.0270271026538165
1138,20,4.0,1.0,"(-10877465.765905758, 3538520.7614188446)",1.0270271026538165
1138,21,4.0,1.28571428571429,"(-10877465.765905758, 3538520.7614188446)",1.0270271026538165
1138,22,4.0,1.0,"(-10877465.765905758, 3538520.7614188446)",1.0270271026538165
1138,23,4.0,0.142857142857143,"(-10877465.765905758, 3538520.7614188446)",1.0270271026538165
1139,0,2.0,0.285714285714286,"(-10877730.149696393, 3540277.077703652)",1.0270271026538165
1139,1,2.0,0.285714285714286,"(-10877730.149696393, 3540277.077703652)",1.0270271026538165
1139,2,2.0,0.571428571428571,"(-10877730.149696393, 3540277.077703652)",1.0270271026538165
1139,3,2.0,0.285714285714286,"(-10877730.149696393, 3540277.077703652)",1.0270271026538165
1139,4,2.0,0.142857142857143,"(-10877730.149696393, 3540277.077703652)",1.0270271026538165
1139,5,2.0,0.0,"(-10877730.149696393, 3540277.077703652)",1.0270271026538165
1139,6,2.0,0.142857142857143,"(-10877730.149696393, 3540277.077703652)",1.0270271026538165
1139,7,2.0,0.142857142857143,"(-10877730.149696393, 3540277.077703652)",1.0270271026538165
1139,8,2.0,0.142857142857143,"(-10877730.149696393, 3540277.077703652)",1.0270271026538165
1139,9,2.0,0.0,"(-10877730.149696393, 3540277.077703652)",1.0270271026538165
1139,10,2.0,0.285714285714286,"(-10877730.149696393, 3540277.077703652)",1.0270271026538165
1139,11,2.0,0.0,"(-10877730.149696393, 3540277.077703652)",1.0270271026538165
1139,12,2.0,0.0,"(-10877730.149696393, 3540277.077703652)",1.0270271026538165
1139,13,2.0,0.571428571428571,"(-10877730.149696393, 3540277.077703652)",1.0270271026538165
1139,14,2.0,0.571428571428571,"(-10877730.149696393, 3540277.077703652)",1.0270271026538165
1139,15,2.0,0.428571428571429,"(-10877730.149696393, 3540277.077703652)",1.0270271026538165
1139,16,2.0,0.142857142857143,"(-10877730.149696393, 3540277.077703652)",1.0270271026538165
1139,17,2.0,0.142857142857143,"(-10877730.149696393, 3540277.077703652)",1.0270271026538165
1139,18,2.0,0.0,"(-10877730.149696393, 3540277.077703652)",1.0270271026538165
1139,19,2.0,0.142857142857143,"(-10877730.149696393, 3540277.077703652)",1.0270271026538165
1139,20,2.0,0.142857142857143,"(-10877730.149696393, 3540277.077703652)",1.0270271026538165
1139,21,2.0,0.571428571428571,"(-10877730.149696393, 3540277.077703652)",1.0270271026538165
1139,22,2.0,0.285714285714286,"(-10877730.149696393, 3540277.077703652)",1.0270271026538165
1139,23,2.0,0.285714285714286,"(-10877730.149696393, 3540277.077703652)",1.0270271026538165
1140,0,3.0,0.428571428571429,"(-10875225.461153544, 3537956.8583595837)",1.0255647935057728
1140,1,3.0,0.714285714285714,"(-10875225.461153544, 3537956.8583595837)",1.0255647935057728
1140,2,3.0,0.571428571428571,"(-10875225.461153544, 3537956.8583595837)",1.0255647935057728
1140,3,3.0,0.714285714285714,"(-10875225.461153544, 3537956.8583595837)",1.0255647935057728
1140,4,3.0,0.714285714285714,"(-10875225.461153544, 3537956.8583595837)",1.0255647935057728
1140,5,3.0,1.14285714285714,"(-10875225.461153544, 3537956.8583595837)",1.0255647935057728
1140,6,3.0,0.857142857142857,"(-10875225.461153544, 3537956.8583595837)",1.0255647935057728
1140,7,3.0,0.428571428571429,"(-10875225.461153544, 3537956.8583595837)",1.0255647935057728
1140,8,3.0,0.571428571428571,"(-10875225.461153544, 3537956.8583595837)",1.0255647935057728
1140,9,3.0,0.428571428571429,"(-10875225.461153544, 3537956.8583595837)",1.0255647935057728
1140,10,3.0,0.714285714285714,"(-10875225.461153544, 3537956.8583595837)",1.0255647935057728
1140,11,3.0,0.857142857142857,"(-10875225.461153544, 3537956.8583595837)",1.0255647935057728
1140,12,3.0,1.0,"(-10875225.461153544, 3537956.8583595837)",1.0255647935057728
1140,13,3.0,1.14285714285714,"(-10875225.461153544, 3537956.8583595837)",1.0255647935057728
1140,14,3.0,0.857142857142857,"(-10875225.461153544, 3537956.8583595837)",1.0255647935057728
1140,15,3.0,0.428571428571429,"(-10875225.461153544, 3537956.8583595837)",1.0255647935057728
1140,16,3.0,0.428571428571429,"(-10875225.461153544, 3537956.8583595837)",1.0255647935057728
1140,17,3.0,0.142857142857143,"(-10875225.461153544, 3537956.8583595837)",1.0255647935057728
1140,18,3.0,0.285714285714286,"(-10875225.461153544, 3537956.8583595837)",1.0255647935057728
1140,19,3.0,0.571428571428571,"(-10875225.461153544, 3537956.8583595837)",1.0255647935057728
1140,20,3.0,0.285714285714286,"(-10875225.461153544, 3537956.8583595837)",1.0255647935057728
1140,21,3.0,0.714285714285714,"(-10875225.461153544, 3537956.8583595837)",1.0255647935057728
1140,22,3.0,0.571428571428571,"(-10875225.461153544, 3537956.8583595837)",1.0255647935057728
1140,23,3.0,0.428571428571429,"(-10875225.461153544, 3537956.8583595837)",1.0255647935057728
1141,0,6.0,1.0,"(-10875281.12089894, 3536039.7758817924)",1.0255647935057728
1141,1,6.0,0.428571428571429,"(-10875281.12089894, 3536039.7758817924)",1.0255647935057728
1141,2,6.0,0.285714285714286,"(-10875281.12089894, 3536039.7758817924)",1.0255647935057728
1141,3,6.0,0.285714285714286,"(-10875281.12089894, 3536039.7758817924)",1.0255647935057728
1141,4,6.0,0.285714285714286,"(-10875281.12089894, 3536039.7758817924)",1.0255647935057728
1141,5,6.0,0.285714285714286,"(-10875281.12089894, 3536039.7758817924)",1.0255647935057728
1141,6,6.0,0.428571428571429,"(-10875281.12089894, 3536039.7758817924)",1.0255647935057728
1141,7,6.0,0.571428571428571,"(-10875281.12089894, 3536039.7758817924)",1.0255647935057728
1141,8,6.0,0.714285714285714,"(-10875281.12089894, 3536039.7758817924)",1.0255647935057728
1141,9,6.0,1.14285714285714,"(-10875281.12089894, 3536039.7758817924)",1.0255647935057728
1141,10,6.0,0.714285714285714,"(-10875281.12089894, 3536039.7758817924)",1.0255647935057728
1141,11,6.0,0.857142857142857,"(-10875281.12089894, 3536039.7758817924)",1.0255647935057728
1141,12,6.0,0.857142857142857,"(-10875281.12089894, 3536039.7758817924)",1.0255647935057728
1141,13,6.0,0.714285714285714,"(-10875281.12089894, 3536039.7758817924)",1.0255647935057728
1141,14,6.0,1.14285714285714,"(-10875281.12089894, 3536039.7758817924)",1.0255647935057728
1141,15,6.0,1.0,"(-10875281.12089894, 3536039.7758817924)",1.0255647935057728
1141,16,6.0,1.71428571428571,"(-10875281.12089894, 3536039.7758817924)",1.0255647935057728
1141,17,6.0,1.71428571428571,"(-10875281.12089894, 3536039.7758817924)",1.0255647935057728
1141,18,6.0,1.0,"(-10875281.12089894, 3536039.7758817924)",1.0255647935057728
1141,19,6.0,1.28571428571429,"(-10875281.12089894, 3536039.7758817924)",1.0255647935057728
1141,20,6.0,0.857142857142857,"(-10875281.12089894, 3536039.7758817924)",1.0255647935057728
1141,21,6.0,0.857142857142857,"(-10875281.12089894, 3536039.7758817924)",1.0255647935057728
1141,22,6.0,1.28571428571429,"(-10875281.12089894, 3536039.7758817924)",1.0255647935057728
1141,23,6.0,1.28571428571429,"(-10875281.12089894, 3536039.7758817924)",1.0255647935057728
1142,0,8.0,2.14285714285714,"(-10879010.323840516, 3537151.3261485)",1.0255647935057728
1142,1,8.0,1.85714285714286,"(-10879010.323840516, 3537151.3261485)",1.0255647935057728
1142,2,8.0,1.71428571428571,"(-10879010.323840516, 3537151.3261485)",1.0255647935057728
1142,3,8.0,1.0,"(-10879010.323840516, 3537151.3261485)",1.0255647935057728
1142,4,8.0,1.57142857142857,"(-10879010.323840516, 3537151.3261485)",1.0255647935057728
1142,5,8.0,2.14285714285714,"(-10879010.323840516, 3537151.3261485)",1.0255647935057728
1142,6,8.0,1.71428571428571,"(-10879010.323840516, 3537151.3261485)",1.0255647935057728
1142,7,8.0,1.14285714285714,"(-10879010.323840516, 3537151.3261485)",1.0255647935057728
1142,8,8.0,1.14285714285714,"(-10879010.323840516, 3537151.3261485)",1.0255647935057728
1142,9,8.0,1.0,"(-10879010.323840516, 3537151.3261485)",1.0255647935057728
1142,10,8.0,1.14285714285714,"(-10879010.323840516, 3537151.3261485)",1.0255647935057728
1142,11,8.0,1.14285714285714,"(-10879010.323840516, 3537151.3261485)",1.0255647935057728
1142,12,8.0,1.57142857142857,"(-10879010.323840516, 3537151.3261485)",1.0255647935057728
1142,13,8.0,3.14285714285714,"(-10879010.323840516, 3537151.3261485)",1.0255647935057728
1142,14,8.0,3.42857142857143,"(-10879010.323840516, 3537151.3261485)",1.0255647935057728
1142,15,8.0,3.42857142857143,"(-10879010.323840516, 3537151.3261485)",1.0255647935057728
1142,16,8.0,1.85714285714286,"(-10879010.323840516, 3537151.3261485)",1.0255647935057728
1142,17,8.0,1.14285714285714,"(-10879010.323840516, 3537151.3261485)",1.0255647935057728
1142,18,8.0,0.714285714285714,"(-10879010.323840516, 3537151.3261485)",1.0255647935057728
1142,19,8.0,1.28571428571429,"(-10879010.323840516, 3537151.3261485)",1.0255647935057728
1142,20,8.0,2.0,"(-10879010.323840516, 3537151.3261485)",1.0255647935057728
1142,21,8.0,2.57142857142857,"(-10879010.323840516, 3537151.3261485)",1.0255647935057728
1142,22,8.0,2.42857142857143,"(-10879010.323840516, 3537151.3261485)",1.0255647935057728
1142,23,8.0,1.57142857142857,"(-10879010.323840516, 3537151.3261485)",1.0255647935057728
1143,0,1.0,0.0,"(-10877076.147687983, 3540422.105544358)",1.0270271026538165
1143,1,1.0,0.0,"(-10877076.147687983, 3540422.105544358)",1.0270271026538165
1143,2,1.0,0.0,"(-10877076.147687983, 3540422.105544358)",1.0270271026538165
1143,3,1.0,0.0,"(-10877076.147687983, 3540422.105544358)",1.0270271026538165
1143,4,1.0,0.142857142857143,"(-10877076.147687983, 3540422.105544358)",1.0270271026538165
1143,5,1.0,0.142857142857143,"(-10877076.147687983, 3540422.105544358)",1.0270271026538165
1143,6,1.0,0.142857142857143,"(-10877076.147687983, 3540422.105544358)",1.0270271026538165
1143,7,1.0,0.0,"(-10877076.147687983, 3540422.105544358)",1.0270271026538165
1143,8,1.0,0.142857142857143,"(-10877076.147687983, 3540422.105544358)",1.0270271026538165
1143,9,1.0,0.0,"(-10877076.147687983, 3540422.105544358)",1.0270271026538165
1143,10,1.0,0.142857142857143,"(-10877076.147687983, 3540422.105544358)",1.0270271026538165
1143,11,1.0,0.142857142857143,"(-10877076.147687983, 3540422.105544358)",1.0270271026538165
1143,12,1.0,0.285714285714286,"(-10877076.147687983, 3540422.105544358)",1.0270271026538165
1143,13,1.0,0.142857142857143,"(-10877076.147687983, 3540422.105544358)",1.0270271026538165
1143,14,1.0,0.0,"(-10877076.147687983, 3540422.105544358)",1.0270271026538165
1143,15,1.0,0.0,"(-10877076.147687983, 3540422.105544358)",1.0270271026538165
1143,16,1.0,0.0,"(-10877076.147687983, 3540422.105544358)",1.0270271026538165
1143,17,1.0,0.142857142857143,"(-10877076.147687983, 3540422.105544358)",1.0270271026538165
1143,18,1.0,0.142857142857143,"(-10877076.147687983, 3540422.105544358)",1.0270271026538165
1143,19,1.0,0.0,"(-10877076.147687983, 3540422.105544358)",1.0270271026538165
1143,20,1.0,0.0,"(-10877076.147687983, 3540422.105544358)",1.0270271026538165
1143,21,1.0,0.0,"(-10877076.147687983, 3540422.105544358)",1.0270271026538165
1143,22,1.0,0.142857142857143,"(-10877076.147687983, 3540422.105544358)",1.0270271026538165
1143,23,1.0,0.142857142857143,"(-10877076.147687983, 3540422.105544358)",1.0270271026538165
1144,0,11.0,2.42857142857143,"(-10879065.983585913, 3537473.53288019)",1.0255647935057728
1144,1,11.0,1.85714285714286,"(-10879065.983585913, 3537473.53288019)",1.0255647935057728
1144,2,11.0,2.28571428571429,"(-10879065.983585913, 3537473.53288019)",1.0255647935057728
1144,3,11.0,3.0,"(-10879065.983585913, 3537473.53288019)",1.0255647935057728
1144,4,11.0,3.57142857142857,"(-10879065.983585913, 3537473.53288019)",1.0255647935057728
1144,5,11.0,4.28571428571429,"(-10879065.983585913, 3537473.53288019)",1.0255647935057728
1144,6,11.0,2.42857142857143,"(-10879065.983585913, 3537473.53288019)",1.0255647935057728
1144,7,11.0,1.42857142857143,"(-10879065.983585913, 3537473.53288019)",1.0255647935057728
1144,8,11.0,0.714285714285714,"(-10879065.983585913, 3537473.53288019)",1.0255647935057728
1144,9,11.0,1.0,"(-10879065.983585913, 3537473.53288019)",1.0255647935057728
1144,10,11.0,0.571428571428571,"(-10879065.983585913, 3537473.53288019)",1.0255647935057728
1144,11,11.0,0.571428571428571,"(-10879065.983585913, 3537473.53288019)",1.0255647935057728
1144,12,11.0,1.57142857142857,"(-10879065.983585913, 3537473.53288019)",1.0255647935057728
1144,13,11.0,2.0,"(-10879065.983585913, 3537473.53288019)",1.0255647935057728
1144,14,11.0,1.57142857142857,"(-10879065.983585913, 3537473.53288019)",1.0255647935057728
1144,15,11.0,1.85714285714286,"(-10879065.983585913, 3537473.53288019)",1.0255647935057728
1144,16,11.0,2.28571428571429,"(-10879065.983585913, 3537473.53288019)",1.0255647935057728
1144,17,11.0,1.85714285714286,"(-10879065.983585913, 3537473.53288019)",1.0255647935057728
1144,18,11.0,2.71428571428571,"(-10879065.983585913, 3537473.53288019)",1.0255647935057728
1144,19,11.0,2.85714285714286,"(-10879065.983585913, 3537473.53288019)",1.0255647935057728
1144,20,11.0,3.0,"(-10879065.983585913, 3537473.53288019)",1.0255647935057728
1144,21,11.0,1.28571428571429,"(-10879065.983585913, 3537473.53288019)",1.0255647935057728
1144,22,11.0,1.14285714285714,"(-10879065.983585913, 3537473.53288019)",1.0255647935057728
1144,23,11.0,1.14285714285714,"(-10879065.983585913, 3537473.53288019)",1.0255647935057728
1145,0,6.0,0.428571428571429,"(-10878523.301068297, 3537231.8770624017)",1.0255647935057728
1145,1,6.0,0.142857142857143,"(-10878523.301068297, 3537231.8770624017)",1.0255647935057728
1145,2,6.0,0.857142857142857,"(-10878523.301068297, 3537231.8770624017)",1.0255647935057728
1145,3,6.0,1.71428571428571,"(-10878523.301068297, 3537231.8770624017)",1.0255647935057728
1145,4,6.0,2.71428571428571,"(-10878523.301068297, 3537231.8770624017)",1.0255647935057728
1145,5,6.0,1.85714285714286,"(-10878523.301068297, 3537231.8770624017)",1.0255647935057728
1145,6,6.0,1.42857142857143,"(-10878523.301068297, 3537231.8770624017)",1.0255647935057728
1145,7,6.0,0.857142857142857,"(-10878523.301068297, 3537231.8770624017)",1.0255647935057728
1145,8,6.0,1.14285714285714,"(-10878523.301068297, 3537231.8770624017)",1.0255647935057728
1145,9,6.0,0.571428571428571,"(-10878523.301068297, 3537231.8770624017)",1.0255647935057728
1145,10,6.0,1.14285714285714,"(-10878523.301068297, 3537231.8770624017)",1.0255647935057728
1145,11,6.0,0.857142857142857,"(-10878523.301068297, 3537231.8770624017)",1.0255647935057728
1145,12,6.0,1.0,"(-10878523.301068297, 3537231.8770624017)",1.0255647935057728
1145,13,6.0,0.285714285714286,"(-10878523.301068297, 3537231.8770624017)",1.0255647935057728
1145,14,6.0,0.142857142857143,"(-10878523.301068297, 3537231.8770624017)",1.0255647935057728
1145,15,6.0,0.142857142857143,"(-10878523.301068297, 3537231.8770624017)",1.0255647935057728
1145,16,6.0,0.142857142857143,"(-10878523.301068297, 3537231.8770624017)",1.0255647935057728
1145,17,6.0,0.428571428571429,"(-10878523.301068297, 3537231.8770624017)",1.0255647935057728
1145,18,6.0,1.0,"(-10878523.301068297, 3537231.8770624017)",1.0255647935057728
1145,19,6.0,1.0,"(-10878523.301068297, 3537231.8770624017)",1.0255647935057728
1145,20,6.0,1.14285714285714,"(-10878523.301068297, 3537231.8770624017)",1.0255647935057728
1145,21,6.0,1.57142857142857,"(-10878523.301068297, 3537231.8770624017)",1.0255647935057728
1145,22,6.0,1.14285714285714,"(-10878523.301068297, 3537231.8770624017)",1.0255647935057728
1145,23,6.0,1.14285714285714,"(-10878523.301068297, 3537231.8770624017)",1.0255647935057728
1146,0,8.0,1.14285714285714,"(-10880234.838239241, 3536555.2653178214)",1.0244001332610029
1146,1,8.0,1.28571428571429,"(-10880234.838239241, 3536555.2653178214)",1.0244001332610029
1146,2,8.0,1.42857142857143,"(-10880234.838239241, 3536555.2653178214)",1.0244001332610029
1146,3,8.0,1.71428571428571,"(-10880234.838239241, 3536555.2653178214)",1.0244001332610029
1146,4,8.0,2.57142857142857,"(-10880234.838239241, 3536555.2653178214)",1.0244001332610029
1146,5,8.0,1.71428571428571,"(-10880234.838239241, 3536555.2653178214)",1.0244001332610029
1146,6,8.0,1.14285714285714,"(-10880234.838239241, 3536555.2653178214)",1.0244001332610029
1146,7,8.0,1.0,"(-10880234.838239241, 3536555.2653178214)",1.0244001332610029
1146,8,8.0,1.14285714285714,"(-10880234.838239241, 3536555.2653178214)",1.0244001332610029
1146,9,8.0,1.71428571428571,"(-10880234.838239241, 3536555.2653178214)",1.0244001332610029
1146,10,8.0,2.0,"(-10880234.838239241, 3536555.2653178214)",1.0244001332610029
1146,11,8.0,2.0,"(-10880234.838239241, 3536555.2653178214)",1.0244001332610029
1146,12,8.0,0.857142857142857,"(-10880234.838239241, 3536555.2653178214)",1.0244001332610029
1146,13,8.0,0.857142857142857,"(-10880234.838239241, 3536555.2653178214)",1.0244001332610029
1146,14,8.0,0.857142857142857,"(-10880234.838239241, 3536555.2653178214)",1.0244001332610029
1146,15,8.0,1.42857142857143,"(-10880234.838239241, 3536555.2653178214)",1.0244001332610029
1146,16,8.0,1.57142857142857,"(-10880234.838239241, 3536555.2653178214)",1.0244001332610029
1146,17,8.0,2.14285714285714,"(-10880234.838239241, 3536555.2653178214)",1.0244001332610029
1146,18,8.0,3.0,"(-10880234.838239241, 3536555.2653178214)",1.0244001332610029
1146,19,8.0,3.0,"(-10880234.838239241, 3536555.2653178214)",1.0244001332610029
1146,20,8.0,2.14285714285714,"(-10880234.838239241, 3536555.2653178214)",1.0244001332610029
1146,21,8.0,2.14285714285714,"(-10880234.838239241, 3536555.2653178214)",1.0244001332610029
1146,22,8.0,1.85714285714286,"(-10880234.838239241, 3536555.2653178214)",1.0244001332610029
1146,23,8.0,1.85714285714286,"(-10880234.838239241, 3536555.2653178214)",1.0244001332610029
1147,0,4.0,0.857142857142857,"(-10872484.21869276, 3546192.3405791926)",1.0461932821198872
1147,1,4.0,0.571428571428571,"(-10872484.21869276, 3546192.3405791926)",1.0461932821198872
1147,2,4.0,0.571428571428571,"(-10872484.21869276, 3546192.3405791926)",1.0461932821198872
1147,3,4.0,0.285714285714286,"(-10872484.21869276, 3546192.3405791926)",1.0461932821198872
1147,4,4.0,0.571428571428571,"(-10872484.21869276, 3546192.3405791926)",1.0461932821198872
1147,5,4.0,0.571428571428571,"(-10872484.21869276, 3546192.3405791926)",1.0461932821198872
1147,6,4.0,0.285714285714286,"(-10872484.21869276, 3546192.3405791926)",1.0461932821198872
1147,7,4.0,0.857142857142857,"(-10872484.21869276, 3546192.3405791926)",1.0461932821198872
1147,8,4.0,0.571428571428571,"(-10872484.21869276, 3546192.3405791926)",1.0461932821198872
1147,9,4.0,0.714285714285714,"(-10872484.21869276, 3546192.3405791926)",1.0461932821198872
1147,10,4.0,0.285714285714286,"(-10872484.21869276, 3546192.3405791926)",1.0461932821198872
1147,11,4.0,0.285714285714286,"(-10872484.21869276, 3546192.3405791926)",1.0461932821198872
1147,12,4.0,0.428571428571429,"(-10872484.21869276, 3546192.3405791926)",1.0461932821198872
1147,13,4.0,0.285714285714286,"(-10872484.21869276, 3546192.3405791926)",1.0461932821198872
1147,14,4.0,0.285714285714286,"(-10872484.21869276, 3546192.3405791926)",1.0461932821198872
1147,15,4.0,0.428571428571429,"(-10872484.21869276, 3546192.3405791926)",1.0461932821198872
1147,16,4.0,0.571428571428571,"(-10872484.21869276, 3546192.3405791926)",1.0461932821198872
1147,17,4.0,0.571428571428571,"(-10872484.21869276, 3546192.3405791926)",1.0461932821198872
1147,18,4.0,0.714285714285714,"(-10872484.21869276, 3546192.3405791926)",1.0461932821198872
1147,19,4.0,1.0,"(-10872484.21869276, 3546192.3405791926)",1.0461932821198872
1147,20,4.0,1.28571428571429,"(-10872484.21869276, 3546192.3405791926)",1.0461932821198872
1147,21,4.0,0.428571428571429,"(-10872484.21869276, 3546192.3405791926)",1.0461932821198872
1147,22,4.0,0.285714285714286,"(-10872484.21869276, 3546192.3405791926)",1.0461932821198872
1147,23,4.0,0.714285714285714,"(-10872484.21869276, 3546192.3405791926)",1.0461932821198872
1148,0,2.0,0.571428571428571,"(-10880610.541520668, 3537682.971654844)",1.0244001332610029
1148,1,2.0,0.428571428571429,"(-10880610.541520668, 3537682.971654844)",1.0244001332610029
1148,2,2.0,0.571428571428571,"(-10880610.541520668, 3537682.971654844)",1.0244001332610029
1148,3,2.0,0.285714285714286,"(-10880610.541520668, 3537682.971654844)",1.0244001332610029
1148,4,2.0,0.571428571428571,"(-10880610.541520668, 3537682.971654844)",1.0244001332610029
1148,5,2.0,0.571428571428571,"(-10880610.541520668, 3537682.971654844)",1.0244001332610029
1148,6,2.0,0.428571428571429,"(-10880610.541520668, 3537682.971654844)",1.0244001332610029
1148,7,2.0,0.571428571428571,"(-10880610.541520668, 3537682.971654844)",1.0244001332610029
1148,8,2.0,0.142857142857143,"(-10880610.541520668, 3537682.971654844)",1.0244001332610029
1148,9,2.0,0.142857142857143,"(-10880610.541520668, 3537682.971654844)",1.0244001332610029
1148,10,2.0,0.142857142857143,"(-10880610.541520668, 3537682.971654844)",1.0244001332610029
1148,11,2.0,0.285714285714286,"(-10880610.541520668, 3537682.971654844)",1.0244001332610029
1148,12,2.0,0.142857142857143,"(-10880610.541520668, 3537682.971654844)",1.0244001332610029
1148,13,2.0,0.142857142857143,"(-10880610.541520668, 3537682.971654844)",1.0244001332610029
1148,14,2.0,0.142857142857143,"(-10880610.541520668, 3537682.971654844)",1.0244001332610029
1148,15,2.0,0.0,"(-10880610.541520668, 3537682.971654844)",1.0244001332610029
1148,16,2.0,0.0,"(-10880610.541520668, 3537682.971654844)",1.0244001332610029
1148,17,2.0,0.142857142857143,"(-10880610.541520668, 3537682.971654844)",1.0244001332610029
1148,18,2.0,0.428571428571429,"(-10880610.541520668, 3537682.971654844)",1.0244001332610029
1148,19,2.0,0.285714285714286,"(-10880610.541520668, 3537682.971654844)",1.0244001332610029
1148,20,2.0,0.571428571428571,"(-10880610.541520668, 3537682.971654844)",1.0244001332610029
1148,21,2.0,0.285714285714286,"(-10880610.541520668, 3537682.971654844)",1.0244001332610029
1148,22,2.0,0.142857142857143,"(-10880610.541520668, 3537682.971654844)",1.0244001332610029
1148,23,2.0,0.285714285714286,"(-10880610.541520668, 3537682.971654844)",1.0244001332610029
1149,0,10.0,1.28571428571429,"(-10880540.966838922, 3537956.8583595837)",1.0244001332610029
1149,1,10.0,2.0,"(-10880540.966838922, 3537956.8583595837)",1.0244001332610029
1149,2,10.0,2.0,"(-10880540.966838922, 3537956.8583595837)",1.0244001332610029
1149,3,10.0,2.71428571428571,"(-10880540.966838922, 3537956.8583595837)",1.0244001332610029
1149,4,10.0,2.14285714285714,"(-10880540.966838922, 3537956.8583595837)",1.0244001332610029
1149,5,10.0,2.14285714285714,"(-10880540.966838922, 3537956.8583595837)",1.0244001332610029
1149,6,10.0,2.0,"(-10880540.966838922, 3537956.8583595837)",1.0244001332610029
1149,7,10.0,0.857142857142857,"(-10880540.966838922, 3537956.8583595837)",1.0244001332610029
1149,8,10.0,1.28571428571429,"(-10880540.966838922, 3537956.8583595837)",1.0244001332610029
1149,9,10.0,2.28571428571429,"(-10880540.966838922, 3537956.8583595837)",1.0244001332610029
1149,10,10.0,2.0,"(-10880540.966838922, 3537956.8583595837)",1.0244001332610029
1149,11,10.0,2.42857142857143,"(-10880540.966838922, 3537956.8583595837)",1.0244001332610029
1149,12,10.0,2.14285714285714,"(-10880540.966838922, 3537956.8583595837)",1.0244001332610029
1149,13,10.0,1.57142857142857,"(-10880540.966838922, 3537956.8583595837)",1.0244001332610029
1149,14,10.0,1.71428571428571,"(-10880540.966838922, 3537956.8583595837)",1.0244001332610029
1149,15,10.0,2.0,"(-10880540.966838922, 3537956.8583595837)",1.0244001332610029
1149,16,10.0,3.71428571428571,"(-10880540.966838922, 3537956.8583595837)",1.0244001332610029
1149,17,10.0,2.28571428571429,"(-10880540.966838922, 3537956.8583595837)",1.0244001332610029
1149,18,10.0,2.57142857142857,"(-10880540.966838922, 3537956.8583595837)",1.0244001332610029
1149,19,10.0,3.0,"(-10880540.966838922, 3537956.8583595837)",1.0244001332610029
1149,20,10.0,3.0,"(-10880540.966838922, 3537956.8583595837)",1.0244001332610029
1149,21,10.0,3.28571428571429,"(-10880540.966838922, 3537956.8583595837)",1.0244001332610029
1149,22,10.0,1.85714285714286,"(-10880540.966838922, 3537956.8583595837)",1.0244001332610029
1149,23,10.0,1.42857142857143,"(-10880540.966838922, 3537956.8583595837)",1.0244001332610029
1150,0,2.0,0.428571428571429,"(-10878119.767914169, 3541743.5469329986)",1.0270271026538165
1150,1,2.0,0.428571428571429,"(-10878119.767914169, 3541743.5469329986)",1.0270271026538165
1150,2,2.0,0.428571428571429,"(-10878119.767914169, 3541743.5469329986)",1.0270271026538165
1150,3,2.0,0.428571428571429,"(-10878119.767914169, 3541743.5469329986)",1.0270271026538165
1150,4,2.0,0.428571428571429,"(-10878119.767914169, 3541743.5469329986)",1.0270271026538165
1150,5,2.0,0.857142857142857,"(-10878119.767914169, 3541743.5469329986)",1.0270271026538165
1150,6,2.0,1.0,"(-10878119.767914169, 3541743.5469329986)",1.0270271026538165
1150,7,2.0,0.714285714285714,"(-10878119.767914169, 3541743.5469329986)",1.0270271026538165
1150,8,2.0,0.857142857142857,"(-10878119.767914169, 3541743.5469329986)",1.0270271026538165
1150,9,2.0,0.285714285714286,"(-10878119.767914169, 3541743.5469329986)",1.0270271026538165
1150,10,2.0,0.428571428571429,"(-10878119.767914169, 3541743.5469329986)",1.0270271026538165
1150,11,2.0,0.428571428571429,"(-10878119.767914169, 3541743.5469329986)",1.0270271026538165
1150,12,2.0,0.571428571428571,"(-10878119.767914169, 3541743.5469329986)",1.0270271026538165
1150,13,2.0,0.428571428571429,"(-10878119.767914169, 3541743.5469329986)",1.0270271026538165
1150,14,2.0,0.285714285714286,"(-10878119.767914169, 3541743.5469329986)",1.0270271026538165
1150,15,2.0,0.285714285714286,"(-10878119.767914169, 3541743.5469329986)",1.0270271026538165
1150,16,2.0,0.285714285714286,"(-10878119.767914169, 3541743.5469329986)",1.0270271026538165
1150,17,2.0,0.285714285714286,"(-10878119.767914169, 3541743.5469329986)",1.0270271026538165
1150,18,2.0,0.285714285714286,"(-10878119.767914169, 3541743.5469329986)",1.0270271026538165
1150,19,2.0,0.285714285714286,"(-10878119.767914169, 3541743.5469329986)",1.0270271026538165
1150,20,2.0,0.142857142857143,"(-10878119.767914169, 3541743.5469329986)",1.0270271026538165
1150,21,2.0,0.285714285714286,"(-10878119.767914169, 3541743.5469329986)",1.0270271026538165
1150,22,2.0,0.428571428571429,"(-10878119.767914169, 3541743.5469329986)",1.0270271026538165
1150,23,2.0,0.285714285714286,"(-10878119.767914169, 3541743.5469329986)",1.0270271026538165
1151,0,2.0,0.285714285714286,"(-10878091.938041471, 3537215.7668386092)",1.0255647935057728
1151,1,2.0,0.285714285714286,"(-10878091.938041471, 3537215.7668386092)",1.0255647935057728
1151,2,2.0,0.428571428571429,"(-10878091.938041471, 3537215.7668386092)",1.0255647935057728
1151,3,2.0,0.714285714285714,"(-10878091.938041471, 3537215.7668386092)",1.0255647935057728
1151,4,2.0,0.285714285714286,"(-10878091.938041471, 3537215.7668386092)",1.0255647935057728
1151,5,2.0,0.142857142857143,"(-10878091.938041471, 3537215.7668386092)",1.0255647935057728
1151,6,2.0,0.285714285714286,"(-10878091.938041471, 3537215.7668386092)",1.0255647935057728
1151,7,2.0,0.285714285714286,"(-10878091.938041471, 3537215.7668386092)",1.0255647935057728
1151,8,2.0,0.428571428571429,"(-10878091.938041471, 3537215.7668386092)",1.0255647935057728
1151,9,2.0,0.285714285714286,"(-10878091.938041471, 3537215.7668386092)",1.0255647935057728
1151,10,2.0,0.571428571428571,"(-10878091.938041471, 3537215.7668386092)",1.0255647935057728
1151,11,2.0,0.428571428571429,"(-10878091.938041471, 3537215.7668386092)",1.0255647935057728
1151,12,2.0,0.285714285714286,"(-10878091.938041471, 3537215.7668386092)",1.0255647935057728
1151,13,2.0,0.285714285714286,"(-10878091.938041471, 3537215.7668386092)",1.0255647935057728
1151,14,2.0,0.285714285714286,"(-10878091.938041471, 3537215.7668386092)",1.0255647935057728
1151,15,2.0,0.0,"(-10878091.938041471, 3537215.7668386092)",1.0255647935057728
1151,16,2.0,0.142857142857143,"(-10878091.938041471, 3537215.7668386092)",1.0255647935057728
1151,17,2.0,0.571428571428571,"(-10878091.938041471, 3537215.7668386092)",1.0255647935057728
1151,18,2.0,0.285714285714286,"(-10878091.938041471, 3537215.7668386092)",1.0255647935057728
1151,19,2.0,0.285714285714286,"(-10878091.938041471, 3537215.7668386092)",1.0255647935057728
1151,20,2.0,0.142857142857143,"(-10878091.938041471, 3537215.7668386092)",1.0255647935057728
1151,21,2.0,0.285714285714286,"(-10878091.938041471, 3537215.7668386092)",1.0255647935057728
1151,22,2.0,0.285714285714286,"(-10878091.938041471, 3537215.7668386092)",1.0255647935057728
1151,23,2.0,0.428571428571429,"(-10878091.938041471, 3537215.7668386092)",1.0255647935057728
1152,0,10.0,1.57142857142857,"(-10878565.045877343, 3537054.665728519)",1.0255647935057728
1152,1,10.0,1.0,"(-10878565.045877343, 3537054.665728519)",1.0255647935057728
1152,2,10.0,1.71428571428571,"(-10878565.045877343, 3537054.665728519)",1.0255647935057728
1152,3,10.0,1.28571428571429,"(-10878565.045877343, 3537054.665728519)",1.0255647935057728
1152,4,10.0,2.85714285714286,"(-10878565.045877343, 3537054.665728519)",1.0255647935057728
1152,5,10.0,2.28571428571429,"(-10878565.045877343, 3537054.665728519)",1.0255647935057728
1152,6,10.0,3.0,"(-10878565.045877343, 3537054.665728519)",1.0255647935057728
1152,7,10.0,1.85714285714286,"(-10878565.045877343, 3537054.665728519)",1.0255647935057728
1152,8,10.0,1.0,"(-10878565.045877343, 3537054.665728519)",1.0255647935057728
1152,9,10.0,0.714285714285714,"(-10878565.045877343, 3537054.665728519)",1.0255647935057728
1152,10,10.0,1.28571428571429,"(-10878565.045877343, 3537054.665728519)",1.0255647935057728
1152,11,10.0,1.28571428571429,"(-10878565.045877343, 3537054.665728519)",1.0255647935057728
1152,12,10.0,1.14285714285714,"(-10878565.045877343, 3537054.665728519)",1.0255647935057728
1152,13,10.0,1.0,"(-10878565.045877343, 3537054.665728519)",1.0255647935057728
1152,14,10.0,1.71428571428571,"(-10878565.045877343, 3537054.665728519)",1.0255647935057728
1152,15,10.0,1.42857142857143,"(-10878565.045877343, 3537054.665728519)",1.0255647935057728
1152,16,10.0,2.0,"(-10878565.045877343, 3537054.665728519)",1.0255647935057728
1152,17,10.0,1.57142857142857,"(-10878565.045877343, 3537054.665728519)",1.0255647935057728
1152,18,10.0,1.28571428571429,"(-10878565.045877343, 3537054.665728519)",1.0255647935057728
1152,19,10.0,1.57142857142857,"(-10878565.045877343, 3537054.665728519)",1.0255647935057728
1152,20,10.0,1.28571428571429,"(-10878565.045877343, 3537054.665728519)",1.0255647935057728
1152,21,10.0,1.57142857142857,"(-10878565.045877343, 3537054.665728519)",1.0255647935057728
1152,22,10.0,2.0,"(-10878565.045877343, 3537054.665728519)",1.0255647935057728
1152,23,10.0,2.14285714285714,"(-10878565.045877343, 3537054.665728519)",1.0255647935057728
1153,0,2.0,0.0,"(-10880749.690884162, 3537602.4178697844)",1.0244001332610029
1153,1,2.0,0.0,"(-10880749.690884162, 3537602.4178697844)",1.0244001332610029
1153,2,2.0,0.142857142857143,"(-10880749.690884162, 3537602.4178697844)",1.0244001332610029
1153,3,2.0,0.285714285714286,"(-10880749.690884162, 3537602.4178697844)",1.0244001332610029
1153,4,2.0,0.142857142857143,"(-10880749.690884162, 3537602.4178697844)",1.0244001332610029
1153,5,2.0,0.142857142857143,"(-10880749.690884162, 3537602.4178697844)",1.0244001332610029
1153,6,2.0,0.142857142857143,"(-10880749.690884162, 3537602.4178697844)",1.0244001332610029
1153,7,2.0,0.285714285714286,"(-10880749.690884162, 3537602.4178697844)",1.0244001332610029
1153,8,2.0,0.142857142857143,"(-10880749.690884162, 3537602.4178697844)",1.0244001332610029
1153,9,2.0,0.142857142857143,"(-10880749.690884162, 3537602.4178697844)",1.0244001332610029
1153,10,2.0,0.142857142857143,"(-10880749.690884162, 3537602.4178697844)",1.0244001332610029
1153,11,2.0,0.142857142857143,"(-10880749.690884162, 3537602.4178697844)",1.0244001332610029
1153,12,2.0,0.285714285714286,"(-10880749.690884162, 3537602.4178697844)",1.0244001332610029
1153,13,2.0,0.428571428571429,"(-10880749.690884162, 3537602.4178697844)",1.0244001332610029
1153,14,2.0,0.285714285714286,"(-10880749.690884162, 3537602.4178697844)",1.0244001332610029
1153,15,2.0,0.285714285714286,"(-10880749.690884162, 3537602.4178697844)",1.0244001332610029
1153,16,2.0,0.0,"(-10880749.690884162, 3537602.4178697844)",1.0244001332610029
1153,17,2.0,0.142857142857143,"(-10880749.690884162, 3537602.4178697844)",1.0244001332610029
1153,18,2.0,0.142857142857143,"(-10880749.690884162, 3537602.4178697844)",1.0244001332610029
1153,19,2.0,0.285714285714286,"(-10880749.690884162, 3537602.4178697844)",1.0244001332610029
1153,20,2.0,0.142857142857143,"(-10880749.690884162, 3537602.4178697844)",1.0244001332610029
1153,21,2.0,0.142857142857143,"(-10880749.690884162, 3537602.4178697844)",1.0244001332610029
1153,22,2.0,0.142857142857143,"(-10880749.690884162, 3537602.4178697844)",1.0244001332610029
1153,23,2.0,0.0,"(-10880749.690884162, 3537602.4178697844)",1.0244001332610029
1154,0,12.0,1.57142857142857,"(-10875684.654053066, 3542468.786879635)",1.0270271026538165
1154,1,12.0,1.28571428571429,"(-10875684.654053066, 3542468.786879635)",1.0270271026538165
1154,2,12.0,1.0,"(-10875684.654053066, 3542468.786879635)",1.0270271026538165
1154,3,12.0,1.71428571428571,"(-10875684.654053066, 3542468.786879635)",1.0270271026538165
1154,4,12.0,2.85714285714286,"(-10875684.654053066, 3542468.786879635)",1.0270271026538165
1154,5,12.0,1.71428571428571,"(-10875684.654053066, 3542468.786879635)",1.0270271026538165
1154,6,12.0,2.57142857142857,"(-10875684.654053066, 3542468.786879635)",1.0270271026538165
1154,7,12.0,3.0,"(-10875684.654053066, 3542468.786879635)",1.0270271026538165
1154,8,12.0,3.28571428571429,"(-10875684.654053066, 3542468.786879635)",1.0270271026538165
1154,9,12.0,3.85714285714286,"(-10875684.654053066, 3542468.786879635)",1.0270271026538165
1154,10,12.0,4.42857142857143,"(-10875684.654053066, 3542468.786879635)",1.0270271026538165
1154,11,12.0,4.0,"(-10875684.654053066, 3542468.786879635)",1.0270271026538165
1154,12,12.0,2.57142857142857,"(-10875684.654053066, 3542468.786879635)",1.0270271026538165
1154,13,12.0,2.57142857142857,"(-10875684.654053066, 3542468.786879635)",1.0270271026538165
1154,14,12.0,3.0,"(-10875684.654053066, 3542468.786879635)",1.0270271026538165
1154,15,12.0,2.85714285714286,"(-10875684.654053066, 3542468.786879635)",1.0270271026538165
1154,16,12.0,5.0,"(-10875684.654053066, 3542468.786879635)",1.0270271026538165
1154,17,12.0,6.14285714285714,"(-10875684.654053066, 3542468.786879635)",1.0270271026538165
1154,18,12.0,6.14285714285714,"(-10875684.654053066, 3542468.786879635)",1.0270271026538165
1154,19,12.0,5.71428571428571,"(-10875684.654053066, 3542468.786879635)",1.0270271026538165
1154,20,12.0,5.14285714285714,"(-10875684.654053066, 3542468.786879635)",1.0270271026538165
1154,21,12.0,3.85714285714286,"(-10875684.654053066, 3542468.786879635)",1.0270271026538165
1154,22,12.0,2.42857142857143,"(-10875684.654053066, 3542468.786879635)",1.0270271026538165
1154,23,12.0,0.714285714285714,"(-10875684.654053066, 3542468.786879635)",1.0270271026538165
1155,0,8.0,0.714285714285714,"(-10875128.056599101, 3547320.906907042)",1.0241178054171889
1155,1,8.0,0.571428571428571,"(-10875128.056599101, 3547320.906907042)",1.0241178054171889
1155,2,8.0,1.28571428571429,"(-10875128.056599101, 3547320.906907042)",1.0241178054171889
1155,3,8.0,1.42857142857143,"(-10875128.056599101, 3547320.906907042)",1.0241178054171889
1155,4,8.0,1.57142857142857,"(-10875128.056599101, 3547320.906907042)",1.0241178054171889
1155,5,8.0,1.42857142857143,"(-10875128.056599101, 3547320.906907042)",1.0241178054171889
1155,6,8.0,1.71428571428571,"(-10875128.056599101, 3547320.906907042)",1.0241178054171889
1155,7,8.0,2.14285714285714,"(-10875128.056599101, 3547320.906907042)",1.0241178054171889
1155,8,8.0,2.42857142857143,"(-10875128.056599101, 3547320.906907042)",1.0241178054171889
1155,9,8.0,3.28571428571429,"(-10875128.056599101, 3547320.906907042)",1.0241178054171889
1155,10,8.0,3.0,"(-10875128.056599101, 3547320.906907042)",1.0241178054171889
1155,11,8.0,2.0,"(-10875128.056599101, 3547320.906907042)",1.0241178054171889
1155,12,8.0,2.14285714285714,"(-10875128.056599101, 3547320.906907042)",1.0241178054171889
1155,13,8.0,2.28571428571429,"(-10875128.056599101, 3547320.906907042)",1.0241178054171889
1155,14,8.0,3.14285714285714,"(-10875128.056599101, 3547320.906907042)",1.0241178054171889
1155,15,8.0,3.0,"(-10875128.056599101, 3547320.906907042)",1.0241178054171889
1155,16,8.0,2.28571428571429,"(-10875128.056599101, 3547320.906907042)",1.0241178054171889
1155,17,8.0,1.57142857142857,"(-10875128.056599101, 3547320.906907042)",1.0241178054171889
1155,18,8.0,1.28571428571429,"(-10875128.056599101, 3547320.906907042)",1.0241178054171889
1155,19,8.0,1.28571428571429,"(-10875128.056599101, 3547320.906907042)",1.0241178054171889
1155,20,8.0,2.57142857142857,"(-10875128.056599101, 3547320.906907042)",1.0241178054171889
1155,21,8.0,2.57142857142857,"(-10875128.056599101, 3547320.906907042)",1.0241178054171889
1155,22,8.0,2.57142857142857,"(-10875128.056599101, 3547320.906907042)",1.0241178054171889
1155,23,8.0,2.14285714285714,"(-10875128.056599101, 3547320.906907042)",1.0241178054171889
1156,0,8.0,1.85714285714286,"(-10876616.954788461, 3545950.5180578455)",1.0241178054171889
1156,1,8.0,2.42857142857143,"(-10876616.954788461, 3545950.5180578455)",1.0241178054171889
1156,2,8.0,2.85714285714286,"(-10876616.954788461, 3545950.5180578455)",1.0241178054171889
1156,3,8.0,2.42857142857143,"(-10876616.954788461, 3545950.5180578455)",1.0241178054171889
1156,4,8.0,2.0,"(-10876616.954788461, 3545950.5180578455)",1.0241178054171889
1156,5,8.0,1.28571428571429,"(-10876616.954788461, 3545950.5180578455)",1.0241178054171889
1156,6,8.0,0.714285714285714,"(-10876616.954788461, 3545950.5180578455)",1.0241178054171889
1156,7,8.0,0.857142857142857,"(-10876616.954788461, 3545950.5180578455)",1.0241178054171889
1156,8,8.0,0.428571428571429,"(-10876616.954788461, 3545950.5180578455)",1.0241178054171889
1156,9,8.0,0.571428571428571,"(-10876616.954788461, 3545950.5180578455)",1.0241178054171889
1156,10,8.0,0.857142857142857,"(-10876616.954788461, 3545950.5180578455)",1.0241178054171889
1156,11,8.0,1.0,"(-10876616.954788461, 3545950.5180578455)",1.0241178054171889
1156,12,8.0,1.42857142857143,"(-10876616.954788461, 3545950.5180578455)",1.0241178054171889
1156,13,8.0,2.14285714285714,"(-10876616.954788461, 3545950.5180578455)",1.0241178054171889
1156,14,8.0,2.57142857142857,"(-10876616.954788461, 3545950.5180578455)",1.0241178054171889
1156,15,8.0,2.85714285714286,"(-10876616.954788461, 3545950.5180578455)",1.0241178054171889
1156,16,8.0,3.42857142857143,"(-10876616.954788461, 3545950.5180578455)",1.0241178054171889
1156,17,8.0,3.57142857142857,"(-10876616.954788461, 3545950.5180578455)",1.0241178054171889
1156,18,8.0,4.0,"(-10876616.954788461, 3545950.5180578455)",1.0241178054171889
1156,19,8.0,3.42857142857143,"(-10876616.954788461, 3545950.5180578455)",1.0241178054171889
1156,20,8.0,3.85714285714286,"(-10876616.954788461, 3545950.5180578455)",1.0241178054171889
1156,21,8.0,3.42857142857143,"(-10876616.954788461, 3545950.5180578455)",1.0241178054171889
1156,22,8.0,3.14285714285714,"(-10876616.954788461, 3545950.5180578455)",1.0241178054171889
1156,23,8.0,2.57142857142857,"(-10876616.954788461, 3545950.5180578455)",1.0241178054171889
1157,0,2.0,0.285714285714286,"(-10866959.988962144, 3551142.6592740566)",1.027270681743056
1157,1,2.0,0.285714285714286,"(-10866959.988962144, 3551142.6592740566)",1.027270681743056
1157,2,2.0,0.0,"(-10866959.988962144, 3551142.6592740566)",1.027270681743056
1157,3,2.0,0.0,"(-10866959.988962144, 3551142.6592740566)",1.027270681743056
1157,4,2.0,0.142857142857143,"(-10866959.988962144, 3551142.6592740566)",1.027270681743056
1157,5,2.0,0.142857142857143,"(-10866959.988962144, 3551142.6592740566)",1.027270681743056
1157,6,2.0,0.142857142857143,"(-10866959.988962144, 3551142.6592740566)",1.027270681743056
1157,7,2.0,0.428571428571429,"(-10866959.988962144, 3551142.6592740566)",1.027270681743056
1157,8,2.0,0.571428571428571,"(-10866959.988962144, 3551142.6592740566)",1.027270681743056
1157,9,2.0,0.714285714285714,"(-10866959.988962144, 3551142.6592740566)",1.027270681743056
1157,10,2.0,0.285714285714286,"(-10866959.988962144, 3551142.6592740566)",1.027270681743056
1157,11,2.0,0.285714285714286,"(-10866959.988962144, 3551142.6592740566)",1.027270681743056
1157,12,2.0,0.142857142857143,"(-10866959.988962144, 3551142.6592740566)",1.027270681743056
1157,13,2.0,0.142857142857143,"(-10866959.988962144, 3551142.6592740566)",1.027270681743056
1157,14,2.0,0.142857142857143,"(-10866959.988962144, 3551142.6592740566)",1.027270681743056
1157,15,2.0,0.428571428571429,"(-10866959.988962144, 3551142.6592740566)",1.027270681743056
1157,16,2.0,0.571428571428571,"(-10866959.988962144, 3551142.6592740566)",1.027270681743056
1157,17,2.0,0.142857142857143,"(-10866959.988962144, 3551142.6592740566)",1.027270681743056
1157,18,2.0,0.142857142857143,"(-10866959.988962144, 3551142.6592740566)",1.027270681743056
1157,19,2.0,0.285714285714286,"(-10866959.988962144, 3551142.6592740566)",1.027270681743056
1157,20,2.0,0.142857142857143,"(-10866959.988962144, 3551142.6592740566)",1.027270681743056
1157,21,2.0,0.285714285714286,"(-10866959.988962144, 3551142.6592740566)",1.027270681743056
1157,22,2.0,0.285714285714286,"(-10866959.988962144, 3551142.6592740566)",1.027270681743056
1157,23,2.0,0.571428571428571,"(-10866959.988962144, 3551142.6592740566)",1.027270681743056
1158,0,6.0,0.571428571428571,"(-10873750.477900533, 3546966.2037644177)",1.0241178054171889
1158,1,6.0,1.14285714285714,"(-10873750.477900533, 3546966.2037644177)",1.0241178054171889
1158,2,6.0,0.857142857142857,"(-10873750.477900533, 3546966.2037644177)",1.0241178054171889
1158,3,6.0,0.714285714285714,"(-10873750.477900533, 3546966.2037644177)",1.0241178054171889
1158,4,6.0,0.428571428571429,"(-10873750.477900533, 3546966.2037644177)",1.0241178054171889
1158,5,6.0,0.0,"(-10873750.477900533, 3546966.2037644177)",1.0241178054171889
1158,6,6.0,0.571428571428571,"(-10873750.477900533, 3546966.2037644177)",1.0241178054171889
1158,7,6.0,0.857142857142857,"(-10873750.477900533, 3546966.2037644177)",1.0241178054171889
1158,8,6.0,1.14285714285714,"(-10873750.477900533, 3546966.2037644177)",1.0241178054171889
1158,9,6.0,0.714285714285714,"(-10873750.477900533, 3546966.2037644177)",1.0241178054171889
1158,10,6.0,1.14285714285714,"(-10873750.477900533, 3546966.2037644177)",1.0241178054171889
1158,11,6.0,1.28571428571429,"(-10873750.477900533, 3546966.2037644177)",1.0241178054171889
1158,12,6.0,1.14285714285714,"(-10873750.477900533, 3546966.2037644177)",1.0241178054171889
1158,13,6.0,1.28571428571429,"(-10873750.477900533, 3546966.2037644177)",1.0241178054171889
1158,14,6.0,1.42857142857143,"(-10873750.477900533, 3546966.2037644177)",1.0241178054171889
1158,15,6.0,1.57142857142857,"(-10873750.477900533, 3546966.2037644177)",1.0241178054171889
1158,16,6.0,1.28571428571429,"(-10873750.477900533, 3546966.2037644177)",1.0241178054171889
1158,17,6.0,1.14285714285714,"(-10873750.477900533, 3546966.2037644177)",1.0241178054171889
1158,18,6.0,0.285714285714286,"(-10873750.477900533, 3546966.2037644177)",1.0241178054171889
1158,19,6.0,0.0,"(-10873750.477900533, 3546966.2037644177)",1.0241178054171889
1158,20,6.0,0.714285714285714,"(-10873750.477900533, 3546966.2037644177)",1.0241178054171889
1158,21,6.0,1.42857142857143,"(-10873750.477900533, 3546966.2037644177)",1.0241178054171889
1158,22,6.0,0.857142857142857,"(-10873750.477900533, 3546966.2037644177)",1.0241178054171889
1158,23,6.0,0.571428571428571,"(-10873750.477900533, 3546966.2037644177)",1.0241178054171889
1159,0,3.0,0.142857142857143,"(-10876978.74313354, 3545934.3967210394)",1.0241178054171889
1159,1,3.0,0.0,"(-10876978.74313354, 3545934.3967210394)",1.0241178054171889
1159,2,3.0,0.0,"(-10876978.74313354, 3545934.3967210394)",1.0241178054171889
1159,3,3.0,0.142857142857143,"(-10876978.74313354, 3545934.3967210394)",1.0241178054171889
1159,4,3.0,0.428571428571429,"(-10876978.74313354, 3545934.3967210394)",1.0241178054171889
1159,5,3.0,0.428571428571429,"(-10876978.74313354, 3545934.3967210394)",1.0241178054171889
1159,6,3.0,0.285714285714286,"(-10876978.74313354, 3545934.3967210394)",1.0241178054171889
1159,7,3.0,0.285714285714286,"(-10876978.74313354, 3545934.3967210394)",1.0241178054171889
1159,8,3.0,0.428571428571429,"(-10876978.74313354, 3545934.3967210394)",1.0241178054171889
1159,9,3.0,0.428571428571429,"(-10876978.74313354, 3545934.3967210394)",1.0241178054171889
1159,10,3.0,0.428571428571429,"(-10876978.74313354, 3545934.3967210394)",1.0241178054171889
1159,11,3.0,0.285714285714286,"(-10876978.74313354, 3545934.3967210394)",1.0241178054171889
1159,12,3.0,0.285714285714286,"(-10876978.74313354, 3545934.3967210394)",1.0241178054171889
1159,13,3.0,0.142857142857143,"(-10876978.74313354, 3545934.3967210394)",1.0241178054171889
1159,14,3.0,0.0,"(-10876978.74313354, 3545934.3967210394)",1.0241178054171889
1159,15,3.0,0.428571428571429,"(-10876978.74313354, 3545934.3967210394)",1.0241178054171889
1159,16,3.0,0.285714285714286,"(-10876978.74313354, 3545934.3967210394)",1.0241178054171889
1159,17,3.0,0.0,"(-10876978.74313354, 3545934.3967210394)",1.0241178054171889
1159,18,3.0,0.142857142857143,"(-10876978.74313354, 3545934.3967210394)",1.0241178054171889
1159,19,3.0,0.0,"(-10876978.74313354, 3545934.3967210394)",1.0241178054171889
1159,20,3.0,0.0,"(-10876978.74313354, 3545934.3967210394)",1.0241178054171889
1159,21,3.0,0.0,"(-10876978.74313354, 3545934.3967210394)",1.0241178054171889
1159,22,3.0,0.428571428571429,"(-10876978.74313354, 3545934.3967210394)",1.0241178054171889
1159,23,3.0,0.285714285714286,"(-10876978.74313354, 3545934.3967210394)",1.0241178054171889
1160,0,2.0,0.857142857142857,"(-10878258.917277662, 3542065.8706617476)",1.0270271026538165
1160,1,2.0,0.714285714285714,"(-10878258.917277662, 3542065.8706617476)",1.0270271026538165
1160,2,2.0,0.428571428571429,"(-10878258.917277662, 3542065.8706617476)",1.0270271026538165
1160,3,2.0,0.714285714285714,"(-10878258.917277662, 3542065.8706617476)",1.0270271026538165
1160,4,2.0,0.285714285714286,"(-10878258.917277662, 3542065.8706617476)",1.0270271026538165
1160,5,2.0,0.142857142857143,"(-10878258.917277662, 3542065.8706617476)",1.0270271026538165
1160,6,2.0,0.0,"(-10878258.917277662, 3542065.8706617476)",1.0270271026538165
1160,7,2.0,0.142857142857143,"(-10878258.917277662, 3542065.8706617476)",1.0270271026538165
1160,8,2.0,0.285714285714286,"(-10878258.917277662, 3542065.8706617476)",1.0270271026538165
1160,9,2.0,0.142857142857143,"(-10878258.917277662, 3542065.8706617476)",1.0270271026538165
1160,10,2.0,0.142857142857143,"(-10878258.917277662, 3542065.8706617476)",1.0270271026538165
1160,11,2.0,0.0,"(-10878258.917277662, 3542065.8706617476)",1.0270271026538165
1160,12,2.0,0.142857142857143,"(-10878258.917277662, 3542065.8706617476)",1.0270271026538165
1160,13,2.0,0.142857142857143,"(-10878258.917277662, 3542065.8706617476)",1.0270271026538165
1160,14,2.0,0.142857142857143,"(-10878258.917277662, 3542065.8706617476)",1.0270271026538165
1160,15,2.0,0.0,"(-10878258.917277662, 3542065.8706617476)",1.0270271026538165
1160,16,2.0,0.142857142857143,"(-10878258.917277662, 3542065.8706617476)",1.0270271026538165
1160,17,2.0,0.0,"(-10878258.917277662, 3542065.8706617476)",1.0270271026538165
1160,18,2.0,0.142857142857143,"(-10878258.917277662, 3542065.8706617476)",1.0270271026538165
1160,19,2.0,0.285714285714286,"(-10878258.917277662, 3542065.8706617476)",1.0270271026538165
1160,20,2.0,0.142857142857143,"(-10878258.917277662, 3542065.8706617476)",1.0270271026538165
1160,21,2.0,0.142857142857143,"(-10878258.917277662, 3542065.8706617476)",1.0270271026538165
1160,22,2.0,0.285714285714286,"(-10878258.917277662, 3542065.8706617476)",1.0270271026538165
1160,23,2.0,0.571428571428571,"(-10878258.917277662, 3542065.8706617476)",1.0270271026538165
1161,0,24.0,6.28571428571429,"(-10877243.126924174, 3545450.766184356)",1.0241178054171889
1161,1,24.0,4.71428571428571,"(-10877243.126924174, 3545450.766184356)",1.0241178054171889
1161,2,24.0,4.14285714285714,"(-10877243.126924174, 3545450.766184356)",1.0241178054171889
1161,3,24.0,4.42857142857143,"(-10877243.126924174, 3545450.766184356)",1.0241178054171889
1161,4,24.0,5.42857142857143,"(-10877243.126924174, 3545450.766184356)",1.0241178054171889
1161,5,24.0,5.57142857142857,"(-10877243.126924174, 3545450.766184356)",1.0241178054171889
1161,6,24.0,5.85714285714286,"(-10877243.126924174, 3545450.766184356)",1.0241178054171889
1161,7,24.0,3.42857142857143,"(-10877243.126924174, 3545450.766184356)",1.0241178054171889
1161,8,24.0,3.28571428571429,"(-10877243.126924174, 3545450.766184356)",1.0241178054171889
1161,9,24.0,2.42857142857143,"(-10877243.126924174, 3545450.766184356)",1.0241178054171889
1161,10,24.0,5.0,"(-10877243.126924174, 3545450.766184356)",1.0241178054171889
1161,11,24.0,4.14285714285714,"(-10877243.126924174, 3545450.766184356)",1.0241178054171889
1161,12,24.0,6.71428571428571,"(-10877243.126924174, 3545450.766184356)",1.0241178054171889
1161,13,24.0,5.57142857142857,"(-10877243.126924174, 3545450.766184356)",1.0241178054171889
1161,14,24.0,5.85714285714286,"(-10877243.126924174, 3545450.766184356)",1.0241178054171889
1161,15,24.0,6.57142857142857,"(-10877243.126924174, 3545450.766184356)",1.0241178054171889
1161,16,24.0,5.85714285714286,"(-10877243.126924174, 3545450.766184356)",1.0241178054171889
1161,17,24.0,8.57142857142857,"(-10877243.126924174, 3545450.766184356)",1.0241178054171889
1161,18,24.0,6.85714285714286,"(-10877243.126924174, 3545450.766184356)",1.0241178054171889
1161,19,24.0,8.0,"(-10877243.126924174, 3545450.766184356)",1.0241178054171889
1161,20,24.0,5.71428571428571,"(-10877243.126924174, 3545450.766184356)",1.0241178054171889
1161,21,24.0,6.42857142857143,"(-10877243.126924174, 3545450.766184356)",1.0241178054171889
1161,22,24.0,5.0,"(-10877243.126924174, 3545450.766184356)",1.0241178054171889
1161,23,24.0,6.42857142857143,"(-10877243.126924174, 3545450.766184356)",1.0241178054171889
1162,0,20.0,3.42857142857143,"(-10876909.168451793, 3545515.2491860623)",1.0241178054171889
1162,1,20.0,7.0,"(-10876909.168451793, 3545515.2491860623)",1.0241178054171889
1162,2,20.0,5.28571428571429,"(-10876909.168451793, 3545515.2491860623)",1.0241178054171889
1162,3,20.0,2.57142857142857,"(-10876909.168451793, 3545515.2491860623)",1.0241178054171889
1162,4,20.0,3.0,"(-10876909.168451793, 3545515.2491860623)",1.0241178054171889
1162,5,20.0,3.28571428571429,"(-10876909.168451793, 3545515.2491860623)",1.0241178054171889
1162,6,20.0,5.0,"(-10876909.168451793, 3545515.2491860623)",1.0241178054171889
1162,7,20.0,3.85714285714286,"(-10876909.168451793, 3545515.2491860623)",1.0241178054171889
1162,8,20.0,3.42857142857143,"(-10876909.168451793, 3545515.2491860623)",1.0241178054171889
1162,9,20.0,4.71428571428571,"(-10876909.168451793, 3545515.2491860623)",1.0241178054171889
1162,10,20.0,5.28571428571429,"(-10876909.168451793, 3545515.2491860623)",1.0241178054171889
1162,11,20.0,3.71428571428571,"(-10876909.168451793, 3545515.2491860623)",1.0241178054171889
1162,12,20.0,3.57142857142857,"(-10876909.168451793, 3545515.2491860623)",1.0241178054171889
1162,13,20.0,2.71428571428571,"(-10876909.168451793, 3545515.2491860623)",1.0241178054171889
1162,14,20.0,3.42857142857143,"(-10876909.168451793, 3545515.2491860623)",1.0241178054171889
1162,15,20.0,3.42857142857143,"(-10876909.168451793, 3545515.2491860623)",1.0241178054171889
1162,16,20.0,4.85714285714286,"(-10876909.168451793, 3545515.2491860623)",1.0241178054171889
1162,17,20.0,4.42857142857143,"(-10876909.168451793, 3545515.2491860623)",1.0241178054171889
1162,18,20.0,3.42857142857143,"(-10876909.168451793, 3545515.2491860623)",1.0241178054171889
1162,19,20.0,2.28571428571429,"(-10876909.168451793, 3545515.2491860623)",1.0241178054171889
1162,20,20.0,3.14285714285714,"(-10876909.168451793, 3545515.2491860623)",1.0241178054171889
1162,21,20.0,2.14285714285714,"(-10876909.168451793, 3545515.2491860623)",1.0241178054171889
1162,22,20.0,2.42857142857143,"(-10876909.168451793, 3545515.2491860623)",1.0241178054171889
1162,23,20.0,2.85714285714286,"(-10876909.168451793, 3545515.2491860623)",1.0241178054171889
1163,0,11.0,2.42857142857143,"(-10879065.983585913, 3537473.53288019)",1.0255647935057728
1163,1,11.0,1.85714285714286,"(-10879065.983585913, 3537473.53288019)",1.0255647935057728
1163,2,11.0,2.28571428571429,"(-10879065.983585913, 3537473.53288019)",1.0255647935057728
1163,3,11.0,3.0,"(-10879065.983585913, 3537473.53288019)",1.0255647935057728
1163,4,11.0,3.57142857142857,"(-10879065.983585913, 3537473.53288019)",1.0255647935057728
1163,5,11.0,4.28571428571429,"(-10879065.983585913, 3537473.53288019)",1.0255647935057728
1163,6,11.0,2.42857142857143,"(-10879065.983585913, 3537473.53288019)",1.0255647935057728
1163,7,11.0,1.42857142857143,"(-10879065.983585913, 3537473.53288019)",1.0255647935057728
1163,8,11.0,0.714285714285714,"(-10879065.983585913, 3537473.53288019)",1.0255647935057728
1163,9,11.0,1.0,"(-10879065.983585913, 3537473.53288019)",1.0255647935057728
1163,10,11.0,0.571428571428571,"(-10879065.983585913, 3537473.53288019)",1.0255647935057728
1163,11,11.0,0.571428571428571,"(-10879065.983585913, 3537473.53288019)",1.0255647935057728
1163,12,11.0,1.57142857142857,"(-10879065.983585913, 3537473.53288019)",1.0255647935057728
1163,13,11.0,2.0,"(-10879065.983585913, 3537473.53288019)",1.0255647935057728
1163,14,11.0,1.57142857142857,"(-10879065.983585913, 3537473.53288019)",1.0255647935057728
1163,15,11.0,1.85714285714286,"(-10879065.983585913, 3537473.53288019)",1.0255647935057728
1163,16,11.0,2.28571428571429,"(-10879065.983585913, 3537473.53288019)",1.0255647935057728
1163,17,11.0,1.85714285714286,"(-10879065.983585913, 3537473.53288019)",1.0255647935057728
1163,18,11.0,2.71428571428571,"(-10879065.983585913, 3537473.53288019)",1.0255647935057728
1163,19,11.0,2.85714285714286,"(-10879065.983585913, 3537473.53288019)",1.0255647935057728
1163,20,11.0,3.0,"(-10879065.983585913, 3537473.53288019)",1.0255647935057728
1163,21,11.0,1.28571428571429,"(-10879065.983585913, 3537473.53288019)",1.0255647935057728
1163,22,11.0,1.14285714285714,"(-10879065.983585913, 3537473.53288019)",1.0255647935057728
1163,23,11.0,1.14285714285714,"(-10879065.983585913, 3537473.53288019)",1.0255647935057728
1164,0,2.0,0.0,"(-10877103.977560682, 3544548.0387186706)",1.0270271026538165
1164,1,2.0,0.142857142857143,"(-10877103.977560682, 3544548.0387186706)",1.0270271026538165
1164,2,2.0,0.142857142857143,"(-10877103.977560682, 3544548.0387186706)",1.0270271026538165
1164,3,2.0,0.142857142857143,"(-10877103.977560682, 3544548.0387186706)",1.0270271026538165
1164,4,2.0,0.285714285714286,"(-10877103.977560682, 3544548.0387186706)",1.0270271026538165
1164,5,2.0,0.285714285714286,"(-10877103.977560682, 3544548.0387186706)",1.0270271026538165
1164,6,2.0,0.142857142857143,"(-10877103.977560682, 3544548.0387186706)",1.0270271026538165
1164,7,2.0,0.285714285714286,"(-10877103.977560682, 3544548.0387186706)",1.0270271026538165
1164,8,2.0,0.428571428571429,"(-10877103.977560682, 3544548.0387186706)",1.0270271026538165
1164,9,2.0,0.285714285714286,"(-10877103.977560682, 3544548.0387186706)",1.0270271026538165
1164,10,2.0,0.285714285714286,"(-10877103.977560682, 3544548.0387186706)",1.0270271026538165
1164,11,2.0,0.285714285714286,"(-10877103.977560682, 3544548.0387186706)",1.0270271026538165
1164,12,2.0,0.285714285714286,"(-10877103.977560682, 3544548.0387186706)",1.0270271026538165
1164,13,2.0,0.571428571428571,"(-10877103.977560682, 3544548.0387186706)",1.0270271026538165
1164,14,2.0,0.714285714285714,"(-10877103.977560682, 3544548.0387186706)",1.0270271026538165
1164,15,2.0,0.285714285714286,"(-10877103.977560682, 3544548.0387186706)",1.0270271026538165
1164,16,2.0,0.0,"(-10877103.977560682, 3544548.0387186706)",1.0270271026538165
1164,17,2.0,0.0,"(-10877103.977560682, 3544548.0387186706)",1.0270271026538165
1164,18,2.0,0.285714285714286,"(-10877103.977560682, 3544548.0387186706)",1.0270271026538165
1164,19,2.0,0.142857142857143,"(-10877103.977560682, 3544548.0387186706)",1.0270271026538165
1164,20,2.0,0.142857142857143,"(-10877103.977560682, 3544548.0387186706)",1.0270271026538165
1164,21,2.0,0.285714285714286,"(-10877103.977560682, 3544548.0387186706)",1.0270271026538165
1164,22,2.0,0.142857142857143,"(-10877103.977560682, 3544548.0387186706)",1.0270271026538165
1164,23,2.0,0.0,"(-10877103.977560682, 3544548.0387186706)",1.0270271026538165
1165,0,2.0,0.285714285714286,"(-10878091.938041471, 3537215.7668386092)",1.0255647935057728
1165,1,2.0,0.285714285714286,"(-10878091.938041471, 3537215.7668386092)",1.0255647935057728
1165,2,2.0,0.428571428571429,"(-10878091.938041471, 3537215.7668386092)",1.0255647935057728
1165,3,2.0,0.714285714285714,"(-10878091.938041471, 3537215.7668386092)",1.0255647935057728
1165,4,2.0,0.285714285714286,"(-10878091.938041471, 3537215.7668386092)",1.0255647935057728
1165,5,2.0,0.142857142857143,"(-10878091.938041471, 3537215.7668386092)",1.0255647935057728
1165,6,2.0,0.285714285714286,"(-10878091.938041471, 3537215.7668386092)",1.0255647935057728
1165,7,2.0,0.285714285714286,"(-10878091.938041471, 3537215.7668386092)",1.0255647935057728
1165,8,2.0,0.428571428571429,"(-10878091.938041471, 3537215.7668386092)",1.0255647935057728
1165,9,2.0,0.285714285714286,"(-10878091.938041471, 3537215.7668386092)",1.0255647935057728
1165,10,2.0,0.571428571428571,"(-10878091.938041471, 3537215.7668386092)",1.0255647935057728
1165,11,2.0,0.428571428571429,"(-10878091.938041471, 3537215.7668386092)",1.0255647935057728
1165,12,2.0,0.285714285714286,"(-10878091.938041471, 3537215.7668386092)",1.0255647935057728
1165,13,2.0,0.285714285714286,"(-10878091.938041471, 3537215.7668386092)",1.0255647935057728
1165,14,2.0,0.285714285714286,"(-10878091.938041471, 3537215.7668386092)",1.0255647935057728
1165,15,2.0,0.0,"(-10878091.938041471, 3537215.7668386092)",1.0255647935057728
1165,16,2.0,0.142857142857143,"(-10878091.938041471, 3537215.7668386092)",1.0255647935057728
1165,17,2.0,0.571428571428571,"(-10878091.938041471, 3537215.7668386092)",1.0255647935057728
1165,18,2.0,0.285714285714286,"(-10878091.938041471, 3537215.7668386092)",1.0255647935057728
1165,19,2.0,0.285714285714286,"(-10878091.938041471, 3537215.7668386092)",1.0255647935057728
1165,20,2.0,0.142857142857143,"(-10878091.938041471, 3537215.7668386092)",1.0255647935057728
1165,21,2.0,0.285714285714286,"(-10878091.938041471, 3537215.7668386092)",1.0255647935057728
1165,22,2.0,0.285714285714286,"(-10878091.938041471, 3537215.7668386092)",1.0255647935057728
1165,23,2.0,0.428571428571429,"(-10878091.938041471, 3537215.7668386092)",1.0255647935057728
1166,0,2.0,0.0,"(-10880666.201266065, 3538005.191922838)",1.0244001332610029
1166,1,2.0,0.142857142857143,"(-10880666.201266065, 3538005.191922838)",1.0244001332610029
1166,2,2.0,0.0,"(-10880666.201266065, 3538005.191922838)",1.0244001332610029
1166,3,2.0,0.142857142857143,"(-10880666.201266065, 3538005.191922838)",1.0244001332610029
1166,4,2.0,0.428571428571429,"(-10880666.201266065, 3538005.191922838)",1.0244001332610029
1166,5,2.0,0.142857142857143,"(-10880666.201266065, 3538005.191922838)",1.0244001332610029
1166,6,2.0,0.0,"(-10880666.201266065, 3538005.191922838)",1.0244001332610029
1166,7,2.0,0.0,"(-10880666.201266065, 3538005.191922838)",1.0244001332610029
1166,8,2.0,0.142857142857143,"(-10880666.201266065, 3538005.191922838)",1.0244001332610029
1166,9,2.0,0.142857142857143,"(-10880666.201266065, 3538005.191922838)",1.0244001332610029
1166,10,2.0,0.142857142857143,"(-10880666.201266065, 3538005.191922838)",1.0244001332610029
1166,11,2.0,0.571428571428571,"(-10880666.201266065, 3538005.191922838)",1.0244001332610029
1166,12,2.0,0.285714285714286,"(-10880666.201266065, 3538005.191922838)",1.0244001332610029
1166,13,2.0,0.285714285714286,"(-10880666.201266065, 3538005.191922838)",1.0244001332610029
1166,14,2.0,0.142857142857143,"(-10880666.201266065, 3538005.191922838)",1.0244001332610029
1166,15,2.0,0.0,"(-10880666.201266065, 3538005.191922838)",1.0244001332610029
1166,16,2.0,0.142857142857143,"(-10880666.201266065, 3538005.191922838)",1.0244001332610029
1166,17,2.0,0.0,"(-10880666.201266065, 3538005.191922838)",1.0244001332610029
1166,18,2.0,0.0,"(-10880666.201266065, 3538005.191922838)",1.0244001332610029
1166,19,2.0,0.285714285714286,"(-10880666.201266065, 3538005.191922838)",1.0244001332610029
1166,20,2.0,0.142857142857143,"(-10880666.201266065, 3538005.191922838)",1.0244001332610029
1166,21,2.0,0.142857142857143,"(-10880666.201266065, 3538005.191922838)",1.0244001332610029
1166,22,2.0,0.142857142857143,"(-10880666.201266065, 3538005.191922838)",1.0244001332610029
1166,23,2.0,0.142857142857143,"(-10880666.201266065, 3538005.191922838)",1.0244001332610029
1167,0,0.0,0.0,"(-10876477.805424968, 3546547.0219860943)",1.0241178054171889
1167,1,0.0,0.0,"(-10876477.805424968, 3546547.0219860943)",1.0241178054171889
1167,2,0.0,0.0,"(-10876477.805424968, 3546547.0219860943)",1.0241178054171889
1167,3,0.0,0.0,"(-10876477.805424968, 3546547.0219860943)",1.0241178054171889
1167,4,0.0,0.0,"(-10876477.805424968, 3546547.0219860943)",1.0241178054171889
1167,5,0.0,0.0,"(-10876477.805424968, 3546547.0219860943)",1.0241178054171889
1167,6,0.0,0.0,"(-10876477.805424968, 3546547.0219860943)",1.0241178054171889
1167,7,0.0,0.0,"(-10876477.805424968, 3546547.0219860943)",1.0241178054171889
1167,8,0.0,0.0,"(-10876477.805424968, 3546547.0219860943)",1.0241178054171889
1167,9,0.0,0.0,"(-10876477.805424968, 3546547.0219860943)",1.0241178054171889
1167,10,0.0,0.0,"(-10876477.805424968, 3546547.0219860943)",1.0241178054171889
1167,11,0.0,0.0,"(-10876477.805424968, 3546547.0219860943)",1.0241178054171889
1167,12,0.0,0.0,"(-10876477.805424968, 3546547.0219860943)",1.0241178054171889
1167,13,0.0,0.0,"(-10876477.805424968, 3546547.0219860943)",1.0241178054171889
1167,14,0.0,0.0,"(-10876477.805424968, 3546547.0219860943)",1.0241178054171889
1167,15,0.0,0.0,"(-10876477.805424968, 3546547.0219860943)",1.0241178054171889
1167,16,0.0,0.0,"(-10876477.805424968, 3546547.0219860943)",1.0241178054171889
1167,17,0.0,0.0,"(-10876477.805424968, 3546547.0219860943)",1.0241178054171889
1167,18,0.0,0.0,"(-10876477.805424968, 3546547.0219860943)",1.0241178054171889
1167,19,0.0,0.0,"(-10876477.805424968, 3546547.0219860943)",1.0241178054171889
1167,20,0.0,0.0,"(-10876477.805424968, 3546547.0219860943)",1.0241178054171889
1167,21,0.0,0.0,"(-10876477.805424968, 3546547.0219860943)",1.0241178054171889
1167,22,0.0,0.0,"(-10876477.805424968, 3546547.0219860943)",1.0241178054171889
1167,23,0.0,0.0,"(-10876477.805424968, 3546547.0219860943)",1.0241178054171889
1168,0,8.0,1.14285714285714,"(-10902707.460443133, 3542936.1857821546)",1.0258981849530833
1168,1,8.0,1.0,"(-10902707.460443133, 3542936.1857821546)",1.0258981849530833
1168,2,8.0,1.42857142857143,"(-10902707.460443133, 3542936.1857821546)",1.0258981849530833
1168,3,8.0,1.42857142857143,"(-10902707.460443133, 3542936.1857821546)",1.0258981849530833
1168,4,8.0,1.57142857142857,"(-10902707.460443133, 3542936.1857821546)",1.0258981849530833
1168,5,8.0,1.71428571428571,"(-10902707.460443133, 3542936.1857821546)",1.0258981849530833
1168,6,8.0,2.0,"(-10902707.460443133, 3542936.1857821546)",1.0258981849530833
1168,7,8.0,2.14285714285714,"(-10902707.460443133, 3542936.1857821546)",1.0258981849530833
1168,8,8.0,2.0,"(-10902707.460443133, 3542936.1857821546)",1.0258981849530833
1168,9,8.0,2.71428571428571,"(-10902707.460443133, 3542936.1857821546)",1.0258981849530833
1168,10,8.0,2.57142857142857,"(-10902707.460443133, 3542936.1857821546)",1.0258981849530833
1168,11,8.0,2.42857142857143,"(-10902707.460443133, 3542936.1857821546)",1.0258981849530833
1168,12,8.0,2.42857142857143,"(-10902707.460443133, 3542936.1857821546)",1.0258981849530833
1168,13,8.0,3.57142857142857,"(-10902707.460443133, 3542936.1857821546)",1.0258981849530833
1168,14,8.0,3.28571428571429,"(-10902707.460443133, 3542936.1857821546)",1.0258981849530833
1168,15,8.0,3.28571428571429,"(-10902707.460443133, 3542936.1857821546)",1.0258981849530833
1168,16,8.0,4.28571428571429,"(-10902707.460443133, 3542936.1857821546)",1.0258981849530833
1168,17,8.0,3.85714285714286,"(-10902707.460443133, 3542936.1857821546)",1.0258981849530833
1168,18,8.0,2.85714285714286,"(-10902707.460443133, 3542936.1857821546)",1.0258981849530833
1168,19,8.0,2.28571428571429,"(-10902707.460443133, 3542936.1857821546)",1.0258981849530833
1168,20,8.0,2.42857142857143,"(-10902707.460443133, 3542936.1857821546)",1.0258981849530833
1168,21,8.0,1.0,"(-10902707.460443133, 3542936.1857821546)",1.0258981849530833
1168,22,8.0,1.42857142857143,"(-10902707.460443133, 3542936.1857821546)",1.0258981849530833
1168,23,8.0,1.14285714285714,"(-10902707.460443133, 3542936.1857821546)",1.0258981849530833
1169,0,6.0,1.14285714285714,"(-10880986.244802097, 3554223.4795899335)",1.0245154757722024
1169,1,6.0,0.428571428571429,"(-10880986.244802097, 3554223.4795899335)",1.0245154757722024
1169,2,6.0,0.857142857142857,"(-10880986.244802097, 3554223.4795899335)",1.0245154757722024
1169,3,6.0,1.28571428571429,"(-10880986.244802097, 3554223.4795899335)",1.0245154757722024
1169,4,6.0,1.28571428571429,"(-10880986.244802097, 3554223.4795899335)",1.0245154757722024
1169,5,6.0,1.57142857142857,"(-10880986.244802097, 3554223.4795899335)",1.0245154757722024
1169,6,6.0,1.0,"(-10880986.244802097, 3554223.4795899335)",1.0245154757722024
1169,7,6.0,1.28571428571429,"(-10880986.244802097, 3554223.4795899335)",1.0245154757722024
1169,8,6.0,1.57142857142857,"(-10880986.244802097, 3554223.4795899335)",1.0245154757722024
1169,9,6.0,1.14285714285714,"(-10880986.244802097, 3554223.4795899335)",1.0245154757722024
1169,10,6.0,1.0,"(-10880986.244802097, 3554223.4795899335)",1.0245154757722024
1169,11,6.0,0.428571428571429,"(-10880986.244802097, 3554223.4795899335)",1.0245154757722024
1169,12,6.0,0.857142857142857,"(-10880986.244802097, 3554223.4795899335)",1.0245154757722024
1169,13,6.0,0.571428571428571,"(-10880986.244802097, 3554223.4795899335)",1.0245154757722024
1169,14,6.0,1.0,"(-10880986.244802097, 3554223.4795899335)",1.0245154757722024
1169,15,6.0,1.28571428571429,"(-10880986.244802097, 3554223.4795899335)",1.0245154757722024
1169,16,6.0,1.42857142857143,"(-10880986.244802097, 3554223.4795899335)",1.0245154757722024
1169,17,6.0,1.14285714285714,"(-10880986.244802097, 3554223.4795899335)",1.0245154757722024
1169,18,6.0,1.0,"(-10880986.244802097, 3554223.4795899335)",1.0245154757722024
1169,19,6.0,0.857142857142857,"(-10880986.244802097, 3554223.4795899335)",1.0245154757722024
1169,20,6.0,1.85714285714286,"(-10880986.244802097, 3554223.4795899335)",1.0245154757722024
1169,21,6.0,2.0,"(-10880986.244802097, 3554223.4795899335)",1.0245154757722024
1169,22,6.0,1.42857142857143,"(-10880986.244802097, 3554223.4795899335)",1.0245154757722024
1169,23,6.0,1.57142857142857,"(-10880986.244802097, 3554223.4795899335)",1.0245154757722024
1170,0,4.0,1.28571428571429,"(-10895318.629241731, 3552884.6013293)",1.026178538245301
1170,1,4.0,1.0,"(-10895318.629241731, 3552884.6013293)",1.026178538245301
1170,2,4.0,1.0,"(-10895318.629241731, 3552884.6013293)",1.026178538245301
1170,3,4.0,0.857142857142857,"(-10895318.629241731, 3552884.6013293)",1.026178538245301
1170,4,4.0,0.571428571428571,"(-10895318.629241731, 3552884.6013293)",1.026178538245301
1170,5,4.0,0.285714285714286,"(-10895318.629241731, 3552884.6013293)",1.026178538245301
1170,6,4.0,0.142857142857143,"(-10895318.629241731, 3552884.6013293)",1.026178538245301
1170,7,4.0,0.571428571428571,"(-10895318.629241731, 3552884.6013293)",1.026178538245301
1170,8,4.0,0.857142857142857,"(-10895318.629241731, 3552884.6013293)",1.026178538245301
1170,9,4.0,0.857142857142857,"(-10895318.629241731, 3552884.6013293)",1.026178538245301
1170,10,4.0,0.857142857142857,"(-10895318.629241731, 3552884.6013293)",1.026178538245301
1170,11,4.0,0.857142857142857,"(-10895318.629241731, 3552884.6013293)",1.026178538245301
1170,12,4.0,0.714285714285714,"(-10895318.629241731, 3552884.6013293)",1.026178538245301
1170,13,4.0,0.571428571428571,"(-10895318.629241731, 3552884.6013293)",1.026178538245301
1170,14,4.0,0.428571428571429,"(-10895318.629241731, 3552884.6013293)",1.026178538245301
1170,15,4.0,0.571428571428571,"(-10895318.629241731, 3552884.6013293)",1.026178538245301
1170,16,4.0,0.857142857142857,"(-10895318.629241731, 3552884.6013293)",1.026178538245301
1170,17,4.0,1.14285714285714,"(-10895318.629241731, 3552884.6013293)",1.026178538245301
1170,18,4.0,1.14285714285714,"(-10895318.629241731, 3552884.6013293)",1.026178538245301
1170,19,4.0,1.28571428571429,"(-10895318.629241731, 3552884.6013293)",1.026178538245301
1170,20,4.0,0.857142857142857,"(-10895318.629241731, 3552884.6013293)",1.026178538245301
1170,21,4.0,0.857142857142857,"(-10895318.629241731, 3552884.6013293)",1.026178538245301
1170,22,4.0,0.857142857142857,"(-10895318.629241731, 3552884.6013293)",1.026178538245301
1170,23,4.0,1.28571428571429,"(-10895318.629241731, 3552884.6013293)",1.026178538245301
1171,0,18.0,1.57142857142857,"(-10880332.242793685, 3553691.137472009)",1.0245154757722024
1171,1,18.0,2.14285714285714,"(-10880332.242793685, 3553691.137472009)",1.0245154757722024
1171,2,18.0,3.14285714285714,"(-10880332.242793685, 3553691.137472009)",1.0245154757722024
1171,3,18.0,5.14285714285714,"(-10880332.242793685, 3553691.137472009)",1.0245154757722024
1171,4,18.0,7.0,"(-10880332.242793685, 3553691.137472009)",1.0245154757722024
1171,5,18.0,5.85714285714286,"(-10880332.242793685, 3553691.137472009)",1.0245154757722024
1171,6,18.0,5.0,"(-10880332.242793685, 3553691.137472009)",1.0245154757722024
1171,7,18.0,4.14285714285714,"(-10880332.242793685, 3553691.137472009)",1.0245154757722024
1171,8,18.0,2.42857142857143,"(-10880332.242793685, 3553691.137472009)",1.0245154757722024
1171,9,18.0,1.57142857142857,"(-10880332.242793685, 3553691.137472009)",1.0245154757722024
1171,10,18.0,2.0,"(-10880332.242793685, 3553691.137472009)",1.0245154757722024
1171,11,18.0,2.57142857142857,"(-10880332.242793685, 3553691.137472009)",1.0245154757722024
1171,12,18.0,3.28571428571429,"(-10880332.242793685, 3553691.137472009)",1.0245154757722024
1171,13,18.0,4.28571428571429,"(-10880332.242793685, 3553691.137472009)",1.0245154757722024
1171,14,18.0,4.14285714285714,"(-10880332.242793685, 3553691.137472009)",1.0245154757722024
1171,15,18.0,3.85714285714286,"(-10880332.242793685, 3553691.137472009)",1.0245154757722024
1171,16,18.0,4.85714285714286,"(-10880332.242793685, 3553691.137472009)",1.0245154757722024
1171,17,18.0,4.28571428571429,"(-10880332.242793685, 3553691.137472009)",1.0245154757722024
1171,18,18.0,4.71428571428571,"(-10880332.242793685, 3553691.137472009)",1.0245154757722024
1171,19,18.0,6.28571428571429,"(-10880332.242793685, 3553691.137472009)",1.0245154757722024
1171,20,18.0,5.0,"(-10880332.242793685, 3553691.137472009)",1.0245154757722024
1171,21,18.0,4.57142857142857,"(-10880332.242793685, 3553691.137472009)",1.0245154757722024
1171,22,18.0,4.57142857142857,"(-10880332.242793685, 3553691.137472009)",1.0245154757722024
1171,23,18.0,3.57142857142857,"(-10880332.242793685, 3553691.137472009)",1.0245154757722024
1172,0,2.0,0.428571428571429,"(-10879608.666103529, 3560016.1700858865)",1.0245318471806661
1172,1,2.0,0.428571428571429,"(-10879608.666103529, 3560016.1700858865)",1.0245318471806661
1172,2,2.0,0.428571428571429,"(-10879608.666103529, 3560016.1700858865)",1.0245318471806661
1172,3,2.0,0.571428571428571,"(-10879608.666103529, 3560016.1700858865)",1.0245318471806661
1172,4,2.0,0.285714285714286,"(-10879608.666103529, 3560016.1700858865)",1.0245318471806661
1172,5,2.0,0.285714285714286,"(-10879608.666103529, 3560016.1700858865)",1.0245318471806661
1172,6,2.0,0.142857142857143,"(-10879608.666103529, 3560016.1700858865)",1.0245318471806661
1172,7,2.0,0.285714285714286,"(-10879608.666103529, 3560016.1700858865)",1.0245318471806661
1172,8,2.0,0.142857142857143,"(-10879608.666103529, 3560016.1700858865)",1.0245318471806661
1172,9,2.0,0.142857142857143,"(-10879608.666103529, 3560016.1700858865)",1.0245318471806661
1172,10,2.0,0.428571428571429,"(-10879608.666103529, 3560016.1700858865)",1.0245318471806661
1172,11,2.0,0.714285714285714,"(-10879608.666103529, 3560016.1700858865)",1.0245318471806661
1172,12,2.0,0.714285714285714,"(-10879608.666103529, 3560016.1700858865)",1.0245318471806661
1172,13,2.0,1.0,"(-10879608.666103529, 3560016.1700858865)",1.0245318471806661
1172,14,2.0,0.714285714285714,"(-10879608.666103529, 3560016.1700858865)",1.0245318471806661
1172,15,2.0,0.571428571428571,"(-10879608.666103529, 3560016.1700858865)",1.0245318471806661
1172,16,2.0,0.714285714285714,"(-10879608.666103529, 3560016.1700858865)",1.0245318471806661
1172,17,2.0,0.571428571428571,"(-10879608.666103529, 3560016.1700858865)",1.0245318471806661
1172,18,2.0,0.714285714285714,"(-10879608.666103529, 3560016.1700858865)",1.0245318471806661
1172,19,2.0,0.285714285714286,"(-10879608.666103529, 3560016.1700858865)",1.0245318471806661
1172,20,2.0,0.428571428571429,"(-10879608.666103529, 3560016.1700858865)",1.0245318471806661
1172,21,2.0,0.714285714285714,"(-10879608.666103529, 3560016.1700858865)",1.0245318471806661
1172,22,2.0,0.428571428571429,"(-10879608.666103529, 3560016.1700858865)",1.0245318471806661
1172,23,2.0,0.571428571428571,"(-10879608.666103529, 3560016.1700858865)",1.0245318471806661
1173,0,2.0,0.285714285714286,"(-10892619.131589994, 3555594.7673690217)",1.026178538245301
1173,1,2.0,0.142857142857143,"(-10892619.131589994, 3555594.7673690217)",1.026178538245301
1173,2,2.0,0.142857142857143,"(-10892619.131589994, 3555594.7673690217)",1.026178538245301
1173,3,2.0,0.142857142857143,"(-10892619.131589994, 3555594.7673690217)",1.026178538245301
1173,4,2.0,0.285714285714286,"(-10892619.131589994, 3555594.7673690217)",1.026178538245301
1173,5,2.0,0.285714285714286,"(-10892619.131589994, 3555594.7673690217)",1.026178538245301
1173,6,2.0,0.285714285714286,"(-10892619.131589994, 3555594.7673690217)",1.026178538245301
1173,7,2.0,0.285714285714286,"(-10892619.131589994, 3555594.7673690217)",1.026178538245301
1173,8,2.0,0.285714285714286,"(-10892619.131589994, 3555594.7673690217)",1.026178538245301
1173,9,2.0,0.285714285714286,"(-10892619.131589994, 3555594.7673690217)",1.026178538245301
1173,10,2.0,0.285714285714286,"(-10892619.131589994, 3555594.7673690217)",1.026178538245301
1173,11,2.0,0.142857142857143,"(-10892619.131589994, 3555594.7673690217)",1.026178538245301
1173,12,2.0,0.571428571428571,"(-10892619.131589994, 3555594.7673690217)",1.026178538245301
1173,13,2.0,0.428571428571429,"(-10892619.131589994, 3555594.7673690217)",1.026178538245301
1173,14,2.0,0.285714285714286,"(-10892619.131589994, 3555594.7673690217)",1.026178538245301
1173,15,2.0,0.428571428571429,"(-10892619.131589994, 3555594.7673690217)",1.026178538245301
1173,16,2.0,0.142857142857143,"(-10892619.131589994, 3555594.7673690217)",1.026178538245301
1173,17,2.0,0.142857142857143,"(-10892619.131589994, 3555594.7673690217)",1.026178538245301
1173,18,2.0,0.285714285714286,"(-10892619.131589994, 3555594.7673690217)",1.026178538245301
1173,19,2.0,0.285714285714286,"(-10892619.131589994, 3555594.7673690217)",1.026178538245301
1173,20,2.0,0.428571428571429,"(-10892619.131589994, 3555594.7673690217)",1.026178538245301
1173,21,2.0,0.142857142857143,"(-10892619.131589994, 3555594.7673690217)",1.026178538245301
1173,22,2.0,0.0,"(-10892619.131589994, 3555594.7673690217)",1.026178538245301
1173,23,2.0,0.285714285714286,"(-10892619.131589994, 3555594.7673690217)",1.026178538245301
1174,0,2.0,0.142857142857143,"(-10902860.524742974, 3543371.3658151883)",1.0258981849530833
1174,1,2.0,0.285714285714286,"(-10902860.524742974, 3543371.3658151883)",1.0258981849530833
1174,2,2.0,0.428571428571429,"(-10902860.524742974, 3543371.3658151883)",1.0258981849530833
1174,3,2.0,0.571428571428571,"(-10902860.524742974, 3543371.3658151883)",1.0258981849530833
1174,4,2.0,0.571428571428571,"(-10902860.524742974, 3543371.3658151883)",1.0258981849530833
1174,5,2.0,0.571428571428571,"(-10902860.524742974, 3543371.3658151883)",1.0258981849530833
1174,6,2.0,0.857142857142857,"(-10902860.524742974, 3543371.3658151883)",1.0258981849530833
1174,7,2.0,0.571428571428571,"(-10902860.524742974, 3543371.3658151883)",1.0258981849530833
1174,8,2.0,0.0,"(-10902860.524742974, 3543371.3658151883)",1.0258981849530833
1174,9,2.0,0.285714285714286,"(-10902860.524742974, 3543371.3658151883)",1.0258981849530833
1174,10,2.0,0.285714285714286,"(-10902860.524742974, 3543371.3658151883)",1.0258981849530833
1174,11,2.0,0.285714285714286,"(-10902860.524742974, 3543371.3658151883)",1.0258981849530833
1174,12,2.0,0.285714285714286,"(-10902860.524742974, 3543371.3658151883)",1.0258981849530833
1174,13,2.0,0.714285714285714,"(-10902860.524742974, 3543371.3658151883)",1.0258981849530833
1174,14,2.0,0.714285714285714,"(-10902860.524742974, 3543371.3658151883)",1.0258981849530833
1174,15,2.0,0.714285714285714,"(-10902860.524742974, 3543371.3658151883)",1.0258981849530833
1174,16,2.0,0.571428571428571,"(-10902860.524742974, 3543371.3658151883)",1.0258981849530833
1174,17,2.0,0.0,"(-10902860.524742974, 3543371.3658151883)",1.0258981849530833
1174,18,2.0,0.428571428571429,"(-10902860.524742974, 3543371.3658151883)",1.0258981849530833
1174,19,2.0,0.714285714285714,"(-10902860.524742974, 3543371.3658151883)",1.0258981849530833
1174,20,2.0,0.571428571428571,"(-10902860.524742974, 3543371.3658151883)",1.0258981849530833
1174,21,2.0,0.428571428571429,"(-10902860.524742974, 3543371.3658151883)",1.0258981849530833
1174,22,2.0,0.285714285714286,"(-10902860.524742974, 3543371.3658151883)",1.0258981849530833
1174,23,2.0,0.285714285714286,"(-10902860.524742974, 3543371.3658151883)",1.0258981849530833
1175,0,2.0,0.285714285714286,"(-10888124.607149214, 3564762.0304982136)",0.988239805988648
1175,1,2.0,0.142857142857143,"(-10888124.607149214, 3564762.0304982136)",0.988239805988648
1175,2,2.0,0.0,"(-10888124.607149214, 3564762.0304982136)",0.988239805988648
1175,3,2.0,0.0,"(-10888124.607149214, 3564762.0304982136)",0.988239805988648
1175,4,2.0,0.285714285714286,"(-10888124.607149214, 3564762.0304982136)",0.988239805988648
1175,5,2.0,0.285714285714286,"(-10888124.607149214, 3564762.0304982136)",0.988239805988648
1175,6,2.0,0.571428571428571,"(-10888124.607149214, 3564762.0304982136)",0.988239805988648
1175,7,2.0,0.857142857142857,"(-10888124.607149214, 3564762.0304982136)",0.988239805988648
1175,8,2.0,0.285714285714286,"(-10888124.607149214, 3564762.0304982136)",0.988239805988648
1175,9,2.0,0.142857142857143,"(-10888124.607149214, 3564762.0304982136)",0.988239805988648
1175,10,2.0,0.142857142857143,"(-10888124.607149214, 3564762.0304982136)",0.988239805988648
1175,11,2.0,0.142857142857143,"(-10888124.607149214, 3564762.0304982136)",0.988239805988648
1175,12,2.0,0.428571428571429,"(-10888124.607149214, 3564762.0304982136)",0.988239805988648
1175,13,2.0,0.142857142857143,"(-10888124.607149214, 3564762.0304982136)",0.988239805988648
1175,14,2.0,0.571428571428571,"(-10888124.607149214, 3564762.0304982136)",0.988239805988648
1175,15,2.0,0.428571428571429,"(-10888124.607149214, 3564762.0304982136)",0.988239805988648
1175,16,2.0,0.714285714285714,"(-10888124.607149214, 3564762.0304982136)",0.988239805988648
1175,17,2.0,0.428571428571429,"(-10888124.607149214, 3564762.0304982136)",0.988239805988648
1175,18,2.0,0.428571428571429,"(-10888124.607149214, 3564762.0304982136)",0.988239805988648
1175,19,2.0,0.285714285714286,"(-10888124.607149214, 3564762.0304982136)",0.988239805988648
1175,20,2.0,0.285714285714286,"(-10888124.607149214, 3564762.0304982136)",0.988239805988648
1175,21,2.0,0.142857142857143,"(-10888124.607149214, 3564762.0304982136)",0.988239805988648
1175,22,2.0,0.571428571428571,"(-10888124.607149214, 3564762.0304982136)",0.988239805988648
1175,23,2.0,0.571428571428571,"(-10888124.607149214, 3564762.0304982136)",0.988239805988648
1176,0,2.0,0.142857142857143,"(-10881988.120219238, 3548691.4445016254)",1.0256955354979644
1176,1,2.0,0.142857142857143,"(-10881988.120219238, 3548691.4445016254)",1.0256955354979644
1176,2,2.0,0.285714285714286,"(-10881988.120219238, 3548691.4445016254)",1.0256955354979644
1176,3,2.0,0.428571428571429,"(-10881988.120219238, 3548691.4445016254)",1.0256955354979644
1176,4,2.0,0.428571428571429,"(-10881988.120219238, 3548691.4445016254)",1.0256955354979644
1176,5,2.0,0.571428571428571,"(-10881988.120219238, 3548691.4445016254)",1.0256955354979644
1176,6,2.0,0.714285714285714,"(-10881988.120219238, 3548691.4445016254)",1.0256955354979644
1176,7,2.0,0.285714285714286,"(-10881988.120219238, 3548691.4445016254)",1.0256955354979644
1176,8,2.0,0.142857142857143,"(-10881988.120219238, 3548691.4445016254)",1.0256955354979644
1176,9,2.0,0.142857142857143,"(-10881988.120219238, 3548691.4445016254)",1.0256955354979644
1176,10,2.0,0.0,"(-10881988.120219238, 3548691.4445016254)",1.0256955354979644
1176,11,2.0,0.0,"(-10881988.120219238, 3548691.4445016254)",1.0256955354979644
1176,12,2.0,0.142857142857143,"(-10881988.120219238, 3548691.4445016254)",1.0256955354979644
1176,13,2.0,0.285714285714286,"(-10881988.120219238, 3548691.4445016254)",1.0256955354979644
1176,14,2.0,0.142857142857143,"(-10881988.120219238, 3548691.4445016254)",1.0256955354979644
1176,15,2.0,0.285714285714286,"(-10881988.120219238, 3548691.4445016254)",1.0256955354979644
1176,16,2.0,0.285714285714286,"(-10881988.120219238, 3548691.4445016254)",1.0256955354979644
1176,17,2.0,0.428571428571429,"(-10881988.120219238, 3548691.4445016254)",1.0256955354979644
1176,18,2.0,0.428571428571429,"(-10881988.120219238, 3548691.4445016254)",1.0256955354979644
1176,19,2.0,0.285714285714286,"(-10881988.120219238, 3548691.4445016254)",1.0256955354979644
1176,20,2.0,0.0,"(-10881988.120219238, 3548691.4445016254)",1.0256955354979644
1176,21,2.0,0.142857142857143,"(-10881988.120219238, 3548691.4445016254)",1.0256955354979644
1176,22,2.0,0.0,"(-10881988.120219238, 3548691.4445016254)",1.0256955354979644
1176,23,2.0,0.142857142857143,"(-10881988.120219238, 3548691.4445016254)",1.0256955354979644
1177,0,1.0,0.0,"(-10892340.83286301, 3575955.796205597)",1.0062529277410932
1177,1,1.0,0.0,"(-10892340.83286301, 3575955.796205597)",1.0062529277410932
1177,2,1.0,0.0,"(-10892340.83286301, 3575955.796205597)",1.0062529277410932
1177,3,1.0,0.0,"(-10892340.83286301, 3575955.796205597)",1.0062529277410932
1177,4,1.0,0.0,"(-10892340.83286301, 3575955.796205597)",1.0062529277410932
1177,5,1.0,0.0,"(-10892340.83286301, 3575955.796205597)",1.0062529277410932
1177,6,1.0,0.0,"(-10892340.83286301, 3575955.796205597)",1.0062529277410932
1177,7,1.0,0.0,"(-10892340.83286301, 3575955.796205597)",1.0062529277410932
1177,8,1.0,0.0,"(-10892340.83286301, 3575955.796205597)",1.0062529277410932
1177,9,1.0,0.142857142857143,"(-10892340.83286301, 3575955.796205597)",1.0062529277410932
1177,10,1.0,0.0,"(-10892340.83286301, 3575955.796205597)",1.0062529277410932
1177,11,1.0,0.0,"(-10892340.83286301, 3575955.796205597)",1.0062529277410932
1177,12,1.0,0.0,"(-10892340.83286301, 3575955.796205597)",1.0062529277410932
1177,13,1.0,0.428571428571429,"(-10892340.83286301, 3575955.796205597)",1.0062529277410932
1177,14,1.0,0.285714285714286,"(-10892340.83286301, 3575955.796205597)",1.0062529277410932
1177,15,1.0,0.0,"(-10892340.83286301, 3575955.796205597)",1.0062529277410932
1177,16,1.0,0.0,"(-10892340.83286301, 3575955.796205597)",1.0062529277410932
1177,17,1.0,0.0,"(-10892340.83286301, 3575955.796205597)",1.0062529277410932
1177,18,1.0,0.0,"(-10892340.83286301, 3575955.796205597)",1.0062529277410932
1177,19,1.0,0.142857142857143,"(-10892340.83286301, 3575955.796205597)",1.0062529277410932
1177,20,1.0,0.142857142857143,"(-10892340.83286301, 3575955.796205597)",1.0062529277410932
1177,21,1.0,0.285714285714286,"(-10892340.83286301, 3575955.796205597)",1.0062529277410932
1177,22,1.0,0.0,"(-10892340.83286301, 3575955.796205597)",1.0062529277410932
1177,23,1.0,0.0,"(-10892340.83286301, 3575955.796205597)",1.0062529277410932
1178,0,4.0,0.285714285714286,"(-10881765.481237648, 3562647.157306083)",1.0245318471806661
1178,1,4.0,0.571428571428571,"(-10881765.481237648, 3562647.157306083)",1.0245318471806661
1178,2,4.0,0.571428571428571,"(-10881765.481237648, 3562647.157306083)",1.0245318471806661
1178,3,4.0,0.428571428571429,"(-10881765.481237648, 3562647.157306083)",1.0245318471806661
1178,4,4.0,0.142857142857143,"(-10881765.481237648, 3562647.157306083)",1.0245318471806661
1178,5,4.0,0.285714285714286,"(-10881765.481237648, 3562647.157306083)",1.0245318471806661
1178,6,4.0,0.285714285714286,"(-10881765.481237648, 3562647.157306083)",1.0245318471806661
1178,7,4.0,0.428571428571429,"(-10881765.481237648, 3562647.157306083)",1.0245318471806661
1178,8,4.0,1.28571428571429,"(-10881765.481237648, 3562647.157306083)",1.0245318471806661
1178,9,4.0,1.71428571428571,"(-10881765.481237648, 3562647.157306083)",1.0245318471806661
1178,10,4.0,2.14285714285714,"(-10881765.481237648, 3562647.157306083)",1.0245318471806661
1178,11,4.0,1.57142857142857,"(-10881765.481237648, 3562647.157306083)",1.0245318471806661
1178,12,4.0,1.28571428571429,"(-10881765.481237648, 3562647.157306083)",1.0245318471806661
1178,13,4.0,1.0,"(-10881765.481237648, 3562647.157306083)",1.0245318471806661
1178,14,4.0,0.857142857142857,"(-10881765.481237648, 3562647.157306083)",1.0245318471806661
1178,15,4.0,0.571428571428571,"(-10881765.481237648, 3562647.157306083)",1.0245318471806661
1178,16,4.0,0.428571428571429,"(-10881765.481237648, 3562647.157306083)",1.0245318471806661
1178,17,4.0,0.571428571428571,"(-10881765.481237648, 3562647.157306083)",1.0245318471806661
1178,18,4.0,0.714285714285714,"(-10881765.481237648, 3562647.157306083)",1.0245318471806661
1178,19,4.0,0.428571428571429,"(-10881765.481237648, 3562647.157306083)",1.0245318471806661
1178,20,4.0,0.285714285714286,"(-10881765.481237648, 3562647.157306083)",1.0245318471806661
1178,21,4.0,0.142857142857143,"(-10881765.481237648, 3562647.157306083)",1.0245318471806661
1178,22,4.0,0.142857142857143,"(-10881765.481237648, 3562647.157306083)",1.0245318471806661
1178,23,4.0,0.285714285714286,"(-10881765.481237648, 3562647.157306083)",1.0245318471806661
1179,0,2.0,0.285714285714286,"(-10881403.692892572, 3561630.2074669055)",1.0245318471806661
1179,1,2.0,0.285714285714286,"(-10881403.692892572, 3561630.2074669055)",1.0245318471806661
1179,2,2.0,0.285714285714286,"(-10881403.692892572, 3561630.2074669055)",1.0245318471806661
1179,3,2.0,0.142857142857143,"(-10881403.692892572, 3561630.2074669055)",1.0245318471806661
1179,4,2.0,0.428571428571429,"(-10881403.692892572, 3561630.2074669055)",1.0245318471806661
1179,5,2.0,0.285714285714286,"(-10881403.692892572, 3561630.2074669055)",1.0245318471806661
1179,6,2.0,0.142857142857143,"(-10881403.692892572, 3561630.2074669055)",1.0245318471806661
1179,7,2.0,0.0,"(-10881403.692892572, 3561630.2074669055)",1.0245318471806661
1179,8,2.0,0.285714285714286,"(-10881403.692892572, 3561630.2074669055)",1.0245318471806661
1179,9,2.0,0.285714285714286,"(-10881403.692892572, 3561630.2074669055)",1.0245318471806661
1179,10,2.0,0.428571428571429,"(-10881403.692892572, 3561630.2074669055)",1.0245318471806661
1179,11,2.0,0.428571428571429,"(-10881403.692892572, 3561630.2074669055)",1.0245318471806661
1179,12,2.0,0.428571428571429,"(-10881403.692892572, 3561630.2074669055)",1.0245318471806661
1179,13,2.0,0.428571428571429,"(-10881403.692892572, 3561630.2074669055)",1.0245318471806661
1179,14,2.0,0.428571428571429,"(-10881403.692892572, 3561630.2074669055)",1.0245318471806661
1179,15,2.0,0.285714285714286,"(-10881403.692892572, 3561630.2074669055)",1.0245318471806661
1179,16,2.0,0.428571428571429,"(-10881403.692892572, 3561630.2074669055)",1.0245318471806661
1179,17,2.0,0.285714285714286,"(-10881403.692892572, 3561630.2074669055)",1.0245318471806661
1179,18,2.0,0.285714285714286,"(-10881403.692892572, 3561630.2074669055)",1.0245318471806661
1179,19,2.0,0.285714285714286,"(-10881403.692892572, 3561630.2074669055)",1.0245318471806661
1179,20,2.0,0.142857142857143,"(-10881403.692892572, 3561630.2074669055)",1.0245318471806661
1179,21,2.0,0.0,"(-10881403.692892572, 3561630.2074669055)",1.0245318471806661
1179,22,2.0,0.142857142857143,"(-10881403.692892572, 3561630.2074669055)",1.0245318471806661
1179,23,2.0,0.0,"(-10881403.692892572, 3561630.2074669055)",1.0245318471806661
1180,0,3.0,0.285714285714286,"(-10881974.205282886, 3558692.8138249433)",1.0245318471806661
1180,1,3.0,0.714285714285714,"(-10881974.205282886, 3558692.8138249433)",1.0245318471806661
1180,2,3.0,0.285714285714286,"(-10881974.205282886, 3558692.8138249433)",1.0245318471806661
1180,3,3.0,0.285714285714286,"(-10881974.205282886, 3558692.8138249433)",1.0245318471806661
1180,4,3.0,0.428571428571429,"(-10881974.205282886, 3558692.8138249433)",1.0245318471806661
1180,5,3.0,0.428571428571429,"(-10881974.205282886, 3558692.8138249433)",1.0245318471806661
1180,6,3.0,0.285714285714286,"(-10881974.205282886, 3558692.8138249433)",1.0245318471806661
1180,7,3.0,0.428571428571429,"(-10881974.205282886, 3558692.8138249433)",1.0245318471806661
1180,8,3.0,0.428571428571429,"(-10881974.205282886, 3558692.8138249433)",1.0245318471806661
1180,9,3.0,0.428571428571429,"(-10881974.205282886, 3558692.8138249433)",1.0245318471806661
1180,10,3.0,0.285714285714286,"(-10881974.205282886, 3558692.8138249433)",1.0245318471806661
1180,11,3.0,0.428571428571429,"(-10881974.205282886, 3558692.8138249433)",1.0245318471806661
1180,12,3.0,0.142857142857143,"(-10881974.205282886, 3558692.8138249433)",1.0245318471806661
1180,13,3.0,0.285714285714286,"(-10881974.205282886, 3558692.8138249433)",1.0245318471806661
1180,14,3.0,0.142857142857143,"(-10881974.205282886, 3558692.8138249433)",1.0245318471806661
1180,15,3.0,0.142857142857143,"(-10881974.205282886, 3558692.8138249433)",1.0245318471806661
1180,16,3.0,0.428571428571429,"(-10881974.205282886, 3558692.8138249433)",1.0245318471806661
1180,17,3.0,0.571428571428571,"(-10881974.205282886, 3558692.8138249433)",1.0245318471806661
1180,18,3.0,1.0,"(-10881974.205282886, 3558692.8138249433)",1.0245318471806661
1180,19,3.0,0.571428571428571,"(-10881974.205282886, 3558692.8138249433)",1.0245318471806661
1180,20,3.0,0.714285714285714,"(-10881974.205282886, 3558692.8138249433)",1.0245318471806661
1180,21,3.0,0.428571428571429,"(-10881974.205282886, 3558692.8138249433)",1.0245318471806661
1180,22,3.0,0.142857142857143,"(-10881974.205282886, 3558692.8138249433)",1.0245318471806661
1180,23,3.0,0.285714285714286,"(-10881974.205282886, 3558692.8138249433)",1.0245318471806661
1181,0,4.0,0.285714285714286,"(-10879970.454448607, 3555288.231271145)",1.0245154757722024
1181,1,4.0,0.285714285714286,"(-10879970.454448607, 3555288.231271145)",1.0245154757722024
1181,2,4.0,0.285714285714286,"(-10879970.454448607, 3555288.231271145)",1.0245154757722024
1181,3,4.0,0.714285714285714,"(-10879970.454448607, 3555288.231271145)",1.0245154757722024
1181,4,4.0,1.0,"(-10879970.454448607, 3555288.231271145)",1.0245154757722024
1181,5,4.0,0.714285714285714,"(-10879970.454448607, 3555288.231271145)",1.0245154757722024
1181,6,4.0,0.571428571428571,"(-10879970.454448607, 3555288.231271145)",1.0245154757722024
1181,7,4.0,0.714285714285714,"(-10879970.454448607, 3555288.231271145)",1.0245154757722024
1181,8,4.0,0.571428571428571,"(-10879970.454448607, 3555288.231271145)",1.0245154757722024
1181,9,4.0,0.285714285714286,"(-10879970.454448607, 3555288.231271145)",1.0245154757722024
1181,10,4.0,0.714285714285714,"(-10879970.454448607, 3555288.231271145)",1.0245154757722024
1181,11,4.0,0.857142857142857,"(-10879970.454448607, 3555288.231271145)",1.0245154757722024
1181,12,4.0,1.14285714285714,"(-10879970.454448607, 3555288.231271145)",1.0245154757722024
1181,13,4.0,1.0,"(-10879970.454448607, 3555288.231271145)",1.0245154757722024
1181,14,4.0,1.14285714285714,"(-10879970.454448607, 3555288.231271145)",1.0245154757722024
1181,15,4.0,1.0,"(-10879970.454448607, 3555288.231271145)",1.0245154757722024
1181,16,4.0,1.57142857142857,"(-10879970.454448607, 3555288.231271145)",1.0245154757722024
1181,17,4.0,1.28571428571429,"(-10879970.454448607, 3555288.231271145)",1.0245154757722024
1181,18,4.0,1.71428571428571,"(-10879970.454448607, 3555288.231271145)",1.0245154757722024
1181,19,4.0,1.42857142857143,"(-10879970.454448607, 3555288.231271145)",1.0245154757722024
1181,20,4.0,1.28571428571429,"(-10879970.454448607, 3555288.231271145)",1.0245154757722024
1181,21,4.0,0.714285714285714,"(-10879970.454448607, 3555288.231271145)",1.0245154757722024
1181,22,4.0,1.14285714285714,"(-10879970.454448607, 3555288.231271145)",1.0245154757722024
1181,23,4.0,1.14285714285714,"(-10879970.454448607, 3555288.231271145)",1.0245154757722024
1182,0,2.0,0.428571428571429,"(-10881027.989611143, 3556304.669065767)",1.0245154757722024
1182,1,2.0,0.428571428571429,"(-10881027.989611143, 3556304.669065767)",1.0245154757722024
1182,2,2.0,0.285714285714286,"(-10881027.989611143, 3556304.669065767)",1.0245154757722024
1182,3,2.0,0.428571428571429,"(-10881027.989611143, 3556304.669065767)",1.0245154757722024
1182,4,2.0,0.714285714285714,"(-10881027.989611143, 3556304.669065767)",1.0245154757722024
1182,5,2.0,0.428571428571429,"(-10881027.989611143, 3556304.669065767)",1.0245154757722024
1182,6,2.0,0.285714285714286,"(-10881027.989611143, 3556304.669065767)",1.0245154757722024
1182,7,2.0,0.0,"(-10881027.989611143, 3556304.669065767)",1.0245154757722024
1182,8,2.0,0.142857142857143,"(-10881027.989611143, 3556304.669065767)",1.0245154757722024
1182,9,2.0,0.285714285714286,"(-10881027.989611143, 3556304.669065767)",1.0245154757722024
1182,10,2.0,0.0,"(-10881027.989611143, 3556304.669065767)",1.0245154757722024
1182,11,2.0,0.0,"(-10881027.989611143, 3556304.669065767)",1.0245154757722024
1182,12,2.0,0.285714285714286,"(-10881027.989611143, 3556304.669065767)",1.0245154757722024
1182,13,2.0,0.285714285714286,"(-10881027.989611143, 3556304.669065767)",1.0245154757722024
1182,14,2.0,0.142857142857143,"(-10881027.989611143, 3556304.669065767)",1.0245154757722024
1182,15,2.0,0.428571428571429,"(-10881027.989611143, 3556304.669065767)",1.0245154757722024
1182,16,2.0,0.428571428571429,"(-10881027.989611143, 3556304.669065767)",1.0245154757722024
1182,17,2.0,0.571428571428571,"(-10881027.989611143, 3556304.669065767)",1.0245154757722024
1182,18,2.0,0.714285714285714,"(-10881027.989611143, 3556304.669065767)",1.0245154757722024
1182,19,2.0,0.428571428571429,"(-10881027.989611143, 3556304.669065767)",1.0245154757722024
1182,20,2.0,0.428571428571429,"(-10881027.989611143, 3556304.669065767)",1.0245154757722024
1182,21,2.0,0.285714285714286,"(-10881027.989611143, 3556304.669065767)",1.0245154757722024
1182,22,2.0,0.428571428571429,"(-10881027.989611143, 3556304.669065767)",1.0245154757722024
1182,23,2.0,0.571428571428571,"(-10881027.989611143, 3556304.669065767)",1.0245154757722024
1183,0,4.0,1.14285714285714,"(-10881640.246810507, 3546563.144104902)",1.0256955354979644
1183,1,4.0,1.0,"(-10881640.246810507, 3546563.144104902)",1.0256955354979644
1183,2,4.0,0.714285714285714,"(-10881640.246810507, 3546563.144104902)",1.0256955354979644
1183,3,4.0,0.571428571428571,"(-10881640.246810507, 3546563.144104902)",1.0256955354979644
1183,4,4.0,0.428571428571429,"(-10881640.246810507, 3546563.144104902)",1.0256955354979644
1183,5,4.0,0.857142857142857,"(-10881640.246810507, 3546563.144104902)",1.0256955354979644
1183,6,4.0,1.14285714285714,"(-10881640.246810507, 3546563.144104902)",1.0256955354979644
1183,7,4.0,0.857142857142857,"(-10881640.246810507, 3546563.144104902)",1.0256955354979644
1183,8,4.0,0.857142857142857,"(-10881640.246810507, 3546563.144104902)",1.0256955354979644
1183,9,4.0,1.28571428571429,"(-10881640.246810507, 3546563.144104902)",1.0256955354979644
1183,10,4.0,1.42857142857143,"(-10881640.246810507, 3546563.144104902)",1.0256955354979644
1183,11,4.0,1.42857142857143,"(-10881640.246810507, 3546563.144104902)",1.0256955354979644
1183,12,4.0,1.0,"(-10881640.246810507, 3546563.144104902)",1.0256955354979644
1183,13,4.0,1.0,"(-10881640.246810507, 3546563.144104902)",1.0256955354979644
1183,14,4.0,1.42857142857143,"(-10881640.246810507, 3546563.144104902)",1.0256955354979644
1183,15,4.0,1.28571428571429,"(-10881640.246810507, 3546563.144104902)",1.0256955354979644
1183,16,4.0,1.0,"(-10881640.246810507, 3546563.144104902)",1.0256955354979644
1183,17,4.0,1.42857142857143,"(-10881640.246810507, 3546563.144104902)",1.0256955354979644
1183,18,4.0,1.0,"(-10881640.246810507, 3546563.144104902)",1.0256955354979644
1183,19,4.0,1.28571428571429,"(-10881640.246810507, 3546563.144104902)",1.0256955354979644
1183,20,4.0,1.0,"(-10881640.246810507, 3546563.144104902)",1.0256955354979644
1183,21,4.0,0.857142857142857,"(-10881640.246810507, 3546563.144104902)",1.0256955354979644
1183,22,4.0,0.714285714285714,"(-10881640.246810507, 3546563.144104902)",1.0256955354979644
1183,23,4.0,1.0,"(-10881640.246810507, 3546563.144104902)",1.0256955354979644
1184,0,4.0,0.714285714285714,"(-10893913.220670465, 3579527.6257338994)",0.9604044850153164
1184,1,4.0,1.14285714285714,"(-10893913.220670465, 3579527.6257338994)",0.9604044850153164
1184,2,4.0,0.857142857142857,"(-10893913.220670465, 3579527.6257338994)",0.9604044850153164
1184,3,4.0,0.857142857142857,"(-10893913.220670465, 3579527.6257338994)",0.9604044850153164
1184,4,4.0,0.714285714285714,"(-10893913.220670465, 3579527.6257338994)",0.9604044850153164
1184,5,4.0,0.714285714285714,"(-10893913.220670465, 3579527.6257338994)",0.9604044850153164
1184,6,4.0,0.714285714285714,"(-10893913.220670465, 3579527.6257338994)",0.9604044850153164
1184,7,4.0,0.714285714285714,"(-10893913.220670465, 3579527.6257338994)",0.9604044850153164
1184,8,4.0,0.285714285714286,"(-10893913.220670465, 3579527.6257338994)",0.9604044850153164
1184,9,4.0,0.142857142857143,"(-10893913.220670465, 3579527.6257338994)",0.9604044850153164
1184,10,4.0,0.428571428571429,"(-10893913.220670465, 3579527.6257338994)",0.9604044850153164
1184,11,4.0,1.14285714285714,"(-10893913.220670465, 3579527.6257338994)",0.9604044850153164
1184,12,4.0,1.14285714285714,"(-10893913.220670465, 3579527.6257338994)",0.9604044850153164
1184,13,4.0,1.14285714285714,"(-10893913.220670465, 3579527.6257338994)",0.9604044850153164
1184,14,4.0,0.714285714285714,"(-10893913.220670465, 3579527.6257338994)",0.9604044850153164
1184,15,4.0,0.714285714285714,"(-10893913.220670465, 3579527.6257338994)",0.9604044850153164
1184,16,4.0,0.714285714285714,"(-10893913.220670465, 3579527.6257338994)",0.9604044850153164
1184,17,4.0,0.428571428571429,"(-10893913.220670465, 3579527.6257338994)",0.9604044850153164
1184,18,4.0,0.714285714285714,"(-10893913.220670465, 3579527.6257338994)",0.9604044850153164
1184,19,4.0,0.857142857142857,"(-10893913.220670465, 3579527.6257338994)",0.9604044850153164
1184,20,4.0,0.857142857142857,"(-10893913.220670465, 3579527.6257338994)",0.9604044850153164
1184,21,4.0,0.428571428571429,"(-10893913.220670465, 3579527.6257338994)",0.9604044850153164
1184,22,4.0,0.571428571428571,"(-10893913.220670465, 3579527.6257338994)",0.9604044850153164
1184,23,4.0,0.428571428571429,"(-10893913.220670465, 3579527.6257338994)",0.9604044850153164
1185,0,4.0,1.28571428571429,"(-10895318.629241731, 3552884.6013293)",1.026178538245301
1185,1,4.0,1.0,"(-10895318.629241731, 3552884.6013293)",1.026178538245301
1185,2,4.0,1.0,"(-10895318.629241731, 3552884.6013293)",1.026178538245301
1185,3,4.0,0.857142857142857,"(-10895318.629241731, 3552884.6013293)",1.026178538245301
1185,4,4.0,0.571428571428571,"(-10895318.629241731, 3552884.6013293)",1.026178538245301
1185,5,4.0,0.285714285714286,"(-10895318.629241731, 3552884.6013293)",1.026178538245301
1185,6,4.0,0.142857142857143,"(-10895318.629241731, 3552884.6013293)",1.026178538245301
1185,7,4.0,0.571428571428571,"(-10895318.629241731, 3552884.6013293)",1.026178538245301
1185,8,4.0,0.857142857142857,"(-10895318.629241731, 3552884.6013293)",1.026178538245301
1185,9,4.0,0.857142857142857,"(-10895318.629241731, 3552884.6013293)",1.026178538245301
1185,10,4.0,0.857142857142857,"(-10895318.629241731, 3552884.6013293)",1.026178538245301
1185,11,4.0,0.857142857142857,"(-10895318.629241731, 3552884.6013293)",1.026178538245301
1185,12,4.0,0.714285714285714,"(-10895318.629241731, 3552884.6013293)",1.026178538245301
1185,13,4.0,0.571428571428571,"(-10895318.629241731, 3552884.6013293)",1.026178538245301
1185,14,4.0,0.428571428571429,"(-10895318.629241731, 3552884.6013293)",1.026178538245301
1185,15,4.0,0.571428571428571,"(-10895318.629241731, 3552884.6013293)",1.026178538245301
1185,16,4.0,0.857142857142857,"(-10895318.629241731, 3552884.6013293)",1.026178538245301
1185,17,4.0,1.14285714285714,"(-10895318.629241731, 3552884.6013293)",1.026178538245301
1185,18,4.0,1.14285714285714,"(-10895318.629241731, 3552884.6013293)",1.026178538245301
1185,19,4.0,1.28571428571429,"(-10895318.629241731, 3552884.6013293)",1.026178538245301
1185,20,4.0,0.857142857142857,"(-10895318.629241731, 3552884.6013293)",1.026178538245301
1185,21,4.0,0.857142857142857,"(-10895318.629241731, 3552884.6013293)",1.026178538245301
1185,22,4.0,0.857142857142857,"(-10895318.629241731, 3552884.6013293)",1.026178538245301
1185,23,4.0,1.28571428571429,"(-10895318.629241731, 3552884.6013293)",1.026178538245301
1186,0,16.0,2.71428571428571,"(-10878662.450431786, 3555385.0313387047)",1.0266991373704648
1186,1,16.0,3.28571428571429,"(-10878662.450431786, 3555385.0313387047)",1.0266991373704648
1186,2,16.0,3.0,"(-10878662.450431786, 3555385.0313387047)",1.0266991373704648
1186,3,16.0,3.28571428571429,"(-10878662.450431786, 3555385.0313387047)",1.0266991373704648
1186,4,16.0,3.28571428571429,"(-10878662.450431786, 3555385.0313387047)",1.0266991373704648
1186,5,16.0,4.71428571428571,"(-10878662.450431786, 3555385.0313387047)",1.0266991373704648
1186,6,16.0,4.42857142857143,"(-10878662.450431786, 3555385.0313387047)",1.0266991373704648
1186,7,16.0,3.57142857142857,"(-10878662.450431786, 3555385.0313387047)",1.0266991373704648
1186,8,16.0,2.28571428571429,"(-10878662.450431786, 3555385.0313387047)",1.0266991373704648
1186,9,16.0,1.85714285714286,"(-10878662.450431786, 3555385.0313387047)",1.0266991373704648
1186,10,16.0,2.71428571428571,"(-10878662.450431786, 3555385.0313387047)",1.0266991373704648
1186,11,16.0,5.28571428571429,"(-10878662.450431786, 3555385.0313387047)",1.0266991373704648
1186,12,16.0,6.0,"(-10878662.450431786, 3555385.0313387047)",1.0266991373704648
1186,13,16.0,5.57142857142857,"(-10878662.450431786, 3555385.0313387047)",1.0266991373704648
1186,14,16.0,6.71428571428571,"(-10878662.450431786, 3555385.0313387047)",1.0266991373704648
1186,15,16.0,7.28571428571429,"(-10878662.450431786, 3555385.0313387047)",1.0266991373704648
1186,16,16.0,8.14285714285714,"(-10878662.450431786, 3555385.0313387047)",1.0266991373704648
1186,17,16.0,8.57142857142857,"(-10878662.450431786, 3555385.0313387047)",1.0266991373704648
1186,18,16.0,8.57142857142857,"(-10878662.450431786, 3555385.0313387047)",1.0266991373704648
1186,19,16.0,8.42857142857143,"(-10878662.450431786, 3555385.0313387047)",1.0266991373704648
1186,20,16.0,7.85714285714286,"(-10878662.450431786, 3555385.0313387047)",1.0266991373704648
1186,21,16.0,4.71428571428571,"(-10878662.450431786, 3555385.0313387047)",1.0266991373704648
1186,22,16.0,3.28571428571429,"(-10878662.450431786, 3555385.0313387047)",1.0266991373704648
1186,23,16.0,2.0,"(-10878662.450431786, 3555385.0313387047)",1.0266991373704648
1187,0,2.0,0.571428571428571,"(-10878592.87575004, 3554901.0384351853)",1.0266991373704648
1187,1,2.0,0.571428571428571,"(-10878592.87575004, 3554901.0384351853)",1.0266991373704648
1187,2,2.0,0.571428571428571,"(-10878592.87575004, 3554901.0384351853)",1.0266991373704648
1187,3,2.0,0.428571428571429,"(-10878592.87575004, 3554901.0384351853)",1.0266991373704648
1187,4,2.0,0.285714285714286,"(-10878592.87575004, 3554901.0384351853)",1.0266991373704648
1187,5,2.0,0.285714285714286,"(-10878592.87575004, 3554901.0384351853)",1.0266991373704648
1187,6,2.0,0.142857142857143,"(-10878592.87575004, 3554901.0384351853)",1.0266991373704648
1187,7,2.0,0.428571428571429,"(-10878592.87575004, 3554901.0384351853)",1.0266991373704648
1187,8,2.0,0.142857142857143,"(-10878592.87575004, 3554901.0384351853)",1.0266991373704648
1187,9,2.0,0.285714285714286,"(-10878592.87575004, 3554901.0384351853)",1.0266991373704648
1187,10,2.0,0.142857142857143,"(-10878592.87575004, 3554901.0384351853)",1.0266991373704648
1187,11,2.0,0.142857142857143,"(-10878592.87575004, 3554901.0384351853)",1.0266991373704648
1187,12,2.0,0.571428571428571,"(-10878592.87575004, 3554901.0384351853)",1.0266991373704648
1187,13,2.0,0.571428571428571,"(-10878592.87575004, 3554901.0384351853)",1.0266991373704648
1187,14,2.0,0.571428571428571,"(-10878592.87575004, 3554901.0384351853)",1.0266991373704648
1187,15,2.0,0.285714285714286,"(-10878592.87575004, 3554901.0384351853)",1.0266991373704648
1187,16,2.0,0.285714285714286,"(-10878592.87575004, 3554901.0384351853)",1.0266991373704648
1187,17,2.0,0.571428571428571,"(-10878592.87575004, 3554901.0384351853)",1.0266991373704648
1187,18,2.0,0.571428571428571,"(-10878592.87575004, 3554901.0384351853)",1.0266991373704648
1187,19,2.0,0.428571428571429,"(-10878592.87575004, 3554901.0384351853)",1.0266991373704648
1187,20,2.0,0.142857142857143,"(-10878592.87575004, 3554901.0384351853)",1.0266991373704648
1187,21,2.0,0.0,"(-10878592.87575004, 3554901.0384351853)",1.0266991373704648
1187,22,2.0,0.285714285714286,"(-10878592.87575004, 3554901.0384351853)",1.0266991373704648
1187,23,2.0,0.142857142857143,"(-10878592.87575004, 3554901.0384351853)",1.0266991373704648
1188,0,6.0,0.571428571428571,"(-10878509.386131946, 3555352.7645669114)",1.0266991373704648
1188,1,6.0,0.428571428571429,"(-10878509.386131946, 3555352.7645669114)",1.0266991373704648
1188,2,6.0,0.285714285714286,"(-10878509.386131946, 3555352.7645669114)",1.0266991373704648
1188,3,6.0,0.428571428571429,"(-10878509.386131946, 3555352.7645669114)",1.0266991373704648
1188,4,6.0,0.714285714285714,"(-10878509.386131946, 3555352.7645669114)",1.0266991373704648
1188,5,6.0,0.428571428571429,"(-10878509.386131946, 3555352.7645669114)",1.0266991373704648
1188,6,6.0,0.285714285714286,"(-10878509.386131946, 3555352.7645669114)",1.0266991373704648
1188,7,6.0,0.428571428571429,"(-10878509.386131946, 3555352.7645669114)",1.0266991373704648
1188,8,6.0,0.142857142857143,"(-10878509.386131946, 3555352.7645669114)",1.0266991373704648
1188,9,6.0,0.285714285714286,"(-10878509.386131946, 3555352.7645669114)",1.0266991373704648
1188,10,6.0,0.285714285714286,"(-10878509.386131946, 3555352.7645669114)",1.0266991373704648
1188,11,6.0,0.428571428571429,"(-10878509.386131946, 3555352.7645669114)",1.0266991373704648
1188,12,6.0,0.571428571428571,"(-10878509.386131946, 3555352.7645669114)",1.0266991373704648
1188,13,6.0,0.428571428571429,"(-10878509.386131946, 3555352.7645669114)",1.0266991373704648
1188,14,6.0,0.571428571428571,"(-10878509.386131946, 3555352.7645669114)",1.0266991373704648
1188,15,6.0,1.14285714285714,"(-10878509.386131946, 3555352.7645669114)",1.0266991373704648
1188,16,6.0,1.42857142857143,"(-10878509.386131946, 3555352.7645669114)",1.0266991373704648
1188,17,6.0,1.28571428571429,"(-10878509.386131946, 3555352.7645669114)",1.0266991373704648
1188,18,6.0,0.714285714285714,"(-10878509.386131946, 3555352.7645669114)",1.0266991373704648
1188,19,6.0,0.285714285714286,"(-10878509.386131946, 3555352.7645669114)",1.0266991373704648
1188,20,6.0,0.571428571428571,"(-10878509.386131946, 3555352.7645669114)",1.0266991373704648
1188,21,6.0,0.714285714285714,"(-10878509.386131946, 3555352.7645669114)",1.0266991373704648
1188,22,6.0,1.0,"(-10878509.386131946, 3555352.7645669114)",1.0266991373704648
1188,23,6.0,1.14285714285714,"(-10878509.386131946, 3555352.7645669114)",1.0266991373704648
1189,0,6.0,0.714285714285714,"(-10878231.087404963, 3555836.7748182886)",1.0266991373704648
1189,1,6.0,0.714285714285714,"(-10878231.087404963, 3555836.7748182886)",1.0266991373704648
1189,2,6.0,0.857142857142857,"(-10878231.087404963, 3555836.7748182886)",1.0266991373704648
1189,3,6.0,0.714285714285714,"(-10878231.087404963, 3555836.7748182886)",1.0266991373704648
1189,4,6.0,1.0,"(-10878231.087404963, 3555836.7748182886)",1.0266991373704648
1189,5,6.0,0.428571428571429,"(-10878231.087404963, 3555836.7748182886)",1.0266991373704648
1189,6,6.0,0.714285714285714,"(-10878231.087404963, 3555836.7748182886)",1.0266991373704648
1189,7,6.0,1.71428571428571,"(-10878231.087404963, 3555836.7748182886)",1.0266991373704648
1189,8,6.0,1.28571428571429,"(-10878231.087404963, 3555836.7748182886)",1.0266991373704648
1189,9,6.0,1.28571428571429,"(-10878231.087404963, 3555836.7748182886)",1.0266991373704648
1189,10,6.0,1.42857142857143,"(-10878231.087404963, 3555836.7748182886)",1.0266991373704648
1189,11,6.0,2.0,"(-10878231.087404963, 3555836.7748182886)",1.0266991373704648
1189,12,6.0,1.85714285714286,"(-10878231.087404963, 3555836.7748182886)",1.0266991373704648
1189,13,6.0,1.28571428571429,"(-10878231.087404963, 3555836.7748182886)",1.0266991373704648
1189,14,6.0,1.14285714285714,"(-10878231.087404963, 3555836.7748182886)",1.0266991373704648
1189,15,6.0,1.57142857142857,"(-10878231.087404963, 3555836.7748182886)",1.0266991373704648
1189,16,6.0,1.71428571428571,"(-10878231.087404963, 3555836.7748182886)",1.0266991373704648
1189,17,6.0,2.0,"(-10878231.087404963, 3555836.7748182886)",1.0266991373704648
1189,18,6.0,1.14285714285714,"(-10878231.087404963, 3555836.7748182886)",1.0266991373704648
1189,19,6.0,0.857142857142857,"(-10878231.087404963, 3555836.7748182886)",1.0266991373704648
1189,20,6.0,1.0,"(-10878231.087404963, 3555836.7748182886)",1.0266991373704648
1189,21,6.0,1.14285714285714,"(-10878231.087404963, 3555836.7748182886)",1.0266991373704648
1189,22,6.0,0.857142857142857,"(-10878231.087404963, 3555836.7748182886)",1.0266991373704648
1189,23,6.0,0.571428571428571,"(-10878231.087404963, 3555836.7748182886)",1.0266991373704648
1190,0,16.0,3.0,"(-10878732.025113532, 3556191.7274843166)",1.0266991373704648
1190,1,16.0,3.57142857142857,"(-10878732.025113532, 3556191.7274843166)",1.0266991373704648
1190,2,16.0,5.71428571428571,"(-10878732.025113532, 3556191.7274843166)",1.0266991373704648
1190,3,16.0,6.0,"(-10878732.025113532, 3556191.7274843166)",1.0266991373704648
1190,4,16.0,5.42857142857143,"(-10878732.025113532, 3556191.7274843166)",1.0266991373704648
1190,5,16.0,4.14285714285714,"(-10878732.025113532, 3556191.7274843166)",1.0266991373704648
1190,6,16.0,4.0,"(-10878732.025113532, 3556191.7274843166)",1.0266991373704648
1190,7,16.0,4.85714285714286,"(-10878732.025113532, 3556191.7274843166)",1.0266991373704648
1190,8,16.0,4.42857142857143,"(-10878732.025113532, 3556191.7274843166)",1.0266991373704648
1190,9,16.0,3.85714285714286,"(-10878732.025113532, 3556191.7274843166)",1.0266991373704648
1190,10,16.0,2.28571428571429,"(-10878732.025113532, 3556191.7274843166)",1.0266991373704648
1190,11,16.0,2.57142857142857,"(-10878732.025113532, 3556191.7274843166)",1.0266991373704648
1190,12,16.0,1.42857142857143,"(-10878732.025113532, 3556191.7274843166)",1.0266991373704648
1190,13,16.0,2.71428571428571,"(-10878732.025113532, 3556191.7274843166)",1.0266991373704648
1190,14,16.0,3.71428571428571,"(-10878732.025113532, 3556191.7274843166)",1.0266991373704648
1190,15,16.0,5.71428571428571,"(-10878732.025113532, 3556191.7274843166)",1.0266991373704648
1190,16,16.0,5.71428571428571,"(-10878732.025113532, 3556191.7274843166)",1.0266991373704648
1190,17,16.0,6.0,"(-10878732.025113532, 3556191.7274843166)",1.0266991373704648
1190,18,16.0,6.14285714285714,"(-10878732.025113532, 3556191.7274843166)",1.0266991373704648
1190,19,16.0,3.85714285714286,"(-10878732.025113532, 3556191.7274843166)",1.0266991373704648
1190,20,16.0,3.42857142857143,"(-10878732.025113532, 3556191.7274843166)",1.0266991373704648
1190,21,16.0,4.14285714285714,"(-10878732.025113532, 3556191.7274843166)",1.0266991373704648
1190,22,16.0,3.28571428571429,"(-10878732.025113532, 3556191.7274843166)",1.0266991373704648
1190,23,16.0,3.0,"(-10878732.025113532, 3556191.7274843166)",1.0266991373704648
1191,0,8.0,1.57142857142857,"(-10876728.274279254, 3560952.2865586337)",1.03228315246104
1191,1,8.0,1.28571428571429,"(-10876728.274279254, 3560952.2865586337)",1.03228315246104
1191,2,8.0,0.571428571428571,"(-10876728.274279254, 3560952.2865586337)",1.03228315246104
1191,3,8.0,0.571428571428571,"(-10876728.274279254, 3560952.2865586337)",1.03228315246104
1191,4,8.0,0.714285714285714,"(-10876728.274279254, 3560952.2865586337)",1.03228315246104
1191,5,8.0,1.71428571428571,"(-10876728.274279254, 3560952.2865586337)",1.03228315246104
1191,6,8.0,2.42857142857143,"(-10876728.274279254, 3560952.2865586337)",1.03228315246104
1191,7,8.0,2.14285714285714,"(-10876728.274279254, 3560952.2865586337)",1.03228315246104
1191,8,8.0,2.14285714285714,"(-10876728.274279254, 3560952.2865586337)",1.03228315246104
1191,9,8.0,2.0,"(-10876728.274279254, 3560952.2865586337)",1.03228315246104
1191,10,8.0,2.0,"(-10876728.274279254, 3560952.2865586337)",1.03228315246104
1191,11,8.0,2.85714285714286,"(-10876728.274279254, 3560952.2865586337)",1.03228315246104
1191,12,8.0,2.57142857142857,"(-10876728.274279254, 3560952.2865586337)",1.03228315246104
1191,13,8.0,2.85714285714286,"(-10876728.274279254, 3560952.2865586337)",1.03228315246104
1191,14,8.0,1.71428571428571,"(-10876728.274279254, 3560952.2865586337)",1.03228315246104
1191,15,8.0,1.71428571428571,"(-10876728.274279254, 3560952.2865586337)",1.03228315246104
1191,16,8.0,2.42857142857143,"(-10876728.274279254, 3560952.2865586337)",1.03228315246104
1191,17,8.0,2.57142857142857,"(-10876728.274279254, 3560952.2865586337)",1.03228315246104
1191,18,8.0,1.85714285714286,"(-10876728.274279254, 3560952.2865586337)",1.03228315246104
1191,19,8.0,1.28571428571429,"(-10876728.274279254, 3560952.2865586337)",1.03228315246104
1191,20,8.0,0.857142857142857,"(-10876728.274279254, 3560952.2865586337)",1.03228315246104
1191,21,8.0,0.714285714285714,"(-10876728.274279254, 3560952.2865586337)",1.03228315246104
1191,22,8.0,0.714285714285714,"(-10876728.274279254, 3560952.2865586337)",1.03228315246104
1191,23,8.0,2.0,"(-10876728.274279254, 3560952.2865586337)",1.03228315246104
1192,0,4.0,1.28571428571429,"(-10877744.064632742, 3557934.3674413376)",1.03228315246104
1192,1,4.0,0.714285714285714,"(-10877744.064632742, 3557934.3674413376)",1.03228315246104
1192,2,4.0,0.285714285714286,"(-10877744.064632742, 3557934.3674413376)",1.03228315246104
1192,3,4.0,0.571428571428571,"(-10877744.064632742, 3557934.3674413376)",1.03228315246104
1192,4,4.0,0.857142857142857,"(-10877744.064632742, 3557934.3674413376)",1.03228315246104
1192,5,4.0,1.42857142857143,"(-10877744.064632742, 3557934.3674413376)",1.03228315246104
1192,6,4.0,1.85714285714286,"(-10877744.064632742, 3557934.3674413376)",1.03228315246104
1192,7,4.0,1.57142857142857,"(-10877744.064632742, 3557934.3674413376)",1.03228315246104
1192,8,4.0,1.57142857142857,"(-10877744.064632742, 3557934.3674413376)",1.03228315246104
1192,9,4.0,1.28571428571429,"(-10877744.064632742, 3557934.3674413376)",1.03228315246104
1192,10,4.0,1.14285714285714,"(-10877744.064632742, 3557934.3674413376)",1.03228315246104
1192,11,4.0,0.571428571428571,"(-10877744.064632742, 3557934.3674413376)",1.03228315246104
1192,12,4.0,0.857142857142857,"(-10877744.064632742, 3557934.3674413376)",1.03228315246104
1192,13,4.0,0.857142857142857,"(-10877744.064632742, 3557934.3674413376)",1.03228315246104
1192,14,4.0,1.28571428571429,"(-10877744.064632742, 3557934.3674413376)",1.03228315246104
1192,15,4.0,1.0,"(-10877744.064632742, 3557934.3674413376)",1.03228315246104
1192,16,4.0,0.571428571428571,"(-10877744.064632742, 3557934.3674413376)",1.03228315246104
1192,17,4.0,0.571428571428571,"(-10877744.064632742, 3557934.3674413376)",1.03228315246104
1192,18,4.0,1.14285714285714,"(-10877744.064632742, 3557934.3674413376)",1.03228315246104
1192,19,4.0,0.571428571428571,"(-10877744.064632742, 3557934.3674413376)",1.03228315246104
1192,20,4.0,0.714285714285714,"(-10877744.064632742, 3557934.3674413376)",1.03228315246104
1192,21,4.0,1.0,"(-10877744.064632742, 3557934.3674413376)",1.03228315246104
1192,22,4.0,1.28571428571429,"(-10877744.064632742, 3557934.3674413376)",1.03228315246104
1192,23,4.0,1.57142857142857,"(-10877744.064632742, 3557934.3674413376)",1.03228315246104
1193,0,16.0,6.0,"(-10881932.46047384, 3537892.4138957523)",1.0244001332610029
1193,1,16.0,7.14285714285714,"(-10881932.46047384, 3537892.4138957523)",1.0244001332610029
1193,2,16.0,6.57142857142857,"(-10881932.46047384, 3537892.4138957523)",1.0244001332610029
1193,3,16.0,6.14285714285714,"(-10881932.46047384, 3537892.4138957523)",1.0244001332610029
1193,4,16.0,3.85714285714286,"(-10881932.46047384, 3537892.4138957523)",1.0244001332610029
1193,5,16.0,2.28571428571429,"(-10881932.46047384, 3537892.4138957523)",1.0244001332610029
1193,6,16.0,2.57142857142857,"(-10881932.46047384, 3537892.4138957523)",1.0244001332610029
1193,7,16.0,4.0,"(-10881932.46047384, 3537892.4138957523)",1.0244001332610029
1193,8,16.0,5.14285714285714,"(-10881932.46047384, 3537892.4138957523)",1.0244001332610029
1193,9,16.0,4.71428571428571,"(-10881932.46047384, 3537892.4138957523)",1.0244001332610029
1193,10,16.0,4.0,"(-10881932.46047384, 3537892.4138957523)",1.0244001332610029
1193,11,16.0,3.0,"(-10881932.46047384, 3537892.4138957523)",1.0244001332610029
1193,12,16.0,3.14285714285714,"(-10881932.46047384, 3537892.4138957523)",1.0244001332610029
1193,13,16.0,3.0,"(-10881932.46047384, 3537892.4138957523)",1.0244001332610029
1193,14,16.0,3.57142857142857,"(-10881932.46047384, 3537892.4138957523)",1.0244001332610029
1193,15,16.0,2.85714285714286,"(-10881932.46047384, 3537892.4138957523)",1.0244001332610029
1193,16,16.0,3.57142857142857,"(-10881932.46047384, 3537892.4138957523)",1.0244001332610029
1193,17,16.0,5.0,"(-10881932.46047384, 3537892.4138957523)",1.0244001332610029
1193,18,16.0,4.71428571428571,"(-10881932.46047384, 3537892.4138957523)",1.0244001332610029
1193,19,16.0,5.0,"(-10881932.46047384, 3537892.4138957523)",1.0244001332610029
1193,20,16.0,3.85714285714286,"(-10881932.46047384, 3537892.4138957523)",1.0244001332610029
1193,21,16.0,3.85714285714286,"(-10881932.46047384, 3537892.4138957523)",1.0244001332610029
1193,22,16.0,4.0,"(-10881932.46047384, 3537892.4138957523)",1.0244001332610029
1193,23,16.0,6.57142857142857,"(-10881932.46047384, 3537892.4138957523)",1.0244001332610029
1194,0,3.0,0.714285714285714,"(-10880958.414929397, 3538456.314082973)",1.0259872715644
1194,1,3.0,0.714285714285714,"(-10880958.414929397, 3538456.314082973)",1.0259872715644
1194,2,3.0,0.285714285714286,"(-10880958.414929397, 3538456.314082973)",1.0259872715644
1194,3,3.0,0.857142857142857,"(-10880958.414929397, 3538456.314082973)",1.0259872715644
1194,4,3.0,0.428571428571429,"(-10880958.414929397, 3538456.314082973)",1.0259872715644
1194,5,3.0,0.428571428571429,"(-10880958.414929397, 3538456.314082973)",1.0259872715644
1194,6,3.0,0.571428571428571,"(-10880958.414929397, 3538456.314082973)",1.0259872715644
1194,7,3.0,0.428571428571429,"(-10880958.414929397, 3538456.314082973)",1.0259872715644
1194,8,3.0,0.285714285714286,"(-10880958.414929397, 3538456.314082973)",1.0259872715644
1194,9,3.0,0.571428571428571,"(-10880958.414929397, 3538456.314082973)",1.0259872715644
1194,10,3.0,0.571428571428571,"(-10880958.414929397, 3538456.314082973)",1.0259872715644
1194,11,3.0,0.571428571428571,"(-10880958.414929397, 3538456.314082973)",1.0259872715644
1194,12,3.0,0.428571428571429,"(-10880958.414929397, 3538456.314082973)",1.0259872715644
1194,13,3.0,0.142857142857143,"(-10880958.414929397, 3538456.314082973)",1.0259872715644
1194,14,3.0,0.428571428571429,"(-10880958.414929397, 3538456.314082973)",1.0259872715644
1194,15,3.0,1.14285714285714,"(-10880958.414929397, 3538456.314082973)",1.0259872715644
1194,16,3.0,1.14285714285714,"(-10880958.414929397, 3538456.314082973)",1.0259872715644
1194,17,3.0,0.857142857142857,"(-10880958.414929397, 3538456.314082973)",1.0259872715644
1194,18,3.0,0.285714285714286,"(-10880958.414929397, 3538456.314082973)",1.0259872715644
1194,19,3.0,0.428571428571429,"(-10880958.414929397, 3538456.314082973)",1.0259872715644
1194,20,3.0,0.714285714285714,"(-10880958.414929397, 3538456.314082973)",1.0259872715644
1194,21,3.0,0.714285714285714,"(-10880958.414929397, 3538456.314082973)",1.0259872715644
1194,22,3.0,0.714285714285714,"(-10880958.414929397, 3538456.314082973)",1.0259872715644
1194,23,3.0,0.571428571428571,"(-10880958.414929397, 3538456.314082973)",1.0259872715644
1195,0,2.0,0.857142857142857,"(-10889084.737757307, 3534960.5378492284)",1.0233727677681235
1195,1,2.0,0.571428571428571,"(-10889084.737757307, 3534960.5378492284)",1.0233727677681235
1195,2,2.0,0.285714285714286,"(-10889084.737757307, 3534960.5378492284)",1.0233727677681235
1195,3,2.0,0.142857142857143,"(-10889084.737757307, 3534960.5378492284)",1.0233727677681235
1195,4,2.0,0.571428571428571,"(-10889084.737757307, 3534960.5378492284)",1.0233727677681235
1195,5,2.0,0.571428571428571,"(-10889084.737757307, 3534960.5378492284)",1.0233727677681235
1195,6,2.0,0.285714285714286,"(-10889084.737757307, 3534960.5378492284)",1.0233727677681235
1195,7,2.0,0.142857142857143,"(-10889084.737757307, 3534960.5378492284)",1.0233727677681235
1195,8,2.0,0.428571428571429,"(-10889084.737757307, 3534960.5378492284)",1.0233727677681235
1195,9,2.0,0.571428571428571,"(-10889084.737757307, 3534960.5378492284)",1.0233727677681235
1195,10,2.0,0.142857142857143,"(-10889084.737757307, 3534960.5378492284)",1.0233727677681235
1195,11,2.0,0.142857142857143,"(-10889084.737757307, 3534960.5378492284)",1.0233727677681235
1195,12,2.0,0.0,"(-10889084.737757307, 3534960.5378492284)",1.0233727677681235
1195,13,2.0,0.0,"(-10889084.737757307, 3534960.5378492284)",1.0233727677681235
1195,14,2.0,0.428571428571429,"(-10889084.737757307, 3534960.5378492284)",1.0233727677681235
1195,15,2.0,0.285714285714286,"(-10889084.737757307, 3534960.5378492284)",1.0233727677681235
1195,16,2.0,0.142857142857143,"(-10889084.737757307, 3534960.5378492284)",1.0233727677681235
1195,17,2.0,0.142857142857143,"(-10889084.737757307, 3534960.5378492284)",1.0233727677681235
1195,18,2.0,0.428571428571429,"(-10889084.737757307, 3534960.5378492284)",1.0233727677681235
1195,19,2.0,1.0,"(-10889084.737757307, 3534960.5378492284)",1.0233727677681235
1195,20,2.0,0.714285714285714,"(-10889084.737757307, 3534960.5378492284)",1.0233727677681235
1195,21,2.0,0.428571428571429,"(-10889084.737757307, 3534960.5378492284)",1.0233727677681235
1195,22,2.0,0.285714285714286,"(-10889084.737757307, 3534960.5378492284)",1.0233727677681235
1195,23,2.0,0.714285714285714,"(-10889084.737757307, 3534960.5378492284)",1.0233727677681235
1196,0,2.0,0.142857142857143,"(-10886872.26287779, 3533430.4326178697)",1.0233727677681235
1196,1,2.0,0.142857142857143,"(-10886872.26287779, 3533430.4326178697)",1.0233727677681235
1196,2,2.0,0.142857142857143,"(-10886872.26287779, 3533430.4326178697)",1.0233727677681235
1196,3,2.0,0.142857142857143,"(-10886872.26287779, 3533430.4326178697)",1.0233727677681235
1196,4,2.0,0.285714285714286,"(-10886872.26287779, 3533430.4326178697)",1.0233727677681235
1196,5,2.0,0.285714285714286,"(-10886872.26287779, 3533430.4326178697)",1.0233727677681235
1196,6,2.0,0.285714285714286,"(-10886872.26287779, 3533430.4326178697)",1.0233727677681235
1196,7,2.0,0.428571428571429,"(-10886872.26287779, 3533430.4326178697)",1.0233727677681235
1196,8,2.0,0.285714285714286,"(-10886872.26287779, 3533430.4326178697)",1.0233727677681235
1196,9,2.0,0.142857142857143,"(-10886872.26287779, 3533430.4326178697)",1.0233727677681235
1196,10,2.0,0.0,"(-10886872.26287779, 3533430.4326178697)",1.0233727677681235
1196,11,2.0,0.285714285714286,"(-10886872.26287779, 3533430.4326178697)",1.0233727677681235
1196,12,2.0,0.0,"(-10886872.26287779, 3533430.4326178697)",1.0233727677681235
1196,13,2.0,0.0,"(-10886872.26287779, 3533430.4326178697)",1.0233727677681235
1196,14,2.0,0.0,"(-10886872.26287779, 3533430.4326178697)",1.0233727677681235
1196,15,2.0,0.142857142857143,"(-10886872.26287779, 3533430.4326178697)",1.0233727677681235
1196,16,2.0,0.142857142857143,"(-10886872.26287779, 3533430.4326178697)",1.0233727677681235
1196,17,2.0,0.0,"(-10886872.26287779, 3533430.4326178697)",1.0233727677681235
1196,18,2.0,0.428571428571429,"(-10886872.26287779, 3533430.4326178697)",1.0233727677681235
1196,19,2.0,0.142857142857143,"(-10886872.26287779, 3533430.4326178697)",1.0233727677681235
1196,20,2.0,0.0,"(-10886872.26287779, 3533430.4326178697)",1.0233727677681235
1196,21,2.0,0.0,"(-10886872.26287779, 3533430.4326178697)",1.0233727677681235
1196,22,2.0,0.0,"(-10886872.26287779, 3533430.4326178697)",1.0233727677681235
1196,23,2.0,0.0,"(-10886872.26287779, 3533430.4326178697)",1.0233727677681235
1197,0,4.0,0.857142857142857,"(-10893593.177134436, 3535411.5515096486)",1.0086057440826435
1197,1,4.0,0.857142857142857,"(-10893593.177134436, 3535411.5515096486)",1.0086057440826435
1197,2,4.0,1.0,"(-10893593.177134436, 3535411.5515096486)",1.0086057440826435
1197,3,4.0,0.428571428571429,"(-10893593.177134436, 3535411.5515096486)",1.0086057440826435
1197,4,4.0,0.571428571428571,"(-10893593.177134436, 3535411.5515096486)",1.0086057440826435
1197,5,4.0,0.714285714285714,"(-10893593.177134436, 3535411.5515096486)",1.0086057440826435
1197,6,4.0,0.857142857142857,"(-10893593.177134436, 3535411.5515096486)",1.0086057440826435
1197,7,4.0,1.0,"(-10893593.177134436, 3535411.5515096486)",1.0086057440826435
1197,8,4.0,1.28571428571429,"(-10893593.177134436, 3535411.5515096486)",1.0086057440826435
1197,9,4.0,1.0,"(-10893593.177134436, 3535411.5515096486)",1.0086057440826435
1197,10,4.0,0.571428571428571,"(-10893593.177134436, 3535411.5515096486)",1.0086057440826435
1197,11,4.0,0.428571428571429,"(-10893593.177134436, 3535411.5515096486)",1.0086057440826435
1197,12,4.0,0.142857142857143,"(-10893593.177134436, 3535411.5515096486)",1.0086057440826435
1197,13,4.0,0.571428571428571,"(-10893593.177134436, 3535411.5515096486)",1.0086057440826435
1197,14,4.0,0.571428571428571,"(-10893593.177134436, 3535411.5515096486)",1.0086057440826435
1197,15,4.0,0.571428571428571,"(-10893593.177134436, 3535411.5515096486)",1.0086057440826435
1197,16,4.0,0.571428571428571,"(-10893593.177134436, 3535411.5515096486)",1.0086057440826435
1197,17,4.0,0.857142857142857,"(-10893593.177134436, 3535411.5515096486)",1.0086057440826435
1197,18,4.0,0.714285714285714,"(-10893593.177134436, 3535411.5515096486)",1.0086057440826435
1197,19,4.0,0.857142857142857,"(-10893593.177134436, 3535411.5515096486)",1.0086057440826435
1197,20,4.0,0.571428571428571,"(-10893593.177134436, 3535411.5515096486)",1.0086057440826435
1197,21,4.0,0.714285714285714,"(-10893593.177134436, 3535411.5515096486)",1.0086057440826435
1197,22,4.0,0.857142857142857,"(-10893593.177134436, 3535411.5515096486)",1.0086057440826435
1197,23,4.0,1.42857142857143,"(-10893593.177134436, 3535411.5515096486)",1.0086057440826435
1198,0,4.0,0.285714285714286,"(-10884256.254844148, 3537860.19178691)",1.0244001332610029
1198,1,4.0,0.428571428571429,"(-10884256.254844148, 3537860.19178691)",1.0244001332610029
1198,2,4.0,0.571428571428571,"(-10884256.254844148, 3537860.19178691)",1.0244001332610029
1198,3,4.0,0.285714285714286,"(-10884256.254844148, 3537860.19178691)",1.0244001332610029
1198,4,4.0,1.28571428571429,"(-10884256.254844148, 3537860.19178691)",1.0244001332610029
1198,5,4.0,0.857142857142857,"(-10884256.254844148, 3537860.19178691)",1.0244001332610029
1198,6,4.0,0.714285714285714,"(-10884256.254844148, 3537860.19178691)",1.0244001332610029
1198,7,4.0,0.285714285714286,"(-10884256.254844148, 3537860.19178691)",1.0244001332610029
1198,8,4.0,0.428571428571429,"(-10884256.254844148, 3537860.19178691)",1.0244001332610029
1198,9,4.0,0.714285714285714,"(-10884256.254844148, 3537860.19178691)",1.0244001332610029
1198,10,4.0,1.14285714285714,"(-10884256.254844148, 3537860.19178691)",1.0244001332610029
1198,11,4.0,1.57142857142857,"(-10884256.254844148, 3537860.19178691)",1.0244001332610029
1198,12,4.0,1.14285714285714,"(-10884256.254844148, 3537860.19178691)",1.0244001332610029
1198,13,4.0,0.571428571428571,"(-10884256.254844148, 3537860.19178691)",1.0244001332610029
1198,14,4.0,0.285714285714286,"(-10884256.254844148, 3537860.19178691)",1.0244001332610029
1198,15,4.0,0.857142857142857,"(-10884256.254844148, 3537860.19178691)",1.0244001332610029
1198,16,4.0,1.57142857142857,"(-10884256.254844148, 3537860.19178691)",1.0244001332610029
1198,17,4.0,1.28571428571429,"(-10884256.254844148, 3537860.19178691)",1.0244001332610029
1198,18,4.0,0.857142857142857,"(-10884256.254844148, 3537860.19178691)",1.0244001332610029
1198,19,4.0,0.714285714285714,"(-10884256.254844148, 3537860.19178691)",1.0244001332610029
1198,20,4.0,1.28571428571429,"(-10884256.254844148, 3537860.19178691)",1.0244001332610029
1198,21,4.0,1.0,"(-10884256.254844148, 3537860.19178691)",1.0244001332610029
1198,22,4.0,0.571428571428571,"(-10884256.254844148, 3537860.19178691)",1.0244001332610029
1198,23,4.0,0.142857142857143,"(-10884256.254844148, 3537860.19178691)",1.0244001332610029
1199,0,2.0,0.142857142857143,"(-10893161.81410761, 3531610.6533404617)",1.0171915958234041
1199,1,2.0,0.0,"(-10893161.81410761, 3531610.6533404617)",1.0171915958234041
1199,2,2.0,0.0,"(-10893161.81410761, 3531610.6533404617)",1.0171915958234041
1199,3,2.0,0.142857142857143,"(-10893161.81410761, 3531610.6533404617)",1.0171915958234041
1199,4,2.0,0.142857142857143,"(-10893161.81410761, 3531610.6533404617)",1.0171915958234041
1199,5,2.0,0.285714285714286,"(-10893161.81410761, 3531610.6533404617)",1.0171915958234041
1199,6,2.0,0.285714285714286,"(-10893161.81410761, 3531610.6533404617)",1.0171915958234041
1199,7,2.0,0.285714285714286,"(-10893161.81410761, 3531610.6533404617)",1.0171915958234041
1199,8,2.0,0.142857142857143,"(-10893161.81410761, 3531610.6533404617)",1.0171915958234041
1199,9,2.0,0.142857142857143,"(-10893161.81410761, 3531610.6533404617)",1.0171915958234041
1199,10,2.0,0.0,"(-10893161.81410761, 3531610.6533404617)",1.0171915958234041
1199,11,2.0,0.0,"(-10893161.81410761, 3531610.6533404617)",1.0171915958234041
1199,12,2.0,0.142857142857143,"(-10893161.81410761, 3531610.6533404617)",1.0171915958234041
1199,13,2.0,0.142857142857143,"(-10893161.81410761, 3531610.6533404617)",1.0171915958234041
1199,14,2.0,0.0,"(-10893161.81410761, 3531610.6533404617)",1.0171915958234041
1199,15,2.0,0.142857142857143,"(-10893161.81410761, 3531610.6533404617)",1.0171915958234041
1199,16,2.0,0.142857142857143,"(-10893161.81410761, 3531610.6533404617)",1.0171915958234041
1199,17,2.0,0.285714285714286,"(-10893161.81410761, 3531610.6533404617)",1.0171915958234041
1199,18,2.0,0.428571428571429,"(-10893161.81410761, 3531610.6533404617)",1.0171915958234041
1199,19,2.0,0.285714285714286,"(-10893161.81410761, 3531610.6533404617)",1.0171915958234041
1199,20,2.0,0.285714285714286,"(-10893161.81410761, 3531610.6533404617)",1.0171915958234041
1199,21,2.0,0.142857142857143,"(-10893161.81410761, 3531610.6533404617)",1.0171915958234041
1199,22,2.0,0.571428571428571,"(-10893161.81410761, 3531610.6533404617)",1.0171915958234041
1199,23,2.0,0.428571428571429,"(-10893161.81410761, 3531610.6533404617)",1.0171915958234041
1200,0,4.0,0.428571428571429,"(-10882586.462482251, 3538714.105396133)",1.0259872715644
1200,1,4.0,0.142857142857143,"(-10882586.462482251, 3538714.105396133)",1.0259872715644
1200,2,4.0,0.285714285714286,"(-10882586.462482251, 3538714.105396133)",1.0259872715644
1200,3,4.0,0.142857142857143,"(-10882586.462482251, 3538714.105396133)",1.0259872715644
1200,4,4.0,0.285714285714286,"(-10882586.462482251, 3538714.105396133)",1.0259872715644
1200,5,4.0,0.571428571428571,"(-10882586.462482251, 3538714.105396133)",1.0259872715644
1200,6,4.0,1.0,"(-10882586.462482251, 3538714.105396133)",1.0259872715644
1200,7,4.0,0.428571428571429,"(-10882586.462482251, 3538714.105396133)",1.0259872715644
1200,8,4.0,0.285714285714286,"(-10882586.462482251, 3538714.105396133)",1.0259872715644
1200,9,4.0,0.285714285714286,"(-10882586.462482251, 3538714.105396133)",1.0259872715644
1200,10,4.0,0.142857142857143,"(-10882586.462482251, 3538714.105396133)",1.0259872715644
1200,11,4.0,0.142857142857143,"(-10882586.462482251, 3538714.105396133)",1.0259872715644
1200,12,4.0,0.0,"(-10882586.462482251, 3538714.105396133)",1.0259872715644
1200,13,4.0,0.285714285714286,"(-10882586.462482251, 3538714.105396133)",1.0259872715644
1200,14,4.0,0.142857142857143,"(-10882586.462482251, 3538714.105396133)",1.0259872715644
1200,15,4.0,0.142857142857143,"(-10882586.462482251, 3538714.105396133)",1.0259872715644
1200,16,4.0,0.285714285714286,"(-10882586.462482251, 3538714.105396133)",1.0259872715644
1200,17,4.0,0.0,"(-10882586.462482251, 3538714.105396133)",1.0259872715644
1200,18,4.0,0.142857142857143,"(-10882586.462482251, 3538714.105396133)",1.0259872715644
1200,19,4.0,0.285714285714286,"(-10882586.462482251, 3538714.105396133)",1.0259872715644
1200,20,4.0,0.428571428571429,"(-10882586.462482251, 3538714.105396133)",1.0259872715644
1200,21,4.0,0.428571428571429,"(-10882586.462482251, 3538714.105396133)",1.0259872715644
1200,22,4.0,0.714285714285714,"(-10882586.462482251, 3538714.105396133)",1.0259872715644
1200,23,4.0,0.571428571428571,"(-10882586.462482251, 3538714.105396133)",1.0259872715644
1201,0,4.0,0.0,"(-10883463.103472246, 3541953.05642192)",1.0259872715644
1201,1,4.0,0.142857142857143,"(-10883463.103472246, 3541953.05642192)",1.0259872715644
1201,2,4.0,0.285714285714286,"(-10883463.103472246, 3541953.05642192)",1.0259872715644
1201,3,4.0,0.714285714285714,"(-10883463.103472246, 3541953.05642192)",1.0259872715644
1201,4,4.0,1.28571428571429,"(-10883463.103472246, 3541953.05642192)",1.0259872715644
1201,5,4.0,0.857142857142857,"(-10883463.103472246, 3541953.05642192)",1.0259872715644
1201,6,4.0,0.714285714285714,"(-10883463.103472246, 3541953.05642192)",1.0259872715644
1201,7,4.0,0.571428571428571,"(-10883463.103472246, 3541953.05642192)",1.0259872715644
1201,8,4.0,0.285714285714286,"(-10883463.103472246, 3541953.05642192)",1.0259872715644
1201,9,4.0,0.857142857142857,"(-10883463.103472246, 3541953.05642192)",1.0259872715644
1201,10,4.0,0.714285714285714,"(-10883463.103472246, 3541953.05642192)",1.0259872715644
1201,11,4.0,0.714285714285714,"(-10883463.103472246, 3541953.05642192)",1.0259872715644
1201,12,4.0,0.428571428571429,"(-10883463.103472246, 3541953.05642192)",1.0259872715644
1201,13,4.0,0.285714285714286,"(-10883463.103472246, 3541953.05642192)",1.0259872715644
1201,14,4.0,0.0,"(-10883463.103472246, 3541953.05642192)",1.0259872715644
1201,15,4.0,0.285714285714286,"(-10883463.103472246, 3541953.05642192)",1.0259872715644
1201,16,4.0,0.285714285714286,"(-10883463.103472246, 3541953.05642192)",1.0259872715644
1201,17,4.0,0.285714285714286,"(-10883463.103472246, 3541953.05642192)",1.0259872715644
1201,18,4.0,0.285714285714286,"(-10883463.103472246, 3541953.05642192)",1.0259872715644
1201,19,4.0,0.142857142857143,"(-10883463.103472246, 3541953.05642192)",1.0259872715644
1201,20,4.0,0.428571428571429,"(-10883463.103472246, 3541953.05642192)",1.0259872715644
1201,21,4.0,0.714285714285714,"(-10883463.103472246, 3541953.05642192)",1.0259872715644
1201,22,4.0,0.428571428571429,"(-10883463.103472246, 3541953.05642192)",1.0259872715644
1201,23,4.0,0.142857142857143,"(-10883463.103472246, 3541953.05642192)",1.0259872715644
1202,0,2.0,0.142857142857143,"(-10881570.672128761, 3538391.8670753674)",1.0259872715644
1202,1,2.0,0.428571428571429,"(-10881570.672128761, 3538391.8670753674)",1.0259872715644
1202,2,2.0,0.142857142857143,"(-10881570.672128761, 3538391.8670753674)",1.0259872715644
1202,3,2.0,0.0,"(-10881570.672128761, 3538391.8670753674)",1.0259872715644
1202,4,2.0,0.285714285714286,"(-10881570.672128761, 3538391.8670753674)",1.0259872715644
1202,5,2.0,0.428571428571429,"(-10881570.672128761, 3538391.8670753674)",1.0259872715644
1202,6,2.0,0.285714285714286,"(-10881570.672128761, 3538391.8670753674)",1.0259872715644
1202,7,2.0,0.857142857142857,"(-10881570.672128761, 3538391.8670753674)",1.0259872715644
1202,8,2.0,0.428571428571429,"(-10881570.672128761, 3538391.8670753674)",1.0259872715644
1202,9,2.0,0.285714285714286,"(-10881570.672128761, 3538391.8670753674)",1.0259872715644
1202,10,2.0,0.0,"(-10881570.672128761, 3538391.8670753674)",1.0259872715644
1202,11,2.0,0.285714285714286,"(-10881570.672128761, 3538391.8670753674)",1.0259872715644
1202,12,2.0,0.285714285714286,"(-10881570.672128761, 3538391.8670753674)",1.0259872715644
1202,13,2.0,0.0,"(-10881570.672128761, 3538391.8670753674)",1.0259872715644
1202,14,2.0,0.0,"(-10881570.672128761, 3538391.8670753674)",1.0259872715644
1202,15,2.0,0.0,"(-10881570.672128761, 3538391.8670753674)",1.0259872715644
1202,16,2.0,0.0,"(-10881570.672128761, 3538391.8670753674)",1.0259872715644
1202,17,2.0,0.285714285714286,"(-10881570.672128761, 3538391.8670753674)",1.0259872715644
1202,18,2.0,0.142857142857143,"(-10881570.672128761, 3538391.8670753674)",1.0259872715644
1202,19,2.0,0.142857142857143,"(-10881570.672128761, 3538391.8670753674)",1.0259872715644
1202,20,2.0,0.285714285714286,"(-10881570.672128761, 3538391.8670753674)",1.0259872715644
1202,21,2.0,0.428571428571429,"(-10881570.672128761, 3538391.8670753674)",1.0259872715644
1202,22,2.0,0.428571428571429,"(-10881570.672128761, 3538391.8670753674)",1.0259872715644
1202,23,2.0,0.285714285714286,"(-10881570.672128761, 3538391.8670753674)",1.0259872715644
1203,0,4.0,1.0,"(-10883254.37942701, 3542839.481142929)",1.0259872715644
1203,1,4.0,0.571428571428571,"(-10883254.37942701, 3542839.481142929)",1.0259872715644
1203,2,4.0,0.857142857142857,"(-10883254.37942701, 3542839.481142929)",1.0259872715644
1203,3,4.0,1.0,"(-10883254.37942701, 3542839.481142929)",1.0259872715644
1203,4,4.0,1.14285714285714,"(-10883254.37942701, 3542839.481142929)",1.0259872715644
1203,5,4.0,1.0,"(-10883254.37942701, 3542839.481142929)",1.0259872715644
1203,6,4.0,1.0,"(-10883254.37942701, 3542839.481142929)",1.0259872715644
1203,7,4.0,1.42857142857143,"(-10883254.37942701, 3542839.481142929)",1.0259872715644
1203,8,4.0,0.571428571428571,"(-10883254.37942701, 3542839.481142929)",1.0259872715644
1203,9,4.0,0.428571428571429,"(-10883254.37942701, 3542839.481142929)",1.0259872715644
1203,10,4.0,0.571428571428571,"(-10883254.37942701, 3542839.481142929)",1.0259872715644
1203,11,4.0,1.0,"(-10883254.37942701, 3542839.481142929)",1.0259872715644
1203,12,4.0,0.714285714285714,"(-10883254.37942701, 3542839.481142929)",1.0259872715644
1203,13,4.0,0.857142857142857,"(-10883254.37942701, 3542839.481142929)",1.0259872715644
1203,14,4.0,0.285714285714286,"(-10883254.37942701, 3542839.481142929)",1.0259872715644
1203,15,4.0,0.142857142857143,"(-10883254.37942701, 3542839.481142929)",1.0259872715644
1203,16,4.0,0.142857142857143,"(-10883254.37942701, 3542839.481142929)",1.0259872715644
1203,17,4.0,0.285714285714286,"(-10883254.37942701, 3542839.481142929)",1.0259872715644
1203,18,4.0,0.428571428571429,"(-10883254.37942701, 3542839.481142929)",1.0259872715644
1203,19,4.0,0.857142857142857,"(-10883254.37942701, 3542839.481142929)",1.0259872715644
1203,20,4.0,1.14285714285714,"(-10883254.37942701, 3542839.481142929)",1.0259872715644
1203,21,4.0,1.28571428571429,"(-10883254.37942701, 3542839.481142929)",1.0259872715644
1203,22,4.0,1.42857142857143,"(-10883254.37942701, 3542839.481142929)",1.0259872715644
1203,23,4.0,1.42857142857143,"(-10883254.37942701, 3542839.481142929)",1.0259872715644
1204,0,2.0,0.571428571428571,"(-10881236.71365638, 3536974.115942432)",1.0244001332610029
1204,1,2.0,0.428571428571429,"(-10881236.71365638, 3536974.115942432)",1.0244001332610029
1204,2,2.0,0.571428571428571,"(-10881236.71365638, 3536974.115942432)",1.0244001332610029
1204,3,2.0,0.428571428571429,"(-10881236.71365638, 3536974.115942432)",1.0244001332610029
1204,4,2.0,0.428571428571429,"(-10881236.71365638, 3536974.115942432)",1.0244001332610029
1204,5,2.0,0.142857142857143,"(-10881236.71365638, 3536974.115942432)",1.0244001332610029
1204,6,2.0,0.142857142857143,"(-10881236.71365638, 3536974.115942432)",1.0244001332610029
1204,7,2.0,0.142857142857143,"(-10881236.71365638, 3536974.115942432)",1.0244001332610029
1204,8,2.0,0.142857142857143,"(-10881236.71365638, 3536974.115942432)",1.0244001332610029
1204,9,2.0,0.285714285714286,"(-10881236.71365638, 3536974.115942432)",1.0244001332610029
1204,10,2.0,0.0,"(-10881236.71365638, 3536974.115942432)",1.0244001332610029
1204,11,2.0,0.285714285714286,"(-10881236.71365638, 3536974.115942432)",1.0244001332610029
1204,12,2.0,0.428571428571429,"(-10881236.71365638, 3536974.115942432)",1.0244001332610029
1204,13,2.0,0.285714285714286,"(-10881236.71365638, 3536974.115942432)",1.0244001332610029
1204,14,2.0,0.142857142857143,"(-10881236.71365638, 3536974.115942432)",1.0244001332610029
1204,15,2.0,0.285714285714286,"(-10881236.71365638, 3536974.115942432)",1.0244001332610029
1204,16,2.0,0.285714285714286,"(-10881236.71365638, 3536974.115942432)",1.0244001332610029
1204,17,2.0,0.0,"(-10881236.71365638, 3536974.115942432)",1.0244001332610029
1204,18,2.0,0.285714285714286,"(-10881236.71365638, 3536974.115942432)",1.0244001332610029
1204,19,2.0,0.428571428571429,"(-10881236.71365638, 3536974.115942432)",1.0244001332610029
1204,20,2.0,0.142857142857143,"(-10881236.71365638, 3536974.115942432)",1.0244001332610029
1204,21,2.0,0.0,"(-10881236.71365638, 3536974.115942432)",1.0244001332610029
1204,22,2.0,0.0,"(-10881236.71365638, 3536974.115942432)",1.0244001332610029
1204,23,2.0,0.285714285714286,"(-10881236.71365638, 3536974.115942432)",1.0244001332610029
1205,0,2.0,0.285714285714286,"(-10882586.462482251, 3536651.921924106)",1.0244001332610029
1205,1,2.0,0.428571428571429,"(-10882586.462482251, 3536651.921924106)",1.0244001332610029
1205,2,2.0,0.285714285714286,"(-10882586.462482251, 3536651.921924106)",1.0244001332610029
1205,3,2.0,0.142857142857143,"(-10882586.462482251, 3536651.921924106)",1.0244001332610029
1205,4,2.0,0.285714285714286,"(-10882586.462482251, 3536651.921924106)",1.0244001332610029
1205,5,2.0,0.285714285714286,"(-10882586.462482251, 3536651.921924106)",1.0244001332610029
1205,6,2.0,0.285714285714286,"(-10882586.462482251, 3536651.921924106)",1.0244001332610029
1205,7,2.0,0.571428571428571,"(-10882586.462482251, 3536651.921924106)",1.0244001332610029
1205,8,2.0,0.142857142857143,"(-10882586.462482251, 3536651.921924106)",1.0244001332610029
1205,9,2.0,0.285714285714286,"(-10882586.462482251, 3536651.921924106)",1.0244001332610029
1205,10,2.0,0.142857142857143,"(-10882586.462482251, 3536651.921924106)",1.0244001332610029
1205,11,2.0,0.142857142857143,"(-10882586.462482251, 3536651.921924106)",1.0244001332610029
1205,12,2.0,0.428571428571429,"(-10882586.462482251, 3536651.921924106)",1.0244001332610029
1205,13,2.0,0.571428571428571,"(-10882586.462482251, 3536651.921924106)",1.0244001332610029
1205,14,2.0,0.571428571428571,"(-10882586.462482251, 3536651.921924106)",1.0244001332610029
1205,15,2.0,0.714285714285714,"(-10882586.462482251, 3536651.921924106)",1.0244001332610029
1205,16,2.0,0.428571428571429,"(-10882586.462482251, 3536651.921924106)",1.0244001332610029
1205,17,2.0,0.142857142857143,"(-10882586.462482251, 3536651.921924106)",1.0244001332610029
1205,18,2.0,0.285714285714286,"(-10882586.462482251, 3536651.921924106)",1.0244001332610029
1205,19,2.0,0.285714285714286,"(-10882586.462482251, 3536651.921924106)",1.0244001332610029
1205,20,2.0,0.428571428571429,"(-10882586.462482251, 3536651.921924106)",1.0244001332610029
1205,21,2.0,0.285714285714286,"(-10882586.462482251, 3536651.921924106)",1.0244001332610029
1205,22,2.0,0.571428571428571,"(-10882586.462482251, 3536651.921924106)",1.0244001332610029
1205,23,2.0,0.428571428571429,"(-10882586.462482251, 3536651.921924106)",1.0244001332610029
1206,0,4.0,0.285714285714286,"(-10882322.078691617, 3544306.2476709294)",1.0259872715644
1206,1,4.0,0.428571428571429,"(-10882322.078691617, 3544306.2476709294)",1.0259872715644
1206,2,4.0,0.428571428571429,"(-10882322.078691617, 3544306.2476709294)",1.0259872715644
1206,3,4.0,0.142857142857143,"(-10882322.078691617, 3544306.2476709294)",1.0259872715644
1206,4,4.0,0.571428571428571,"(-10882322.078691617, 3544306.2476709294)",1.0259872715644
1206,5,4.0,0.571428571428571,"(-10882322.078691617, 3544306.2476709294)",1.0259872715644
1206,6,4.0,0.571428571428571,"(-10882322.078691617, 3544306.2476709294)",1.0259872715644
1206,7,4.0,0.428571428571429,"(-10882322.078691617, 3544306.2476709294)",1.0259872715644
1206,8,4.0,0.285714285714286,"(-10882322.078691617, 3544306.2476709294)",1.0259872715644
1206,9,4.0,0.285714285714286,"(-10882322.078691617, 3544306.2476709294)",1.0259872715644
1206,10,4.0,0.571428571428571,"(-10882322.078691617, 3544306.2476709294)",1.0259872715644
1206,11,4.0,0.428571428571429,"(-10882322.078691617, 3544306.2476709294)",1.0259872715644
1206,12,4.0,0.428571428571429,"(-10882322.078691617, 3544306.2476709294)",1.0259872715644
1206,13,4.0,0.571428571428571,"(-10882322.078691617, 3544306.2476709294)",1.0259872715644
1206,14,4.0,0.428571428571429,"(-10882322.078691617, 3544306.2476709294)",1.0259872715644
1206,15,4.0,0.428571428571429,"(-10882322.078691617, 3544306.2476709294)",1.0259872715644
1206,16,4.0,0.571428571428571,"(-10882322.078691617, 3544306.2476709294)",1.0259872715644
1206,17,4.0,0.571428571428571,"(-10882322.078691617, 3544306.2476709294)",1.0259872715644
1206,18,4.0,0.714285714285714,"(-10882322.078691617, 3544306.2476709294)",1.0259872715644
1206,19,4.0,0.571428571428571,"(-10882322.078691617, 3544306.2476709294)",1.0259872715644
1206,20,4.0,0.285714285714286,"(-10882322.078691617, 3544306.2476709294)",1.0259872715644
1206,21,4.0,0.428571428571429,"(-10882322.078691617, 3544306.2476709294)",1.0259872715644
1206,22,4.0,0.285714285714286,"(-10882322.078691617, 3544306.2476709294)",1.0259872715644
1206,23,4.0,0.571428571428571,"(-10882322.078691617, 3544306.2476709294)",1.0259872715644
1207,0,4.0,0.0,"(-10881417.60782892, 3539165.252833962)",1.0259872715644
1207,1,4.0,0.285714285714286,"(-10881417.60782892, 3539165.252833962)",1.0259872715644
1207,2,4.0,0.714285714285714,"(-10881417.60782892, 3539165.252833962)",1.0259872715644
1207,3,4.0,0.857142857142857,"(-10881417.60782892, 3539165.252833962)",1.0259872715644
1207,4,4.0,1.0,"(-10881417.60782892, 3539165.252833962)",1.0259872715644
1207,5,4.0,0.285714285714286,"(-10881417.60782892, 3539165.252833962)",1.0259872715644
1207,6,4.0,0.142857142857143,"(-10881417.60782892, 3539165.252833962)",1.0259872715644
1207,7,4.0,0.285714285714286,"(-10881417.60782892, 3539165.252833962)",1.0259872715644
1207,8,4.0,0.857142857142857,"(-10881417.60782892, 3539165.252833962)",1.0259872715644
1207,9,4.0,0.714285714285714,"(-10881417.60782892, 3539165.252833962)",1.0259872715644
1207,10,4.0,0.428571428571429,"(-10881417.60782892, 3539165.252833962)",1.0259872715644
1207,11,4.0,0.428571428571429,"(-10881417.60782892, 3539165.252833962)",1.0259872715644
1207,12,4.0,0.571428571428571,"(-10881417.60782892, 3539165.252833962)",1.0259872715644
1207,13,4.0,0.714285714285714,"(-10881417.60782892, 3539165.252833962)",1.0259872715644
1207,14,4.0,0.428571428571429,"(-10881417.60782892, 3539165.252833962)",1.0259872715644
1207,15,4.0,0.285714285714286,"(-10881417.60782892, 3539165.252833962)",1.0259872715644
1207,16,4.0,0.0,"(-10881417.60782892, 3539165.252833962)",1.0259872715644
1207,17,4.0,0.0,"(-10881417.60782892, 3539165.252833962)",1.0259872715644
1207,18,4.0,0.0,"(-10881417.60782892, 3539165.252833962)",1.0259872715644
1207,19,4.0,0.428571428571429,"(-10881417.60782892, 3539165.252833962)",1.0259872715644
1207,20,4.0,0.142857142857143,"(-10881417.60782892, 3539165.252833962)",1.0259872715644
1207,21,4.0,0.285714285714286,"(-10881417.60782892, 3539165.252833962)",1.0259872715644
1207,22,4.0,0.285714285714286,"(-10881417.60782892, 3539165.252833962)",1.0259872715644
1207,23,4.0,0.142857142857143,"(-10881417.60782892, 3539165.252833962)",1.0259872715644
1208,0,4.0,0.285714285714286,"(-10881487.182510667, 3537892.4138957523)",1.0244001332610029
1208,1,4.0,0.142857142857143,"(-10881487.182510667, 3537892.4138957523)",1.0244001332610029
1208,2,4.0,0.142857142857143,"(-10881487.182510667, 3537892.4138957523)",1.0244001332610029
1208,3,4.0,0.142857142857143,"(-10881487.182510667, 3537892.4138957523)",1.0244001332610029
1208,4,4.0,0.142857142857143,"(-10881487.182510667, 3537892.4138957523)",1.0244001332610029
1208,5,4.0,0.0,"(-10881487.182510667, 3537892.4138957523)",1.0244001332610029
1208,6,4.0,0.285714285714286,"(-10881487.182510667, 3537892.4138957523)",1.0244001332610029
1208,7,4.0,0.428571428571429,"(-10881487.182510667, 3537892.4138957523)",1.0244001332610029
1208,8,4.0,0.571428571428571,"(-10881487.182510667, 3537892.4138957523)",1.0244001332610029
1208,9,4.0,0.714285714285714,"(-10881487.182510667, 3537892.4138957523)",1.0244001332610029
1208,10,4.0,1.0,"(-10881487.182510667, 3537892.4138957523)",1.0244001332610029
1208,11,4.0,0.428571428571429,"(-10881487.182510667, 3537892.4138957523)",1.0244001332610029
1208,12,4.0,0.428571428571429,"(-10881487.182510667, 3537892.4138957523)",1.0244001332610029
1208,13,4.0,0.428571428571429,"(-10881487.182510667, 3537892.4138957523)",1.0244001332610029
1208,14,4.0,0.142857142857143,"(-10881487.182510667, 3537892.4138957523)",1.0244001332610029
1208,15,4.0,0.0,"(-10881487.182510667, 3537892.4138957523)",1.0244001332610029
1208,16,4.0,0.285714285714286,"(-10881487.182510667, 3537892.4138957523)",1.0244001332610029
1208,17,4.0,0.428571428571429,"(-10881487.182510667, 3537892.4138957523)",1.0244001332610029
1208,18,4.0,0.571428571428571,"(-10881487.182510667, 3537892.4138957523)",1.0244001332610029
1208,19,4.0,0.714285714285714,"(-10881487.182510667, 3537892.4138957523)",1.0244001332610029
1208,20,4.0,0.571428571428571,"(-10881487.182510667, 3537892.4138957523)",1.0244001332610029
1208,21,4.0,0.285714285714286,"(-10881487.182510667, 3537892.4138957523)",1.0244001332610029
1208,22,4.0,0.285714285714286,"(-10881487.182510667, 3537892.4138957523)",1.0244001332610029
1208,23,4.0,0.428571428571429,"(-10881487.182510667, 3537892.4138957523)",1.0244001332610029
1209,0,10.0,1.71428571428571,"(-10880847.095438605, 3538134.0823274297)",1.0244001332610029
1209,1,10.0,1.0,"(-10880847.095438605, 3538134.0823274297)",1.0244001332610029
1209,2,10.0,0.714285714285714,"(-10880847.095438605, 3538134.0823274297)",1.0244001332610029
1209,3,10.0,0.857142857142857,"(-10880847.095438605, 3538134.0823274297)",1.0244001332610029
1209,4,10.0,1.0,"(-10880847.095438605, 3538134.0823274297)",1.0244001332610029
1209,5,10.0,1.0,"(-10880847.095438605, 3538134.0823274297)",1.0244001332610029
1209,6,10.0,0.571428571428571,"(-10880847.095438605, 3538134.0823274297)",1.0244001332610029
1209,7,10.0,1.0,"(-10880847.095438605, 3538134.0823274297)",1.0244001332610029
1209,8,10.0,0.571428571428571,"(-10880847.095438605, 3538134.0823274297)",1.0244001332610029
1209,9,10.0,1.42857142857143,"(-10880847.095438605, 3538134.0823274297)",1.0244001332610029
1209,10,10.0,1.14285714285714,"(-10880847.095438605, 3538134.0823274297)",1.0244001332610029
1209,11,10.0,2.0,"(-10880847.095438605, 3538134.0823274297)",1.0244001332610029
1209,12,10.0,2.14285714285714,"(-10880847.095438605, 3538134.0823274297)",1.0244001332610029
1209,13,10.0,1.85714285714286,"(-10880847.095438605, 3538134.0823274297)",1.0244001332610029
1209,14,10.0,1.85714285714286,"(-10880847.095438605, 3538134.0823274297)",1.0244001332610029
1209,15,10.0,1.0,"(-10880847.095438605, 3538134.0823274297)",1.0244001332610029
1209,16,10.0,0.285714285714286,"(-10880847.095438605, 3538134.0823274297)",1.0244001332610029
1209,17,10.0,0.428571428571429,"(-10880847.095438605, 3538134.0823274297)",1.0244001332610029
1209,18,10.0,0.428571428571429,"(-10880847.095438605, 3538134.0823274297)",1.0244001332610029
1209,19,10.0,1.28571428571429,"(-10880847.095438605, 3538134.0823274297)",1.0244001332610029
1209,20,10.0,2.85714285714286,"(-10880847.095438605, 3538134.0823274297)",1.0244001332610029
1209,21,10.0,2.85714285714286,"(-10880847.095438605, 3538134.0823274297)",1.0244001332610029
1209,22,10.0,3.85714285714286,"(-10880847.095438605, 3538134.0823274297)",1.0244001332610029
1209,23,10.0,2.42857142857143,"(-10880847.095438605, 3538134.0823274297)",1.0244001332610029
1210,0,6.0,1.71428571428571,"(-10881361.948083524, 3536603.5935287047)",1.0244001332610029
1210,1,6.0,1.14285714285714,"(-10881361.948083524, 3536603.5935287047)",1.0244001332610029
1210,2,6.0,0.857142857142857,"(-10881361.948083524, 3536603.5935287047)",1.0244001332610029
1210,3,6.0,1.14285714285714,"(-10881361.948083524, 3536603.5935287047)",1.0244001332610029
1210,4,6.0,1.42857142857143,"(-10881361.948083524, 3536603.5935287047)",1.0244001332610029
1210,5,6.0,1.0,"(-10881361.948083524, 3536603.5935287047)",1.0244001332610029
1210,6,6.0,0.857142857142857,"(-10881361.948083524, 3536603.5935287047)",1.0244001332610029
1210,7,6.0,1.57142857142857,"(-10881361.948083524, 3536603.5935287047)",1.0244001332610029
1210,8,6.0,1.28571428571429,"(-10881361.948083524, 3536603.5935287047)",1.0244001332610029
1210,9,6.0,1.14285714285714,"(-10881361.948083524, 3536603.5935287047)",1.0244001332610029
1210,10,6.0,1.42857142857143,"(-10881361.948083524, 3536603.5935287047)",1.0244001332610029
1210,11,6.0,0.714285714285714,"(-10881361.948083524, 3536603.5935287047)",1.0244001332610029
1210,12,6.0,1.0,"(-10881361.948083524, 3536603.5935287047)",1.0244001332610029
1210,13,6.0,0.428571428571429,"(-10881361.948083524, 3536603.5935287047)",1.0244001332610029
1210,14,6.0,0.857142857142857,"(-10881361.948083524, 3536603.5935287047)",1.0244001332610029
1210,15,6.0,0.857142857142857,"(-10881361.948083524, 3536603.5935287047)",1.0244001332610029
1210,16,6.0,0.857142857142857,"(-10881361.948083524, 3536603.5935287047)",1.0244001332610029
1210,17,6.0,0.428571428571429,"(-10881361.948083524, 3536603.5935287047)",1.0244001332610029
1210,18,6.0,0.428571428571429,"(-10881361.948083524, 3536603.5935287047)",1.0244001332610029
1210,19,6.0,0.571428571428571,"(-10881361.948083524, 3536603.5935287047)",1.0244001332610029
1210,20,6.0,0.714285714285714,"(-10881361.948083524, 3536603.5935287047)",1.0244001332610029
1210,21,6.0,0.571428571428571,"(-10881361.948083524, 3536603.5935287047)",1.0244001332610029
1210,22,6.0,0.714285714285714,"(-10881361.948083524, 3536603.5935287047)",1.0244001332610029
1210,23,6.0,1.28571428571429,"(-10881361.948083524, 3536603.5935287047)",1.0244001332610029
1211,0,4.0,0.857142857142857,"(-10881055.819483843, 3538069.636961026)",1.0244001332610029
1211,1,4.0,0.571428571428571,"(-10881055.819483843, 3538069.636961026)",1.0244001332610029
1211,2,4.0,0.285714285714286,"(-10881055.819483843, 3538069.636961026)",1.0244001332610029
1211,3,4.0,0.142857142857143,"(-10881055.819483843, 3538069.636961026)",1.0244001332610029
1211,4,4.0,0.285714285714286,"(-10881055.819483843, 3538069.636961026)",1.0244001332610029
1211,5,4.0,0.142857142857143,"(-10881055.819483843, 3538069.636961026)",1.0244001332610029
1211,6,4.0,0.285714285714286,"(-10881055.819483843, 3538069.636961026)",1.0244001332610029
1211,7,4.0,0.714285714285714,"(-10881055.819483843, 3538069.636961026)",1.0244001332610029
1211,8,4.0,1.0,"(-10881055.819483843, 3538069.636961026)",1.0244001332610029
1211,9,4.0,1.0,"(-10881055.819483843, 3538069.636961026)",1.0244001332610029
1211,10,4.0,0.857142857142857,"(-10881055.819483843, 3538069.636961026)",1.0244001332610029
1211,11,4.0,0.571428571428571,"(-10881055.819483843, 3538069.636961026)",1.0244001332610029
1211,12,4.0,0.285714285714286,"(-10881055.819483843, 3538069.636961026)",1.0244001332610029
1211,13,4.0,0.285714285714286,"(-10881055.819483843, 3538069.636961026)",1.0244001332610029
1211,14,4.0,0.285714285714286,"(-10881055.819483843, 3538069.636961026)",1.0244001332610029
1211,15,4.0,0.571428571428571,"(-10881055.819483843, 3538069.636961026)",1.0244001332610029
1211,16,4.0,0.142857142857143,"(-10881055.819483843, 3538069.636961026)",1.0244001332610029
1211,17,4.0,0.428571428571429,"(-10881055.819483843, 3538069.636961026)",1.0244001332610029
1211,18,4.0,1.0,"(-10881055.819483843, 3538069.636961026)",1.0244001332610029
1211,19,4.0,1.0,"(-10881055.819483843, 3538069.636961026)",1.0244001332610029
1211,20,4.0,1.14285714285714,"(-10881055.819483843, 3538069.636961026)",1.0244001332610029
1211,21,4.0,1.0,"(-10881055.819483843, 3538069.636961026)",1.0244001332610029
1211,22,4.0,1.0,"(-10881055.819483843, 3538069.636961026)",1.0244001332610029
1211,23,4.0,1.0,"(-10881055.819483843, 3538069.636961026)",1.0244001332610029
1212,0,4.0,0.857142857142857,"(-10882002.035155585, 3538053.525670709)",1.0244001332610029
1212,1,4.0,0.857142857142857,"(-10882002.035155585, 3538053.525670709)",1.0244001332610029
1212,2,4.0,1.14285714285714,"(-10882002.035155585, 3538053.525670709)",1.0244001332610029
1212,3,4.0,0.857142857142857,"(-10882002.035155585, 3538053.525670709)",1.0244001332610029
1212,4,4.0,0.714285714285714,"(-10882002.035155585, 3538053.525670709)",1.0244001332610029
1212,5,4.0,0.714285714285714,"(-10882002.035155585, 3538053.525670709)",1.0244001332610029
1212,6,4.0,1.0,"(-10882002.035155585, 3538053.525670709)",1.0244001332610029
1212,7,4.0,1.0,"(-10882002.035155585, 3538053.525670709)",1.0244001332610029
1212,8,4.0,1.28571428571429,"(-10882002.035155585, 3538053.525670709)",1.0244001332610029
1212,9,4.0,1.42857142857143,"(-10882002.035155585, 3538053.525670709)",1.0244001332610029
1212,10,4.0,1.14285714285714,"(-10882002.035155585, 3538053.525670709)",1.0244001332610029
1212,11,4.0,1.28571428571429,"(-10882002.035155585, 3538053.525670709)",1.0244001332610029
1212,12,4.0,1.28571428571429,"(-10882002.035155585, 3538053.525670709)",1.0244001332610029
1212,13,4.0,1.14285714285714,"(-10882002.035155585, 3538053.525670709)",1.0244001332610029
1212,14,4.0,1.0,"(-10882002.035155585, 3538053.525670709)",1.0244001332610029
1212,15,4.0,1.42857142857143,"(-10882002.035155585, 3538053.525670709)",1.0244001332610029
1212,16,4.0,1.14285714285714,"(-10882002.035155585, 3538053.525670709)",1.0244001332610029
1212,17,4.0,0.714285714285714,"(-10882002.035155585, 3538053.525670709)",1.0244001332610029
1212,18,4.0,1.14285714285714,"(-10882002.035155585, 3538053.525670709)",1.0244001332610029
1212,19,4.0,0.857142857142857,"(-10882002.035155585, 3538053.525670709)",1.0244001332610029
1212,20,4.0,1.28571428571429,"(-10882002.035155585, 3538053.525670709)",1.0244001332610029
1212,21,4.0,1.42857142857143,"(-10882002.035155585, 3538053.525670709)",1.0244001332610029
1212,22,4.0,1.57142857142857,"(-10882002.035155585, 3538053.525670709)",1.0244001332610029
1212,23,4.0,1.14285714285714,"(-10882002.035155585, 3538053.525670709)",1.0244001332610029
1213,0,4.0,0.571428571428571,"(-10881167.138974635, 3539245.8165694363)",1.0259872715644
1213,1,4.0,0.714285714285714,"(-10881167.138974635, 3539245.8165694363)",1.0259872715644
1213,2,4.0,1.0,"(-10881167.138974635, 3539245.8165694363)",1.0259872715644
1213,3,4.0,0.714285714285714,"(-10881167.138974635, 3539245.8165694363)",1.0259872715644
1213,4,4.0,0.714285714285714,"(-10881167.138974635, 3539245.8165694363)",1.0259872715644
1213,5,4.0,0.571428571428571,"(-10881167.138974635, 3539245.8165694363)",1.0259872715644
1213,6,4.0,1.28571428571429,"(-10881167.138974635, 3539245.8165694363)",1.0259872715644
1213,7,4.0,0.714285714285714,"(-10881167.138974635, 3539245.8165694363)",1.0259872715644
1213,8,4.0,0.857142857142857,"(-10881167.138974635, 3539245.8165694363)",1.0259872715644
1213,9,4.0,1.14285714285714,"(-10881167.138974635, 3539245.8165694363)",1.0259872715644
1213,10,4.0,1.14285714285714,"(-10881167.138974635, 3539245.8165694363)",1.0259872715644
1213,11,4.0,0.714285714285714,"(-10881167.138974635, 3539245.8165694363)",1.0259872715644
1213,12,4.0,0.428571428571429,"(-10881167.138974635, 3539245.8165694363)",1.0259872715644
1213,13,4.0,0.571428571428571,"(-10881167.138974635, 3539245.8165694363)",1.0259872715644
1213,14,4.0,0.857142857142857,"(-10881167.138974635, 3539245.8165694363)",1.0259872715644
1213,15,4.0,0.857142857142857,"(-10881167.138974635, 3539245.8165694363)",1.0259872715644
1213,16,4.0,1.0,"(-10881167.138974635, 3539245.8165694363)",1.0259872715644
1213,17,4.0,0.857142857142857,"(-10881167.138974635, 3539245.8165694363)",1.0259872715644
1213,18,4.0,0.857142857142857,"(-10881167.138974635, 3539245.8165694363)",1.0259872715644
1213,19,4.0,1.0,"(-10881167.138974635, 3539245.8165694363)",1.0259872715644
1213,20,4.0,1.28571428571429,"(-10881167.138974635, 3539245.8165694363)",1.0259872715644
1213,21,4.0,0.714285714285714,"(-10881167.138974635, 3539245.8165694363)",1.0259872715644
1213,22,4.0,0.285714285714286,"(-10881167.138974635, 3539245.8165694363)",1.0259872715644
1213,23,4.0,0.714285714285714,"(-10881167.138974635, 3539245.8165694363)",1.0259872715644
1214,0,4.0,0.428571428571429,"(-10883017.825509073, 3538875.227634247)",1.0259872715644
1214,1,4.0,0.428571428571429,"(-10883017.825509073, 3538875.227634247)",1.0259872715644
1214,2,4.0,0.285714285714286,"(-10883017.825509073, 3538875.227634247)",1.0259872715644
1214,3,4.0,0.142857142857143,"(-10883017.825509073, 3538875.227634247)",1.0259872715644
1214,4,4.0,0.714285714285714,"(-10883017.825509073, 3538875.227634247)",1.0259872715644
1214,5,4.0,0.428571428571429,"(-10883017.825509073, 3538875.227634247)",1.0259872715644
1214,6,4.0,0.428571428571429,"(-10883017.825509073, 3538875.227634247)",1.0259872715644
1214,7,4.0,0.714285714285714,"(-10883017.825509073, 3538875.227634247)",1.0259872715644
1214,8,4.0,0.857142857142857,"(-10883017.825509073, 3538875.227634247)",1.0259872715644
1214,9,4.0,1.14285714285714,"(-10883017.825509073, 3538875.227634247)",1.0259872715644
1214,10,4.0,1.0,"(-10883017.825509073, 3538875.227634247)",1.0259872715644
1214,11,4.0,0.714285714285714,"(-10883017.825509073, 3538875.227634247)",1.0259872715644
1214,12,4.0,0.714285714285714,"(-10883017.825509073, 3538875.227634247)",1.0259872715644
1214,13,4.0,0.714285714285714,"(-10883017.825509073, 3538875.227634247)",1.0259872715644
1214,14,4.0,0.714285714285714,"(-10883017.825509073, 3538875.227634247)",1.0259872715644
1214,15,4.0,0.571428571428571,"(-10883017.825509073, 3538875.227634247)",1.0259872715644
1214,16,4.0,0.285714285714286,"(-10883017.825509073, 3538875.227634247)",1.0259872715644
1214,17,4.0,0.285714285714286,"(-10883017.825509073, 3538875.227634247)",1.0259872715644
1214,18,4.0,0.285714285714286,"(-10883017.825509073, 3538875.227634247)",1.0259872715644
1214,19,4.0,0.428571428571429,"(-10883017.825509073, 3538875.227634247)",1.0259872715644
1214,20,4.0,0.142857142857143,"(-10883017.825509073, 3538875.227634247)",1.0259872715644
1214,21,4.0,0.285714285714286,"(-10883017.825509073, 3538875.227634247)",1.0259872715644
1214,22,4.0,0.285714285714286,"(-10883017.825509073, 3538875.227634247)",1.0259872715644
1214,23,4.0,0.571428571428571,"(-10883017.825509073, 3538875.227634247)",1.0259872715644
1215,0,4.0,0.857142857142857,"(-10882558.632609552, 3538536.873304105)",1.0259872715644
1215,1,4.0,0.428571428571429,"(-10882558.632609552, 3538536.873304105)",1.0259872715644
1215,2,4.0,0.571428571428571,"(-10882558.632609552, 3538536.873304105)",1.0259872715644
1215,3,4.0,0.714285714285714,"(-10882558.632609552, 3538536.873304105)",1.0259872715644
1215,4,4.0,1.0,"(-10882558.632609552, 3538536.873304105)",1.0259872715644
1215,5,4.0,1.0,"(-10882558.632609552, 3538536.873304105)",1.0259872715644
1215,6,4.0,0.857142857142857,"(-10882558.632609552, 3538536.873304105)",1.0259872715644
1215,7,4.0,0.714285714285714,"(-10882558.632609552, 3538536.873304105)",1.0259872715644
1215,8,4.0,0.857142857142857,"(-10882558.632609552, 3538536.873304105)",1.0259872715644
1215,9,4.0,0.571428571428571,"(-10882558.632609552, 3538536.873304105)",1.0259872715644
1215,10,4.0,0.571428571428571,"(-10882558.632609552, 3538536.873304105)",1.0259872715644
1215,11,4.0,0.571428571428571,"(-10882558.632609552, 3538536.873304105)",1.0259872715644
1215,12,4.0,0.857142857142857,"(-10882558.632609552, 3538536.873304105)",1.0259872715644
1215,13,4.0,0.571428571428571,"(-10882558.632609552, 3538536.873304105)",1.0259872715644
1215,14,4.0,0.714285714285714,"(-10882558.632609552, 3538536.873304105)",1.0259872715644
1215,15,4.0,0.857142857142857,"(-10882558.632609552, 3538536.873304105)",1.0259872715644
1215,16,4.0,0.714285714285714,"(-10882558.632609552, 3538536.873304105)",1.0259872715644
1215,17,4.0,0.857142857142857,"(-10882558.632609552, 3538536.873304105)",1.0259872715644
1215,18,4.0,1.0,"(-10882558.632609552, 3538536.873304105)",1.0259872715644
1215,19,4.0,1.14285714285714,"(-10882558.632609552, 3538536.873304105)",1.0259872715644
1215,20,4.0,0.857142857142857,"(-10882558.632609552, 3538536.873304105)",1.0259872715644
1215,21,4.0,1.14285714285714,"(-10882558.632609552, 3538536.873304105)",1.0259872715644
1215,22,4.0,1.28571428571429,"(-10882558.632609552, 3538536.873304105)",1.0259872715644
1215,23,4.0,1.28571428571429,"(-10882558.632609552, 3538536.873304105)",1.0259872715644
1216,0,4.0,1.0,"(-10883073.48525447, 3538810.77849277)",1.0259872715644
1216,1,4.0,1.0,"(-10883073.48525447, 3538810.77849277)",1.0259872715644
1216,2,4.0,1.14285714285714,"(-10883073.48525447, 3538810.77849277)",1.0259872715644
1216,3,4.0,0.571428571428571,"(-10883073.48525447, 3538810.77849277)",1.0259872715644
1216,4,4.0,0.571428571428571,"(-10883073.48525447, 3538810.77849277)",1.0259872715644
1216,5,4.0,0.285714285714286,"(-10883073.48525447, 3538810.77849277)",1.0259872715644
1216,6,4.0,0.142857142857143,"(-10883073.48525447, 3538810.77849277)",1.0259872715644
1216,7,4.0,0.714285714285714,"(-10883073.48525447, 3538810.77849277)",1.0259872715644
1216,8,4.0,1.85714285714286,"(-10883073.48525447, 3538810.77849277)",1.0259872715644
1216,9,4.0,1.85714285714286,"(-10883073.48525447, 3538810.77849277)",1.0259872715644
1216,10,4.0,1.71428571428571,"(-10883073.48525447, 3538810.77849277)",1.0259872715644
1216,11,4.0,0.857142857142857,"(-10883073.48525447, 3538810.77849277)",1.0259872715644
1216,12,4.0,1.0,"(-10883073.48525447, 3538810.77849277)",1.0259872715644
1216,13,4.0,0.571428571428571,"(-10883073.48525447, 3538810.77849277)",1.0259872715644
1216,14,4.0,1.0,"(-10883073.48525447, 3538810.77849277)",1.0259872715644
1216,15,4.0,0.857142857142857,"(-10883073.48525447, 3538810.77849277)",1.0259872715644
1216,16,4.0,0.571428571428571,"(-10883073.48525447, 3538810.77849277)",1.0259872715644
1216,17,4.0,0.428571428571429,"(-10883073.48525447, 3538810.77849277)",1.0259872715644
1216,18,4.0,0.571428571428571,"(-10883073.48525447, 3538810.77849277)",1.0259872715644
1216,19,4.0,0.714285714285714,"(-10883073.48525447, 3538810.77849277)",1.0259872715644
1216,20,4.0,1.14285714285714,"(-10883073.48525447, 3538810.77849277)",1.0259872715644
1216,21,4.0,1.14285714285714,"(-10883073.48525447, 3538810.77849277)",1.0259872715644
1216,22,4.0,1.71428571428571,"(-10883073.48525447, 3538810.77849277)",1.0259872715644
1216,23,4.0,1.57142857142857,"(-10883073.48525447, 3538810.77849277)",1.0259872715644
1217,0,2.0,0.285714285714286,"(-10881584.58706511, 3538037.4144009054)",1.0244001332610029
1217,1,2.0,0.285714285714286,"(-10881584.58706511, 3538037.4144009054)",1.0244001332610029
1217,2,2.0,0.142857142857143,"(-10881584.58706511, 3538037.4144009054)",1.0244001332610029
1217,3,2.0,0.142857142857143,"(-10881584.58706511, 3538037.4144009054)",1.0244001332610029
1217,4,2.0,0.142857142857143,"(-10881584.58706511, 3538037.4144009054)",1.0244001332610029
1217,5,2.0,0.0,"(-10881584.58706511, 3538037.4144009054)",1.0244001332610029
1217,6,2.0,0.142857142857143,"(-10881584.58706511, 3538037.4144009054)",1.0244001332610029
1217,7,2.0,0.0,"(-10881584.58706511, 3538037.4144009054)",1.0244001332610029
1217,8,2.0,0.285714285714286,"(-10881584.58706511, 3538037.4144009054)",1.0244001332610029
1217,9,2.0,0.285714285714286,"(-10881584.58706511, 3538037.4144009054)",1.0244001332610029
1217,10,2.0,0.285714285714286,"(-10881584.58706511, 3538037.4144009054)",1.0244001332610029
1217,11,2.0,0.285714285714286,"(-10881584.58706511, 3538037.4144009054)",1.0244001332610029
1217,12,2.0,0.0,"(-10881584.58706511, 3538037.4144009054)",1.0244001332610029
1217,13,2.0,0.142857142857143,"(-10881584.58706511, 3538037.4144009054)",1.0244001332610029
1217,14,2.0,0.285714285714286,"(-10881584.58706511, 3538037.4144009054)",1.0244001332610029
1217,15,2.0,0.285714285714286,"(-10881584.58706511, 3538037.4144009054)",1.0244001332610029
1217,16,2.0,0.285714285714286,"(-10881584.58706511, 3538037.4144009054)",1.0244001332610029
1217,17,2.0,0.428571428571429,"(-10881584.58706511, 3538037.4144009054)",1.0244001332610029
1217,18,2.0,0.142857142857143,"(-10881584.58706511, 3538037.4144009054)",1.0244001332610029
1217,19,2.0,0.142857142857143,"(-10881584.58706511, 3538037.4144009054)",1.0244001332610029
1217,20,2.0,0.428571428571429,"(-10881584.58706511, 3538037.4144009054)",1.0244001332610029
1217,21,2.0,0.285714285714286,"(-10881584.58706511, 3538037.4144009054)",1.0244001332610029
1217,22,2.0,0.285714285714286,"(-10881584.58706511, 3538037.4144009054)",1.0244001332610029
1217,23,2.0,0.285714285714286,"(-10881584.58706511, 3538037.4144009054)",1.0244001332610029
1218,0,4.0,0.714285714285714,"(-10881014.074674794, 3537892.4138957523)",1.0244001332610029
1218,1,4.0,0.571428571428571,"(-10881014.074674794, 3537892.4138957523)",1.0244001332610029
1218,2,4.0,0.285714285714286,"(-10881014.074674794, 3537892.4138957523)",1.0244001332610029
1218,3,4.0,0.428571428571429,"(-10881014.074674794, 3537892.4138957523)",1.0244001332610029
1218,4,4.0,0.571428571428571,"(-10881014.074674794, 3537892.4138957523)",1.0244001332610029
1218,5,4.0,0.428571428571429,"(-10881014.074674794, 3537892.4138957523)",1.0244001332610029
1218,6,4.0,0.285714285714286,"(-10881014.074674794, 3537892.4138957523)",1.0244001332610029
1218,7,4.0,0.428571428571429,"(-10881014.074674794, 3537892.4138957523)",1.0244001332610029
1218,8,4.0,0.285714285714286,"(-10881014.074674794, 3537892.4138957523)",1.0244001332610029
1218,9,4.0,0.142857142857143,"(-10881014.074674794, 3537892.4138957523)",1.0244001332610029
1218,10,4.0,0.285714285714286,"(-10881014.074674794, 3537892.4138957523)",1.0244001332610029
1218,11,4.0,0.428571428571429,"(-10881014.074674794, 3537892.4138957523)",1.0244001332610029
1218,12,4.0,0.714285714285714,"(-10881014.074674794, 3537892.4138957523)",1.0244001332610029
1218,13,4.0,0.428571428571429,"(-10881014.074674794, 3537892.4138957523)",1.0244001332610029
1218,14,4.0,1.0,"(-10881014.074674794, 3537892.4138957523)",1.0244001332610029
1218,15,4.0,1.0,"(-10881014.074674794, 3537892.4138957523)",1.0244001332610029
1218,16,4.0,0.714285714285714,"(-10881014.074674794, 3537892.4138957523)",1.0244001332610029
1218,17,4.0,0.714285714285714,"(-10881014.074674794, 3537892.4138957523)",1.0244001332610029
1218,18,4.0,0.571428571428571,"(-10881014.074674794, 3537892.4138957523)",1.0244001332610029
1218,19,4.0,0.0,"(-10881014.074674794, 3537892.4138957523)",1.0244001332610029
1218,20,4.0,0.142857142857143,"(-10881014.074674794, 3537892.4138957523)",1.0244001332610029
1218,21,4.0,0.285714285714286,"(-10881014.074674794, 3537892.4138957523)",1.0244001332610029
1218,22,4.0,0.714285714285714,"(-10881014.074674794, 3537892.4138957523)",1.0244001332610029
1218,23,4.0,1.28571428571429,"(-10881014.074674794, 3537892.4138957523)",1.0244001332610029
1219,0,2.0,0.285714285714286,"(-10880902.755184, 3537521.86459747)",1.0244001332610029
1219,1,2.0,0.571428571428571,"(-10880902.755184, 3537521.86459747)",1.0244001332610029
1219,2,2.0,0.857142857142857,"(-10880902.755184, 3537521.86459747)",1.0244001332610029
1219,3,2.0,0.428571428571429,"(-10880902.755184, 3537521.86459747)",1.0244001332610029
1219,4,2.0,0.428571428571429,"(-10880902.755184, 3537521.86459747)",1.0244001332610029
1219,5,2.0,0.142857142857143,"(-10880902.755184, 3537521.86459747)",1.0244001332610029
1219,6,2.0,0.142857142857143,"(-10880902.755184, 3537521.86459747)",1.0244001332610029
1219,7,2.0,0.428571428571429,"(-10880902.755184, 3537521.86459747)",1.0244001332610029
1219,8,2.0,0.714285714285714,"(-10880902.755184, 3537521.86459747)",1.0244001332610029
1219,9,2.0,1.0,"(-10880902.755184, 3537521.86459747)",1.0244001332610029
1219,10,2.0,0.857142857142857,"(-10880902.755184, 3537521.86459747)",1.0244001332610029
1219,11,2.0,0.571428571428571,"(-10880902.755184, 3537521.86459747)",1.0244001332610029
1219,12,2.0,0.285714285714286,"(-10880902.755184, 3537521.86459747)",1.0244001332610029
1219,13,2.0,0.285714285714286,"(-10880902.755184, 3537521.86459747)",1.0244001332610029
1219,14,2.0,0.142857142857143,"(-10880902.755184, 3537521.86459747)",1.0244001332610029
1219,15,2.0,0.571428571428571,"(-10880902.755184, 3537521.86459747)",1.0244001332610029
1219,16,2.0,0.857142857142857,"(-10880902.755184, 3537521.86459747)",1.0244001332610029
1219,17,2.0,0.714285714285714,"(-10880902.755184, 3537521.86459747)",1.0244001332610029
1219,18,2.0,0.571428571428571,"(-10880902.755184, 3537521.86459747)",1.0244001332610029
1219,19,2.0,0.857142857142857,"(-10880902.755184, 3537521.86459747)",1.0244001332610029
1219,20,2.0,0.714285714285714,"(-10880902.755184, 3537521.86459747)",1.0244001332610029
1219,21,2.0,0.857142857142857,"(-10880902.755184, 3537521.86459747)",1.0244001332610029
1219,22,2.0,0.571428571428571,"(-10880902.755184, 3537521.86459747)",1.0244001332610029
1219,23,2.0,0.428571428571429,"(-10880902.755184, 3537521.86459747)",1.0244001332610029
1220,0,8.0,0.571428571428571,"(-10880874.925311303, 3537989.0807145727)",1.0244001332610029
1220,1,8.0,0.571428571428571,"(-10880874.925311303, 3537989.0807145727)",1.0244001332610029
1220,2,8.0,0.857142857142857,"(-10880874.925311303, 3537989.0807145727)",1.0244001332610029
1220,3,8.0,1.57142857142857,"(-10880874.925311303, 3537989.0807145727)",1.0244001332610029
1220,4,8.0,1.42857142857143,"(-10880874.925311303, 3537989.0807145727)",1.0244001332610029
1220,5,8.0,1.71428571428571,"(-10880874.925311303, 3537989.0807145727)",1.0244001332610029
1220,6,8.0,1.57142857142857,"(-10880874.925311303, 3537989.0807145727)",1.0244001332610029
1220,7,8.0,1.57142857142857,"(-10880874.925311303, 3537989.0807145727)",1.0244001332610029
1220,8,8.0,1.42857142857143,"(-10880874.925311303, 3537989.0807145727)",1.0244001332610029
1220,9,8.0,1.42857142857143,"(-10880874.925311303, 3537989.0807145727)",1.0244001332610029
1220,10,8.0,0.857142857142857,"(-10880874.925311303, 3537989.0807145727)",1.0244001332610029
1220,11,8.0,1.0,"(-10880874.925311303, 3537989.0807145727)",1.0244001332610029
1220,12,8.0,2.14285714285714,"(-10880874.925311303, 3537989.0807145727)",1.0244001332610029
1220,13,8.0,2.28571428571429,"(-10880874.925311303, 3537989.0807145727)",1.0244001332610029
1220,14,8.0,2.0,"(-10880874.925311303, 3537989.0807145727)",1.0244001332610029
1220,15,8.0,1.14285714285714,"(-10880874.925311303, 3537989.0807145727)",1.0244001332610029
1220,16,8.0,0.571428571428571,"(-10880874.925311303, 3537989.0807145727)",1.0244001332610029
1220,17,8.0,0.285714285714286,"(-10880874.925311303, 3537989.0807145727)",1.0244001332610029
1220,18,8.0,0.857142857142857,"(-10880874.925311303, 3537989.0807145727)",1.0244001332610029
1220,19,8.0,1.57142857142857,"(-10880874.925311303, 3537989.0807145727)",1.0244001332610029
1220,20,8.0,0.714285714285714,"(-10880874.925311303, 3537989.0807145727)",1.0244001332610029
1220,21,8.0,0.285714285714286,"(-10880874.925311303, 3537989.0807145727)",1.0244001332610029
1220,22,8.0,0.285714285714286,"(-10880874.925311303, 3537989.0807145727)",1.0244001332610029
1220,23,8.0,0.285714285714286,"(-10880874.925311303, 3537989.0807145727)",1.0244001332610029
1221,0,2.0,0.285714285714286,"(-10880861.010374954, 3537860.19178691)",1.0244001332610029
1221,1,2.0,0.285714285714286,"(-10880861.010374954, 3537860.19178691)",1.0244001332610029
1221,2,2.0,0.0,"(-10880861.010374954, 3537860.19178691)",1.0244001332610029
1221,3,2.0,0.0,"(-10880861.010374954, 3537860.19178691)",1.0244001332610029
1221,4,2.0,0.285714285714286,"(-10880861.010374954, 3537860.19178691)",1.0244001332610029
1221,5,2.0,0.285714285714286,"(-10880861.010374954, 3537860.19178691)",1.0244001332610029
1221,6,2.0,0.428571428571429,"(-10880861.010374954, 3537860.19178691)",1.0244001332610029
1221,7,2.0,0.285714285714286,"(-10880861.010374954, 3537860.19178691)",1.0244001332610029
1221,8,2.0,0.142857142857143,"(-10880861.010374954, 3537860.19178691)",1.0244001332610029
1221,9,2.0,0.285714285714286,"(-10880861.010374954, 3537860.19178691)",1.0244001332610029
1221,10,2.0,0.428571428571429,"(-10880861.010374954, 3537860.19178691)",1.0244001332610029
1221,11,2.0,0.714285714285714,"(-10880861.010374954, 3537860.19178691)",1.0244001332610029
1221,12,2.0,0.571428571428571,"(-10880861.010374954, 3537860.19178691)",1.0244001332610029
1221,13,2.0,0.428571428571429,"(-10880861.010374954, 3537860.19178691)",1.0244001332610029
1221,14,2.0,0.285714285714286,"(-10880861.010374954, 3537860.19178691)",1.0244001332610029
1221,15,2.0,0.428571428571429,"(-10880861.010374954, 3537860.19178691)",1.0244001332610029
1221,16,2.0,0.571428571428571,"(-10880861.010374954, 3537860.19178691)",1.0244001332610029
1221,17,2.0,0.285714285714286,"(-10880861.010374954, 3537860.19178691)",1.0244001332610029
1221,18,2.0,0.285714285714286,"(-10880861.010374954, 3537860.19178691)",1.0244001332610029
1221,19,2.0,0.285714285714286,"(-10880861.010374954, 3537860.19178691)",1.0244001332610029
1221,20,2.0,0.285714285714286,"(-10880861.010374954, 3537860.19178691)",1.0244001332610029
1221,21,2.0,0.285714285714286,"(-10880861.010374954, 3537860.19178691)",1.0244001332610029
1221,22,2.0,0.428571428571429,"(-10880861.010374954, 3537860.19178691)",1.0244001332610029
1221,23,2.0,0.428571428571429,"(-10880861.010374954, 3537860.19178691)",1.0244001332610029
1222,0,4.0,0.428571428571429,"(-10881139.309101937, 3537650.750079289)",1.0244001332610029
1222,1,4.0,0.428571428571429,"(-10881139.309101937, 3537650.750079289)",1.0244001332610029
1222,2,4.0,0.857142857142857,"(-10881139.309101937, 3537650.750079289)",1.0244001332610029
1222,3,4.0,0.428571428571429,"(-10881139.309101937, 3537650.750079289)",1.0244001332610029
1222,4,4.0,0.428571428571429,"(-10881139.309101937, 3537650.750079289)",1.0244001332610029
1222,5,4.0,0.428571428571429,"(-10881139.309101937, 3537650.750079289)",1.0244001332610029
1222,6,4.0,0.285714285714286,"(-10881139.309101937, 3537650.750079289)",1.0244001332610029
1222,7,4.0,0.571428571428571,"(-10881139.309101937, 3537650.750079289)",1.0244001332610029
1222,8,4.0,0.714285714285714,"(-10881139.309101937, 3537650.750079289)",1.0244001332610029
1222,9,4.0,0.571428571428571,"(-10881139.309101937, 3537650.750079289)",1.0244001332610029
1222,10,4.0,0.857142857142857,"(-10881139.309101937, 3537650.750079289)",1.0244001332610029
1222,11,4.0,0.857142857142857,"(-10881139.309101937, 3537650.750079289)",1.0244001332610029
1222,12,4.0,0.857142857142857,"(-10881139.309101937, 3537650.750079289)",1.0244001332610029
1222,13,4.0,0.571428571428571,"(-10881139.309101937, 3537650.750079289)",1.0244001332610029
1222,14,4.0,0.428571428571429,"(-10881139.309101937, 3537650.750079289)",1.0244001332610029
1222,15,4.0,0.142857142857143,"(-10881139.309101937, 3537650.750079289)",1.0244001332610029
1222,16,4.0,0.428571428571429,"(-10881139.309101937, 3537650.750079289)",1.0244001332610029
1222,17,4.0,1.0,"(-10881139.309101937, 3537650.750079289)",1.0244001332610029
1222,18,4.0,1.14285714285714,"(-10881139.309101937, 3537650.750079289)",1.0244001332610029
1222,19,4.0,1.42857142857143,"(-10881139.309101937, 3537650.750079289)",1.0244001332610029
1222,20,4.0,1.0,"(-10881139.309101937, 3537650.750079289)",1.0244001332610029
1222,21,4.0,0.714285714285714,"(-10881139.309101937, 3537650.750079289)",1.0244001332610029
1222,22,4.0,0.571428571428571,"(-10881139.309101937, 3537650.750079289)",1.0244001332610029
1222,23,4.0,0.142857142857143,"(-10881139.309101937, 3537650.750079289)",1.0244001332610029
1223,0,6.0,1.14285714285714,"(-10881640.246810507, 3538182.416567629)",1.0244001332610029
1223,1,6.0,1.42857142857143,"(-10881640.246810507, 3538182.416567629)",1.0244001332610029
1223,2,6.0,1.57142857142857,"(-10881640.246810507, 3538182.416567629)",1.0244001332610029
1223,3,6.0,1.14285714285714,"(-10881640.246810507, 3538182.416567629)",1.0244001332610029
1223,4,6.0,2.0,"(-10881640.246810507, 3538182.416567629)",1.0244001332610029
1223,5,6.0,2.57142857142857,"(-10881640.246810507, 3538182.416567629)",1.0244001332610029
1223,6,6.0,2.28571428571429,"(-10881640.246810507, 3538182.416567629)",1.0244001332610029
1223,7,6.0,1.85714285714286,"(-10881640.246810507, 3538182.416567629)",1.0244001332610029
1223,8,6.0,1.42857142857143,"(-10881640.246810507, 3538182.416567629)",1.0244001332610029
1223,9,6.0,1.28571428571429,"(-10881640.246810507, 3538182.416567629)",1.0244001332610029
1223,10,6.0,1.28571428571429,"(-10881640.246810507, 3538182.416567629)",1.0244001332610029
1223,11,6.0,2.0,"(-10881640.246810507, 3538182.416567629)",1.0244001332610029
1223,12,6.0,1.85714285714286,"(-10881640.246810507, 3538182.416567629)",1.0244001332610029
1223,13,6.0,1.0,"(-10881640.246810507, 3538182.416567629)",1.0244001332610029
1223,14,6.0,1.14285714285714,"(-10881640.246810507, 3538182.416567629)",1.0244001332610029
1223,15,6.0,1.0,"(-10881640.246810507, 3538182.416567629)",1.0244001332610029
1223,16,6.0,1.28571428571429,"(-10881640.246810507, 3538182.416567629)",1.0244001332610029
1223,17,6.0,1.28571428571429,"(-10881640.246810507, 3538182.416567629)",1.0244001332610029
1223,18,6.0,1.14285714285714,"(-10881640.246810507, 3538182.416567629)",1.0244001332610029
1223,19,6.0,0.857142857142857,"(-10881640.246810507, 3538182.416567629)",1.0244001332610029
1223,20,6.0,1.0,"(-10881640.246810507, 3538182.416567629)",1.0244001332610029
1223,21,6.0,1.14285714285714,"(-10881640.246810507, 3538182.416567629)",1.0244001332610029
1223,22,6.0,0.857142857142857,"(-10881640.246810507, 3538182.416567629)",1.0244001332610029
1223,23,6.0,1.14285714285714,"(-10881640.246810507, 3538182.416567629)",1.0244001332610029
1224,0,12.0,2.57142857142857,"(-10886162.601123983, 3524495.0866624312)",1.0162202085949792
1224,1,12.0,2.28571428571429,"(-10886162.601123983, 3524495.0866624312)",1.0162202085949792
1224,2,12.0,1.57142857142857,"(-10886162.601123983, 3524495.0866624312)",1.0162202085949792
1224,3,12.0,1.57142857142857,"(-10886162.601123983, 3524495.0866624312)",1.0162202085949792
1224,4,12.0,1.28571428571429,"(-10886162.601123983, 3524495.0866624312)",1.0162202085949792
1224,5,12.0,2.14285714285714,"(-10886162.601123983, 3524495.0866624312)",1.0162202085949792
1224,6,12.0,2.0,"(-10886162.601123983, 3524495.0866624312)",1.0162202085949792
1224,7,12.0,2.0,"(-10886162.601123983, 3524495.0866624312)",1.0162202085949792
1224,8,12.0,2.71428571428571,"(-10886162.601123983, 3524495.0866624312)",1.0162202085949792
1224,9,12.0,3.0,"(-10886162.601123983, 3524495.0866624312)",1.0162202085949792
1224,10,12.0,2.28571428571429,"(-10886162.601123983, 3524495.0866624312)",1.0162202085949792
1224,11,12.0,2.14285714285714,"(-10886162.601123983, 3524495.0866624312)",1.0162202085949792
1224,12,12.0,2.14285714285714,"(-10886162.601123983, 3524495.0866624312)",1.0162202085949792
1224,13,12.0,3.0,"(-10886162.601123983, 3524495.0866624312)",1.0162202085949792
1224,14,12.0,4.0,"(-10886162.601123983, 3524495.0866624312)",1.0162202085949792
1224,15,12.0,4.42857142857143,"(-10886162.601123983, 3524495.0866624312)",1.0162202085949792
1224,16,12.0,5.57142857142857,"(-10886162.601123983, 3524495.0866624312)",1.0162202085949792
1224,17,12.0,4.57142857142857,"(-10886162.601123983, 3524495.0866624312)",1.0162202085949792
1224,18,12.0,5.42857142857143,"(-10886162.601123983, 3524495.0866624312)",1.0162202085949792
1224,19,12.0,5.57142857142857,"(-10886162.601123983, 3524495.0866624312)",1.0162202085949792
1224,20,12.0,6.42857142857143,"(-10886162.601123983, 3524495.0866624312)",1.0162202085949792
1224,21,12.0,5.71428571428571,"(-10886162.601123983, 3524495.0866624312)",1.0162202085949792
1224,22,12.0,4.71428571428571,"(-10886162.601123983, 3524495.0866624312)",1.0162202085949792
1224,23,12.0,4.57142857142857,"(-10886162.601123983, 3524495.0866624312)",1.0162202085949792
1225,0,6.0,2.85714285714286,"(-10884506.723698433, 3528776.8271721415)",1.0235417465384211
1225,1,6.0,2.0,"(-10884506.723698433, 3528776.8271721415)",1.0235417465384211
1225,2,6.0,1.42857142857143,"(-10884506.723698433, 3528776.8271721415)",1.0235417465384211
1225,3,6.0,0.714285714285714,"(-10884506.723698433, 3528776.8271721415)",1.0235417465384211
1225,4,6.0,1.0,"(-10884506.723698433, 3528776.8271721415)",1.0235417465384211
1225,5,6.0,1.14285714285714,"(-10884506.723698433, 3528776.8271721415)",1.0235417465384211
1225,6,6.0,1.0,"(-10884506.723698433, 3528776.8271721415)",1.0235417465384211
1225,7,6.0,1.28571428571429,"(-10884506.723698433, 3528776.8271721415)",1.0235417465384211
1225,8,6.0,0.857142857142857,"(-10884506.723698433, 3528776.8271721415)",1.0235417465384211
1225,9,6.0,1.0,"(-10884506.723698433, 3528776.8271721415)",1.0235417465384211
1225,10,6.0,0.571428571428571,"(-10884506.723698433, 3528776.8271721415)",1.0235417465384211
1225,11,6.0,1.0,"(-10884506.723698433, 3528776.8271721415)",1.0235417465384211
1225,12,6.0,1.0,"(-10884506.723698433, 3528776.8271721415)",1.0235417465384211
1225,13,6.0,1.14285714285714,"(-10884506.723698433, 3528776.8271721415)",1.0235417465384211
1225,14,6.0,1.42857142857143,"(-10884506.723698433, 3528776.8271721415)",1.0235417465384211
1225,15,6.0,1.57142857142857,"(-10884506.723698433, 3528776.8271721415)",1.0235417465384211
1225,16,6.0,2.28571428571429,"(-10884506.723698433, 3528776.8271721415)",1.0235417465384211
1225,17,6.0,2.28571428571429,"(-10884506.723698433, 3528776.8271721415)",1.0235417465384211
1225,18,6.0,2.28571428571429,"(-10884506.723698433, 3528776.8271721415)",1.0235417465384211
1225,19,6.0,2.85714285714286,"(-10884506.723698433, 3528776.8271721415)",1.0235417465384211
1225,20,6.0,2.85714285714286,"(-10884506.723698433, 3528776.8271721415)",1.0235417465384211
1225,21,6.0,2.71428571428571,"(-10884506.723698433, 3528776.8271721415)",1.0235417465384211
1225,22,6.0,2.57142857142857,"(-10884506.723698433, 3528776.8271721415)",1.0235417465384211
1225,23,6.0,3.42857142857143,"(-10884506.723698433, 3528776.8271721415)",1.0235417465384211
1226,0,4.0,0.857142857142857,"(-10886218.26086938, 3524511.1807260825)",1.0162202085949792
1226,1,4.0,0.857142857142857,"(-10886218.26086938, 3524511.1807260825)",1.0162202085949792
1226,2,4.0,0.857142857142857,"(-10886218.26086938, 3524511.1807260825)",1.0162202085949792
1226,3,4.0,0.714285714285714,"(-10886218.26086938, 3524511.1807260825)",1.0162202085949792
1226,4,4.0,0.857142857142857,"(-10886218.26086938, 3524511.1807260825)",1.0162202085949792
1226,5,4.0,0.857142857142857,"(-10886218.26086938, 3524511.1807260825)",1.0162202085949792
1226,6,4.0,0.857142857142857,"(-10886218.26086938, 3524511.1807260825)",1.0162202085949792
1226,7,4.0,0.857142857142857,"(-10886218.26086938, 3524511.1807260825)",1.0162202085949792
1226,8,4.0,0.428571428571429,"(-10886218.26086938, 3524511.1807260825)",1.0162202085949792
1226,9,4.0,0.285714285714286,"(-10886218.26086938, 3524511.1807260825)",1.0162202085949792
1226,10,4.0,0.285714285714286,"(-10886218.26086938, 3524511.1807260825)",1.0162202085949792
1226,11,4.0,0.285714285714286,"(-10886218.26086938, 3524511.1807260825)",1.0162202085949792
1226,12,4.0,0.0,"(-10886218.26086938, 3524511.1807260825)",1.0162202085949792
1226,13,4.0,0.857142857142857,"(-10886218.26086938, 3524511.1807260825)",1.0162202085949792
1226,14,4.0,0.857142857142857,"(-10886218.26086938, 3524511.1807260825)",1.0162202085949792
1226,15,4.0,0.714285714285714,"(-10886218.26086938, 3524511.1807260825)",1.0162202085949792
1226,16,4.0,0.428571428571429,"(-10886218.26086938, 3524511.1807260825)",1.0162202085949792
1226,17,4.0,1.0,"(-10886218.26086938, 3524511.1807260825)",1.0162202085949792
1226,18,4.0,0.714285714285714,"(-10886218.26086938, 3524511.1807260825)",1.0162202085949792
1226,19,4.0,0.714285714285714,"(-10886218.26086938, 3524511.1807260825)",1.0162202085949792
1226,20,4.0,1.0,"(-10886218.26086938, 3524511.1807260825)",1.0162202085949792
1226,21,4.0,0.571428571428571,"(-10886218.26086938, 3524511.1807260825)",1.0162202085949792
1226,22,4.0,1.14285714285714,"(-10886218.26086938, 3524511.1807260825)",1.0162202085949792
1226,23,4.0,0.571428571428571,"(-10886218.26086938, 3524511.1807260825)",1.0162202085949792
1227,0,12.0,1.42857142857143,"(-10886260.005678426, 3533575.382029491)",1.0233727677681235
1227,1,12.0,2.57142857142857,"(-10886260.005678426, 3533575.382029491)",1.0233727677681235
1227,2,12.0,3.28571428571429,"(-10886260.005678426, 3533575.382029491)",1.0233727677681235
1227,3,12.0,3.42857142857143,"(-10886260.005678426, 3533575.382029491)",1.0233727677681235
1227,4,12.0,3.71428571428571,"(-10886260.005678426, 3533575.382029491)",1.0233727677681235
1227,5,12.0,3.57142857142857,"(-10886260.005678426, 3533575.382029491)",1.0233727677681235
1227,6,12.0,3.14285714285714,"(-10886260.005678426, 3533575.382029491)",1.0233727677681235
1227,7,12.0,3.14285714285714,"(-10886260.005678426, 3533575.382029491)",1.0233727677681235
1227,8,12.0,3.14285714285714,"(-10886260.005678426, 3533575.382029491)",1.0233727677681235
1227,9,12.0,2.14285714285714,"(-10886260.005678426, 3533575.382029491)",1.0233727677681235
1227,10,12.0,1.57142857142857,"(-10886260.005678426, 3533575.382029491)",1.0233727677681235
1227,11,12.0,1.57142857142857,"(-10886260.005678426, 3533575.382029491)",1.0233727677681235
1227,12,12.0,1.71428571428571,"(-10886260.005678426, 3533575.382029491)",1.0233727677681235
1227,13,12.0,3.28571428571429,"(-10886260.005678426, 3533575.382029491)",1.0233727677681235
1227,14,12.0,3.14285714285714,"(-10886260.005678426, 3533575.382029491)",1.0233727677681235
1227,15,12.0,3.28571428571429,"(-10886260.005678426, 3533575.382029491)",1.0233727677681235
1227,16,12.0,3.28571428571429,"(-10886260.005678426, 3533575.382029491)",1.0233727677681235
1227,17,12.0,4.0,"(-10886260.005678426, 3533575.382029491)",1.0233727677681235
1227,18,12.0,4.57142857142857,"(-10886260.005678426, 3533575.382029491)",1.0233727677681235
1227,19,12.0,5.28571428571429,"(-10886260.005678426, 3533575.382029491)",1.0233727677681235
1227,20,12.0,5.57142857142857,"(-10886260.005678426, 3533575.382029491)",1.0233727677681235
1227,21,12.0,4.57142857142857,"(-10886260.005678426, 3533575.382029491)",1.0233727677681235
1227,22,12.0,2.85714285714286,"(-10886260.005678426, 3533575.382029491)",1.0233727677681235
1227,23,12.0,1.28571428571429,"(-10886260.005678426, 3533575.382029491)",1.0233727677681235
1228,0,2.0,0.142857142857143,"(-10885870.38746065, 3522065.1171458135)",1.0162202085949792
1228,1,2.0,0.428571428571429,"(-10885870.38746065, 3522065.1171458135)",1.0162202085949792
1228,2,2.0,0.571428571428571,"(-10885870.38746065, 3522065.1171458135)",1.0162202085949792
1228,3,2.0,0.428571428571429,"(-10885870.38746065, 3522065.1171458135)",1.0162202085949792
1228,4,2.0,0.428571428571429,"(-10885870.38746065, 3522065.1171458135)",1.0162202085949792
1228,5,2.0,0.285714285714286,"(-10885870.38746065, 3522065.1171458135)",1.0162202085949792
1228,6,2.0,0.142857142857143,"(-10885870.38746065, 3522065.1171458135)",1.0162202085949792
1228,7,2.0,0.285714285714286,"(-10885870.38746065, 3522065.1171458135)",1.0162202085949792
1228,8,2.0,0.142857142857143,"(-10885870.38746065, 3522065.1171458135)",1.0162202085949792
1228,9,2.0,0.0,"(-10885870.38746065, 3522065.1171458135)",1.0162202085949792
1228,10,2.0,0.0,"(-10885870.38746065, 3522065.1171458135)",1.0162202085949792
1228,11,2.0,0.142857142857143,"(-10885870.38746065, 3522065.1171458135)",1.0162202085949792
1228,12,2.0,0.428571428571429,"(-10885870.38746065, 3522065.1171458135)",1.0162202085949792
1228,13,2.0,0.428571428571429,"(-10885870.38746065, 3522065.1171458135)",1.0162202085949792
1228,14,2.0,0.571428571428571,"(-10885870.38746065, 3522065.1171458135)",1.0162202085949792
1228,15,2.0,0.428571428571429,"(-10885870.38746065, 3522065.1171458135)",1.0162202085949792
1228,16,2.0,0.428571428571429,"(-10885870.38746065, 3522065.1171458135)",1.0162202085949792
1228,17,2.0,0.571428571428571,"(-10885870.38746065, 3522065.1171458135)",1.0162202085949792
1228,18,2.0,0.714285714285714,"(-10885870.38746065, 3522065.1171458135)",1.0162202085949792
1228,19,2.0,0.571428571428571,"(-10885870.38746065, 3522065.1171458135)",1.0162202085949792
1228,20,2.0,0.571428571428571,"(-10885870.38746065, 3522065.1171458135)",1.0162202085949792
1228,21,2.0,0.857142857142857,"(-10885870.38746065, 3522065.1171458135)",1.0162202085949792
1228,22,2.0,0.428571428571429,"(-10885870.38746065, 3522065.1171458135)",1.0162202085949792
1228,23,2.0,0.285714285714286,"(-10885870.38746065, 3522065.1171458135)",1.0162202085949792
1229,0,4.0,1.28571428571429,"(-10887178.391477471, 3527392.34696966)",1.0272681179328365
1229,1,4.0,0.857142857142857,"(-10887178.391477471, 3527392.34696966)",1.0272681179328365
1229,2,4.0,0.285714285714286,"(-10887178.391477471, 3527392.34696966)",1.0272681179328365
1229,3,4.0,0.428571428571429,"(-10887178.391477471, 3527392.34696966)",1.0272681179328365
1229,4,4.0,0.714285714285714,"(-10887178.391477471, 3527392.34696966)",1.0272681179328365
1229,5,4.0,1.28571428571429,"(-10887178.391477471, 3527392.34696966)",1.0272681179328365
1229,6,4.0,1.42857142857143,"(-10887178.391477471, 3527392.34696966)",1.0272681179328365
1229,7,4.0,1.42857142857143,"(-10887178.391477471, 3527392.34696966)",1.0272681179328365
1229,8,4.0,1.42857142857143,"(-10887178.391477471, 3527392.34696966)",1.0272681179328365
1229,9,4.0,1.42857142857143,"(-10887178.391477471, 3527392.34696966)",1.0272681179328365
1229,10,4.0,1.0,"(-10887178.391477471, 3527392.34696966)",1.0272681179328365
1229,11,4.0,0.857142857142857,"(-10887178.391477471, 3527392.34696966)",1.0272681179328365
1229,12,4.0,0.571428571428571,"(-10887178.391477471, 3527392.34696966)",1.0272681179328365
1229,13,4.0,0.428571428571429,"(-10887178.391477471, 3527392.34696966)",1.0272681179328365
1229,14,4.0,1.0,"(-10887178.391477471, 3527392.34696966)",1.0272681179328365
1229,15,4.0,0.857142857142857,"(-10887178.391477471, 3527392.34696966)",1.0272681179328365
1229,16,4.0,0.857142857142857,"(-10887178.391477471, 3527392.34696966)",1.0272681179328365
1229,17,4.0,1.14285714285714,"(-10887178.391477471, 3527392.34696966)",1.0272681179328365
1229,18,4.0,0.714285714285714,"(-10887178.391477471, 3527392.34696966)",1.0272681179328365
1229,19,4.0,0.714285714285714,"(-10887178.391477471, 3527392.34696966)",1.0272681179328365
1229,20,4.0,0.428571428571429,"(-10887178.391477471, 3527392.34696966)",1.0272681179328365
1229,21,4.0,0.428571428571429,"(-10887178.391477471, 3527392.34696966)",1.0272681179328365
1229,22,4.0,0.857142857142857,"(-10887178.391477471, 3527392.34696966)",1.0272681179328365
1229,23,4.0,1.28571428571429,"(-10887178.391477471, 3527392.34696966)",1.0272681179328365
1230,0,2.0,0.142857142857143,"(-10883950.126244467, 3525348.100157268)",1.0236906247718953
1230,1,2.0,0.428571428571429,"(-10883950.126244467, 3525348.100157268)",1.0236906247718953
1230,2,2.0,0.0,"(-10883950.126244467, 3525348.100157268)",1.0236906247718953
1230,3,2.0,0.0,"(-10883950.126244467, 3525348.100157268)",1.0236906247718953
1230,4,2.0,0.142857142857143,"(-10883950.126244467, 3525348.100157268)",1.0236906247718953
1230,5,2.0,0.428571428571429,"(-10883950.126244467, 3525348.100157268)",1.0236906247718953
1230,6,2.0,0.428571428571429,"(-10883950.126244467, 3525348.100157268)",1.0236906247718953
1230,7,2.0,0.285714285714286,"(-10883950.126244467, 3525348.100157268)",1.0236906247718953
1230,8,2.0,0.142857142857143,"(-10883950.126244467, 3525348.100157268)",1.0236906247718953
1230,9,2.0,0.0,"(-10883950.126244467, 3525348.100157268)",1.0236906247718953
1230,10,2.0,0.0,"(-10883950.126244467, 3525348.100157268)",1.0236906247718953
1230,11,2.0,0.0,"(-10883950.126244467, 3525348.100157268)",1.0236906247718953
1230,12,2.0,0.428571428571429,"(-10883950.126244467, 3525348.100157268)",1.0236906247718953
1230,13,2.0,0.142857142857143,"(-10883950.126244467, 3525348.100157268)",1.0236906247718953
1230,14,2.0,0.0,"(-10883950.126244467, 3525348.100157268)",1.0236906247718953
1230,15,2.0,0.285714285714286,"(-10883950.126244467, 3525348.100157268)",1.0236906247718953
1230,16,2.0,0.428571428571429,"(-10883950.126244467, 3525348.100157268)",1.0236906247718953
1230,17,2.0,0.428571428571429,"(-10883950.126244467, 3525348.100157268)",1.0236906247718953
1230,18,2.0,0.285714285714286,"(-10883950.126244467, 3525348.100157268)",1.0236906247718953
1230,19,2.0,0.428571428571429,"(-10883950.126244467, 3525348.100157268)",1.0236906247718953
1230,20,2.0,0.428571428571429,"(-10883950.126244467, 3525348.100157268)",1.0236906247718953
1230,21,2.0,0.142857142857143,"(-10883950.126244467, 3525348.100157268)",1.0236906247718953
1230,22,2.0,0.0,"(-10883950.126244467, 3525348.100157268)",1.0236906247718953
1230,23,2.0,0.0,"(-10883950.126244467, 3525348.100157268)",1.0236906247718953
1231,0,2.0,0.0,"(-10881918.54553749, 3530660.6069334038)",1.0235417465384211
1231,1,2.0,0.142857142857143,"(-10881918.54553749, 3530660.6069334038)",1.0235417465384211
1231,2,2.0,0.0,"(-10881918.54553749, 3530660.6069334038)",1.0235417465384211
1231,3,2.0,0.142857142857143,"(-10881918.54553749, 3530660.6069334038)",1.0235417465384211
1231,4,2.0,0.0,"(-10881918.54553749, 3530660.6069334038)",1.0235417465384211
1231,5,2.0,0.142857142857143,"(-10881918.54553749, 3530660.6069334038)",1.0235417465384211
1231,6,2.0,0.285714285714286,"(-10881918.54553749, 3530660.6069334038)",1.0235417465384211
1231,7,2.0,0.428571428571429,"(-10881918.54553749, 3530660.6069334038)",1.0235417465384211
1231,8,2.0,0.142857142857143,"(-10881918.54553749, 3530660.6069334038)",1.0235417465384211
1231,9,2.0,0.285714285714286,"(-10881918.54553749, 3530660.6069334038)",1.0235417465384211
1231,10,2.0,0.142857142857143,"(-10881918.54553749, 3530660.6069334038)",1.0235417465384211
1231,11,2.0,0.571428571428571,"(-10881918.54553749, 3530660.6069334038)",1.0235417465384211
1231,12,2.0,0.428571428571429,"(-10881918.54553749, 3530660.6069334038)",1.0235417465384211
1231,13,2.0,0.857142857142857,"(-10881918.54553749, 3530660.6069334038)",1.0235417465384211
1231,14,2.0,0.428571428571429,"(-10881918.54553749, 3530660.6069334038)",1.0235417465384211
1231,15,2.0,0.285714285714286,"(-10881918.54553749, 3530660.6069334038)",1.0235417465384211
1231,16,2.0,0.285714285714286,"(-10881918.54553749, 3530660.6069334038)",1.0235417465384211
1231,17,2.0,0.428571428571429,"(-10881918.54553749, 3530660.6069334038)",1.0235417465384211
1231,18,2.0,0.571428571428571,"(-10881918.54553749, 3530660.6069334038)",1.0235417465384211
1231,19,2.0,0.285714285714286,"(-10881918.54553749, 3530660.6069334038)",1.0235417465384211
1231,20,2.0,0.142857142857143,"(-10881918.54553749, 3530660.6069334038)",1.0235417465384211
1231,21,2.0,0.142857142857143,"(-10881918.54553749, 3530660.6069334038)",1.0235417465384211
1231,22,2.0,0.0,"(-10881918.54553749, 3530660.6069334038)",1.0235417465384211
1231,23,2.0,0.142857142857143,"(-10881918.54553749, 3530660.6069334038)",1.0235417465384211
1232,0,6.0,0.857142857142857,"(-10864469.215355646, 3563648.0453383513)",1.0080906627399417
1232,1,6.0,1.42857142857143,"(-10864469.215355646, 3563648.0453383513)",1.0080906627399417
1232,2,6.0,2.0,"(-10864469.215355646, 3563648.0453383513)",1.0080906627399417
1232,3,6.0,1.71428571428571,"(-10864469.215355646, 3563648.0453383513)",1.0080906627399417
1232,4,6.0,2.0,"(-10864469.215355646, 3563648.0453383513)",1.0080906627399417
1232,5,6.0,1.42857142857143,"(-10864469.215355646, 3563648.0453383513)",1.0080906627399417
1232,6,6.0,1.42857142857143,"(-10864469.215355646, 3563648.0453383513)",1.0080906627399417
1232,7,6.0,1.57142857142857,"(-10864469.215355646, 3563648.0453383513)",1.0080906627399417
1232,8,6.0,1.57142857142857,"(-10864469.215355646, 3563648.0453383513)",1.0080906627399417
1232,9,6.0,1.57142857142857,"(-10864469.215355646, 3563648.0453383513)",1.0080906627399417
1232,10,6.0,1.0,"(-10864469.215355646, 3563648.0453383513)",1.0080906627399417
1232,11,6.0,0.857142857142857,"(-10864469.215355646, 3563648.0453383513)",1.0080906627399417
1232,12,6.0,0.571428571428571,"(-10864469.215355646, 3563648.0453383513)",1.0080906627399417
1232,13,6.0,0.714285714285714,"(-10864469.215355646, 3563648.0453383513)",1.0080906627399417
1232,14,6.0,0.714285714285714,"(-10864469.215355646, 3563648.0453383513)",1.0080906627399417
1232,15,6.0,0.857142857142857,"(-10864469.215355646, 3563648.0453383513)",1.0080906627399417
1232,16,6.0,1.28571428571429,"(-10864469.215355646, 3563648.0453383513)",1.0080906627399417
1232,17,6.0,1.71428571428571,"(-10864469.215355646, 3563648.0453383513)",1.0080906627399417
1232,18,6.0,1.42857142857143,"(-10864469.215355646, 3563648.0453383513)",1.0080906627399417
1232,19,6.0,1.57142857142857,"(-10864469.215355646, 3563648.0453383513)",1.0080906627399417
1232,20,6.0,0.857142857142857,"(-10864469.215355646, 3563648.0453383513)",1.0080906627399417
1232,21,6.0,1.14285714285714,"(-10864469.215355646, 3563648.0453383513)",1.0080906627399417
1232,22,6.0,0.857142857142857,"(-10864469.215355646, 3563648.0453383513)",1.0080906627399417
1232,23,6.0,0.857142857142857,"(-10864469.215355646, 3563648.0453383513)",1.0080906627399417
1233,0,8.0,1.42857142857143,"(-10872943.411592282, 3555723.83743029)",1.0266991373704648
1233,1,8.0,1.42857142857143,"(-10872943.411592282, 3555723.83743029)",1.0266991373704648
1233,2,8.0,2.42857142857143,"(-10872943.411592282, 3555723.83743029)",1.0266991373704648
1233,3,8.0,2.42857142857143,"(-10872943.411592282, 3555723.83743029)",1.0266991373704648
1233,4,8.0,1.57142857142857,"(-10872943.411592282, 3555723.83743029)",1.0266991373704648
1233,5,8.0,1.14285714285714,"(-10872943.411592282, 3555723.83743029)",1.0266991373704648
1233,6,8.0,0.857142857142857,"(-10872943.411592282, 3555723.83743029)",1.0266991373704648
1233,7,8.0,1.28571428571429,"(-10872943.411592282, 3555723.83743029)",1.0266991373704648
1233,8,8.0,2.28571428571429,"(-10872943.411592282, 3555723.83743029)",1.0266991373704648
1233,9,8.0,2.57142857142857,"(-10872943.411592282, 3555723.83743029)",1.0266991373704648
1233,10,8.0,2.0,"(-10872943.411592282, 3555723.83743029)",1.0266991373704648
1233,11,8.0,0.857142857142857,"(-10872943.411592282, 3555723.83743029)",1.0266991373704648
1233,12,8.0,0.428571428571429,"(-10872943.411592282, 3555723.83743029)",1.0266991373704648
1233,13,8.0,1.0,"(-10872943.411592282, 3555723.83743029)",1.0266991373704648
1233,14,8.0,1.42857142857143,"(-10872943.411592282, 3555723.83743029)",1.0266991373704648
1233,15,8.0,1.85714285714286,"(-10872943.411592282, 3555723.83743029)",1.0266991373704648
1233,16,8.0,2.0,"(-10872943.411592282, 3555723.83743029)",1.0266991373704648
1233,17,8.0,1.14285714285714,"(-10872943.411592282, 3555723.83743029)",1.0266991373704648
1233,18,8.0,0.857142857142857,"(-10872943.411592282, 3555723.83743029)",1.0266991373704648
1233,19,8.0,0.571428571428571,"(-10872943.411592282, 3555723.83743029)",1.0266991373704648
1233,20,8.0,0.714285714285714,"(-10872943.411592282, 3555723.83743029)",1.0266991373704648
1233,21,8.0,1.14285714285714,"(-10872943.411592282, 3555723.83743029)",1.0266991373704648
1233,22,8.0,1.42857142857143,"(-10872943.411592282, 3555723.83743029)",1.0266991373704648
1233,23,8.0,1.28571428571429,"(-10872943.411592282, 3555723.83743029)",1.0266991373704648
1234,0,4.0,0.857142857142857,"(-10886218.26086938, 3524511.1807260825)",1.0162202085949792
1234,1,4.0,0.857142857142857,"(-10886218.26086938, 3524511.1807260825)",1.0162202085949792
1234,2,4.0,0.857142857142857,"(-10886218.26086938, 3524511.1807260825)",1.0162202085949792
1234,3,4.0,0.714285714285714,"(-10886218.26086938, 3524511.1807260825)",1.0162202085949792
1234,4,4.0,0.857142857142857,"(-10886218.26086938, 3524511.1807260825)",1.0162202085949792
1234,5,4.0,0.857142857142857,"(-10886218.26086938, 3524511.1807260825)",1.0162202085949792
1234,6,4.0,0.857142857142857,"(-10886218.26086938, 3524511.1807260825)",1.0162202085949792
1234,7,4.0,0.857142857142857,"(-10886218.26086938, 3524511.1807260825)",1.0162202085949792
1234,8,4.0,0.428571428571429,"(-10886218.26086938, 3524511.1807260825)",1.0162202085949792
1234,9,4.0,0.285714285714286,"(-10886218.26086938, 3524511.1807260825)",1.0162202085949792
1234,10,4.0,0.285714285714286,"(-10886218.26086938, 3524511.1807260825)",1.0162202085949792
1234,11,4.0,0.285714285714286,"(-10886218.26086938, 3524511.1807260825)",1.0162202085949792
1234,12,4.0,0.0,"(-10886218.26086938, 3524511.1807260825)",1.0162202085949792
1234,13,4.0,0.857142857142857,"(-10886218.26086938, 3524511.1807260825)",1.0162202085949792
1234,14,4.0,0.857142857142857,"(-10886218.26086938, 3524511.1807260825)",1.0162202085949792
1234,15,4.0,0.714285714285714,"(-10886218.26086938, 3524511.1807260825)",1.0162202085949792
1234,16,4.0,0.428571428571429,"(-10886218.26086938, 3524511.1807260825)",1.0162202085949792
1234,17,4.0,1.0,"(-10886218.26086938, 3524511.1807260825)",1.0162202085949792
1234,18,4.0,0.714285714285714,"(-10886218.26086938, 3524511.1807260825)",1.0162202085949792
1234,19,4.0,0.714285714285714,"(-10886218.26086938, 3524511.1807260825)",1.0162202085949792
1234,20,4.0,1.0,"(-10886218.26086938, 3524511.1807260825)",1.0162202085949792
1234,21,4.0,0.571428571428571,"(-10886218.26086938, 3524511.1807260825)",1.0162202085949792
1234,22,4.0,1.14285714285714,"(-10886218.26086938, 3524511.1807260825)",1.0162202085949792
1234,23,4.0,0.571428571428571,"(-10886218.26086938, 3524511.1807260825)",1.0162202085949792
1235,0,8.0,1.85714285714286,"(-10871663.23744816, 3530741.116579087)",1.0342523602844744
1235,1,8.0,1.28571428571429,"(-10871663.23744816, 3530741.116579087)",1.0342523602844744
1235,2,8.0,2.14285714285714,"(-10871663.23744816, 3530741.116579087)",1.0342523602844744
1235,3,8.0,1.85714285714286,"(-10871663.23744816, 3530741.116579087)",1.0342523602844744
1235,4,8.0,3.14285714285714,"(-10871663.23744816, 3530741.116579087)",1.0342523602844744
1235,5,8.0,2.28571428571429,"(-10871663.23744816, 3530741.116579087)",1.0342523602844744
1235,6,8.0,1.14285714285714,"(-10871663.23744816, 3530741.116579087)",1.0342523602844744
1235,7,8.0,1.0,"(-10871663.23744816, 3530741.116579087)",1.0342523602844744
1235,8,8.0,1.0,"(-10871663.23744816, 3530741.116579087)",1.0342523602844744
1235,9,8.0,0.857142857142857,"(-10871663.23744816, 3530741.116579087)",1.0342523602844744
1235,10,8.0,0.857142857142857,"(-10871663.23744816, 3530741.116579087)",1.0342523602844744
1235,11,8.0,1.0,"(-10871663.23744816, 3530741.116579087)",1.0342523602844744
1235,12,8.0,1.14285714285714,"(-10871663.23744816, 3530741.116579087)",1.0342523602844744
1235,13,8.0,1.85714285714286,"(-10871663.23744816, 3530741.116579087)",1.0342523602844744
1235,14,8.0,2.0,"(-10871663.23744816, 3530741.116579087)",1.0342523602844744
1235,15,8.0,1.14285714285714,"(-10871663.23744816, 3530741.116579087)",1.0342523602844744
1235,16,8.0,0.571428571428571,"(-10871663.23744816, 3530741.116579087)",1.0342523602844744
1235,17,8.0,1.0,"(-10871663.23744816, 3530741.116579087)",1.0342523602844744
1235,18,8.0,1.42857142857143,"(-10871663.23744816, 3530741.116579087)",1.0342523602844744
1235,19,8.0,1.57142857142857,"(-10871663.23744816, 3530741.116579087)",1.0342523602844744
1235,20,8.0,1.0,"(-10871663.23744816, 3530741.116579087)",1.0342523602844744
1235,21,8.0,0.714285714285714,"(-10871663.23744816, 3530741.116579087)",1.0342523602844744
1235,22,8.0,0.857142857142857,"(-10871663.23744816, 3530741.116579087)",1.0342523602844744
1235,23,8.0,1.0,"(-10871663.23744816, 3530741.116579087)",1.0342523602844744
1236,0,7.0,1.85714285714286,"(-10883880.551562723, 3526684.066691091)",1.0235417465384211
1236,1,7.0,1.28571428571429,"(-10883880.551562723, 3526684.066691091)",1.0235417465384211
1236,2,7.0,1.42857142857143,"(-10883880.551562723, 3526684.066691091)",1.0235417465384211
1236,3,7.0,1.0,"(-10883880.551562723, 3526684.066691091)",1.0235417465384211
1236,4,7.0,1.57142857142857,"(-10883880.551562723, 3526684.066691091)",1.0235417465384211
1236,5,7.0,1.71428571428571,"(-10883880.551562723, 3526684.066691091)",1.0235417465384211
1236,6,7.0,1.28571428571429,"(-10883880.551562723, 3526684.066691091)",1.0235417465384211
1236,7,7.0,1.14285714285714,"(-10883880.551562723, 3526684.066691091)",1.0235417465384211
1236,8,7.0,1.42857142857143,"(-10883880.551562723, 3526684.066691091)",1.0235417465384211
1236,9,7.0,1.14285714285714,"(-10883880.551562723, 3526684.066691091)",1.0235417465384211
1236,10,7.0,1.14285714285714,"(-10883880.551562723, 3526684.066691091)",1.0235417465384211
1236,11,7.0,2.14285714285714,"(-10883880.551562723, 3526684.066691091)",1.0235417465384211
1236,12,7.0,1.71428571428571,"(-10883880.551562723, 3526684.066691091)",1.0235417465384211
1236,13,7.0,2.28571428571429,"(-10883880.551562723, 3526684.066691091)",1.0235417465384211
1236,14,7.0,2.0,"(-10883880.551562723, 3526684.066691091)",1.0235417465384211
1236,15,7.0,2.28571428571429,"(-10883880.551562723, 3526684.066691091)",1.0235417465384211
1236,16,7.0,1.57142857142857,"(-10883880.551562723, 3526684.066691091)",1.0235417465384211
1236,17,7.0,1.14285714285714,"(-10883880.551562723, 3526684.066691091)",1.0235417465384211
1236,18,7.0,0.857142857142857,"(-10883880.551562723, 3526684.066691091)",1.0235417465384211
1236,19,7.0,1.0,"(-10883880.551562723, 3526684.066691091)",1.0235417465384211
1236,20,7.0,1.57142857142857,"(-10883880.551562723, 3526684.066691091)",1.0235417465384211
1236,21,7.0,2.14285714285714,"(-10883880.551562723, 3526684.066691091)",1.0235417465384211
1236,22,7.0,3.42857142857143,"(-10883880.551562723, 3526684.066691091)",1.0235417465384211
1236,23,7.0,2.28571428571429,"(-10883880.551562723, 3526684.066691091)",1.0235417465384211
1237,0,10.0,1.28571428571429,"(-10874891.502681166, 3535927.0153656797)",1.0255647935057728
1237,1,10.0,1.14285714285714,"(-10874891.502681166, 3535927.0153656797)",1.0255647935057728
1237,2,10.0,1.14285714285714,"(-10874891.502681166, 3535927.0153656797)",1.0255647935057728
1237,3,10.0,1.28571428571429,"(-10874891.502681166, 3535927.0153656797)",1.0255647935057728
1237,4,10.0,1.28571428571429,"(-10874891.502681166, 3535927.0153656797)",1.0255647935057728
1237,5,10.0,1.28571428571429,"(-10874891.502681166, 3535927.0153656797)",1.0255647935057728
1237,6,10.0,0.0,"(-10874891.502681166, 3535927.0153656797)",1.0255647935057728
1237,7,10.0,0.0,"(-10874891.502681166, 3535927.0153656797)",1.0255647935057728
1237,8,10.0,0.0,"(-10874891.502681166, 3535927.0153656797)",1.0255647935057728
1237,9,10.0,0.0,"(-10874891.502681166, 3535927.0153656797)",1.0255647935057728
1237,10,10.0,0.0,"(-10874891.502681166, 3535927.0153656797)",1.0255647935057728
1237,11,10.0,2.14285714285714,"(-10874891.502681166, 3535927.0153656797)",1.0255647935057728
1237,12,10.0,2.0,"(-10874891.502681166, 3535927.0153656797)",1.0255647935057728
1237,13,10.0,1.57142857142857,"(-10874891.502681166, 3535927.0153656797)",1.0255647935057728
1237,14,10.0,1.28571428571429,"(-10874891.502681166, 3535927.0153656797)",1.0255647935057728
1237,15,10.0,1.85714285714286,"(-10874891.502681166, 3535927.0153656797)",1.0255647935057728
1237,16,10.0,2.57142857142857,"(-10874891.502681166, 3535927.0153656797)",1.0255647935057728
1237,17,10.0,2.71428571428571,"(-10874891.502681166, 3535927.0153656797)",1.0255647935057728
1237,18,10.0,3.28571428571429,"(-10874891.502681166, 3535927.0153656797)",1.0255647935057728
1237,19,10.0,2.14285714285714,"(-10874891.502681166, 3535927.0153656797)",1.0255647935057728
1237,20,10.0,2.0,"(-10874891.502681166, 3535927.0153656797)",1.0255647935057728
1237,21,10.0,1.85714285714286,"(-10874891.502681166, 3535927.0153656797)",1.0255647935057728
1237,22,10.0,1.28571428571429,"(-10874891.502681166, 3535927.0153656797)",1.0255647935057728
1237,23,10.0,1.42857142857143,"(-10874891.502681166, 3535927.0153656797)",1.0255647935057728
1238,0,4.0,1.0,"(-10868059.268933726, 3560581.0596281937)",1.025206245523815
1238,1,4.0,1.0,"(-10868059.268933726, 3560581.0596281937)",1.025206245523815
1238,2,4.0,0.428571428571429,"(-10868059.268933726, 3560581.0596281937)",1.025206245523815
1238,3,4.0,0.714285714285714,"(-10868059.268933726, 3560581.0596281937)",1.025206245523815
1238,4,4.0,0.571428571428571,"(-10868059.268933726, 3560581.0596281937)",1.025206245523815
1238,5,4.0,1.0,"(-10868059.268933726, 3560581.0596281937)",1.025206245523815
1238,6,4.0,0.571428571428571,"(-10868059.268933726, 3560581.0596281937)",1.025206245523815
1238,7,4.0,0.857142857142857,"(-10868059.268933726, 3560581.0596281937)",1.025206245523815
1238,8,4.0,1.42857142857143,"(-10868059.268933726, 3560581.0596281937)",1.025206245523815
1238,9,4.0,1.14285714285714,"(-10868059.268933726, 3560581.0596281937)",1.025206245523815
1238,10,4.0,1.0,"(-10868059.268933726, 3560581.0596281937)",1.025206245523815
1238,11,4.0,1.0,"(-10868059.268933726, 3560581.0596281937)",1.025206245523815
1238,12,4.0,1.85714285714286,"(-10868059.268933726, 3560581.0596281937)",1.025206245523815
1238,13,4.0,1.57142857142857,"(-10868059.268933726, 3560581.0596281937)",1.025206245523815
1238,14,4.0,1.28571428571429,"(-10868059.268933726, 3560581.0596281937)",1.025206245523815
1238,15,4.0,0.714285714285714,"(-10868059.268933726, 3560581.0596281937)",1.025206245523815
1238,16,4.0,1.14285714285714,"(-10868059.268933726, 3560581.0596281937)",1.025206245523815
1238,17,4.0,0.857142857142857,"(-10868059.268933726, 3560581.0596281937)",1.025206245523815
1238,18,4.0,0.571428571428571,"(-10868059.268933726, 3560581.0596281937)",1.025206245523815
1238,19,4.0,0.428571428571429,"(-10868059.268933726, 3560581.0596281937)",1.025206245523815
1238,20,4.0,0.0,"(-10868059.268933726, 3560581.0596281937)",1.025206245523815
1238,21,4.0,0.142857142857143,"(-10868059.268933726, 3560581.0596281937)",1.025206245523815
1238,22,4.0,0.285714285714286,"(-10868059.268933726, 3560581.0596281937)",1.025206245523815
1238,23,4.0,0.428571428571429,"(-10868059.268933726, 3560581.0596281937)",1.025206245523815
1239,0,2.0,0.142857142857143,"(-10871732.812129905, 3561242.8196196123)",1.025206245523815
1239,1,2.0,0.0,"(-10871732.812129905, 3561242.8196196123)",1.025206245523815
1239,2,2.0,0.142857142857143,"(-10871732.812129905, 3561242.8196196123)",1.025206245523815
1239,3,2.0,0.285714285714286,"(-10871732.812129905, 3561242.8196196123)",1.025206245523815
1239,4,2.0,0.285714285714286,"(-10871732.812129905, 3561242.8196196123)",1.025206245523815
1239,5,2.0,0.285714285714286,"(-10871732.812129905, 3561242.8196196123)",1.025206245523815
1239,6,2.0,0.285714285714286,"(-10871732.812129905, 3561242.8196196123)",1.025206245523815
1239,7,2.0,0.285714285714286,"(-10871732.812129905, 3561242.8196196123)",1.025206245523815
1239,8,2.0,0.428571428571429,"(-10871732.812129905, 3561242.8196196123)",1.025206245523815
1239,9,2.0,0.571428571428571,"(-10871732.812129905, 3561242.8196196123)",1.025206245523815
1239,10,2.0,0.285714285714286,"(-10871732.812129905, 3561242.8196196123)",1.025206245523815
1239,11,2.0,0.571428571428571,"(-10871732.812129905, 3561242.8196196123)",1.025206245523815
1239,12,2.0,0.428571428571429,"(-10871732.812129905, 3561242.8196196123)",1.025206245523815
1239,13,2.0,0.285714285714286,"(-10871732.812129905, 3561242.8196196123)",1.025206245523815
1239,14,2.0,0.571428571428571,"(-10871732.812129905, 3561242.8196196123)",1.025206245523815
1239,15,2.0,0.714285714285714,"(-10871732.812129905, 3561242.8196196123)",1.025206245523815
1239,16,2.0,0.571428571428571,"(-10871732.812129905, 3561242.8196196123)",1.025206245523815
1239,17,2.0,0.714285714285714,"(-10871732.812129905, 3561242.8196196123)",1.025206245523815
1239,18,2.0,0.142857142857143,"(-10871732.812129905, 3561242.8196196123)",1.025206245523815
1239,19,2.0,0.285714285714286,"(-10871732.812129905, 3561242.8196196123)",1.025206245523815
1239,20,2.0,0.0,"(-10871732.812129905, 3561242.8196196123)",1.025206245523815
1239,21,2.0,0.285714285714286,"(-10871732.812129905, 3561242.8196196123)",1.025206245523815
1239,22,2.0,0.428571428571429,"(-10871732.812129905, 3561242.8196196123)",1.025206245523815
1239,23,2.0,0.428571428571429,"(-10871732.812129905, 3561242.8196196123)",1.025206245523815
1240,0,4.0,0.571428571428571,"(-10869367.272950549, 3558967.1567442436)",1.025206245523815
1240,1,4.0,0.285714285714286,"(-10869367.272950549, 3558967.1567442436)",1.025206245523815
1240,2,4.0,0.428571428571429,"(-10869367.272950549, 3558967.1567442436)",1.025206245523815
1240,3,4.0,0.714285714285714,"(-10869367.272950549, 3558967.1567442436)",1.025206245523815
1240,4,4.0,0.714285714285714,"(-10869367.272950549, 3558967.1567442436)",1.025206245523815
1240,5,4.0,0.428571428571429,"(-10869367.272950549, 3558967.1567442436)",1.025206245523815
1240,6,4.0,0.714285714285714,"(-10869367.272950549, 3558967.1567442436)",1.025206245523815
1240,7,4.0,0.571428571428571,"(-10869367.272950549, 3558967.1567442436)",1.025206245523815
1240,8,4.0,1.14285714285714,"(-10869367.272950549, 3558967.1567442436)",1.025206245523815
1240,9,4.0,0.428571428571429,"(-10869367.272950549, 3558967.1567442436)",1.025206245523815
1240,10,4.0,0.285714285714286,"(-10869367.272950549, 3558967.1567442436)",1.025206245523815
1240,11,4.0,0.142857142857143,"(-10869367.272950549, 3558967.1567442436)",1.025206245523815
1240,12,4.0,0.285714285714286,"(-10869367.272950549, 3558967.1567442436)",1.025206245523815
1240,13,4.0,0.571428571428571,"(-10869367.272950549, 3558967.1567442436)",1.025206245523815
1240,14,4.0,0.714285714285714,"(-10869367.272950549, 3558967.1567442436)",1.025206245523815
1240,15,4.0,0.857142857142857,"(-10869367.272950549, 3558967.1567442436)",1.025206245523815
1240,16,4.0,0.857142857142857,"(-10869367.272950549, 3558967.1567442436)",1.025206245523815
1240,17,4.0,0.571428571428571,"(-10869367.272950549, 3558967.1567442436)",1.025206245523815
1240,18,4.0,1.0,"(-10869367.272950549, 3558967.1567442436)",1.025206245523815
1240,19,4.0,0.714285714285714,"(-10869367.272950549, 3558967.1567442436)",1.025206245523815
1240,20,4.0,0.714285714285714,"(-10869367.272950549, 3558967.1567442436)",1.025206245523815
1240,21,4.0,0.285714285714286,"(-10869367.272950549, 3558967.1567442436)",1.025206245523815
1240,22,4.0,0.142857142857143,"(-10869367.272950549, 3558967.1567442436)",1.025206245523815
1240,23,4.0,0.428571428571429,"(-10869367.272950549, 3558967.1567442436)",1.025206245523815
1241,0,0.0,0.0,"(-10863731.72372914, 3557918.2307804343)",1.0067632241250315
1241,1,0.0,0.0,"(-10863731.72372914, 3557918.2307804343)",1.0067632241250315
1241,2,0.0,0.0,"(-10863731.72372914, 3557918.2307804343)",1.0067632241250315
1241,3,0.0,0.0,"(-10863731.72372914, 3557918.2307804343)",1.0067632241250315
1241,4,0.0,0.0,"(-10863731.72372914, 3557918.2307804343)",1.0067632241250315
1241,5,0.0,0.0,"(-10863731.72372914, 3557918.2307804343)",1.0067632241250315
1241,6,0.0,0.0,"(-10863731.72372914, 3557918.2307804343)",1.0067632241250315
1241,7,0.0,0.0,"(-10863731.72372914, 3557918.2307804343)",1.0067632241250315
1241,8,0.0,0.0,"(-10863731.72372914, 3557918.2307804343)",1.0067632241250315
1241,9,0.0,0.0,"(-10863731.72372914, 3557918.2307804343)",1.0067632241250315
1241,10,0.0,0.0,"(-10863731.72372914, 3557918.2307804343)",1.0067632241250315
1241,11,0.0,0.0,"(-10863731.72372914, 3557918.2307804343)",1.0067632241250315
1241,12,0.0,0.0,"(-10863731.72372914, 3557918.2307804343)",1.0067632241250315
1241,13,0.0,0.0,"(-10863731.72372914, 3557918.2307804343)",1.0067632241250315
1241,14,0.0,0.0,"(-10863731.72372914, 3557918.2307804343)",1.0067632241250315
1241,15,0.0,0.0,"(-10863731.72372914, 3557918.2307804343)",1.0067632241250315
1241,16,0.0,0.0,"(-10863731.72372914, 3557918.2307804343)",1.0067632241250315
1241,17,0.0,0.0,"(-10863731.72372914, 3557918.2307804343)",1.0067632241250315
1241,18,0.0,0.0,"(-10863731.72372914, 3557918.2307804343)",1.0067632241250315
1241,19,0.0,0.0,"(-10863731.72372914, 3557918.2307804343)",1.0067632241250315
1241,20,0.0,0.0,"(-10863731.72372914, 3557918.2307804343)",1.0067632241250315
1241,21,0.0,0.0,"(-10863731.72372914, 3557918.2307804343)",1.0067632241250315
1241,22,0.0,0.0,"(-10863731.72372914, 3557918.2307804343)",1.0067632241250315
1241,23,0.0,0.0,"(-10863731.72372914, 3557918.2307804343)",1.0067632241250315
1242,0,2.0,1.14285714285714,"(-10870146.509386102, 3553029.7740278677)",1.027270681743056
1242,1,2.0,0.428571428571429,"(-10870146.509386102, 3553029.7740278677)",1.027270681743056
1242,2,2.0,0.285714285714286,"(-10870146.509386102, 3553029.7740278677)",1.027270681743056
1242,3,2.0,0.142857142857143,"(-10870146.509386102, 3553029.7740278677)",1.027270681743056
1242,4,2.0,0.285714285714286,"(-10870146.509386102, 3553029.7740278677)",1.027270681743056
1242,5,2.0,0.142857142857143,"(-10870146.509386102, 3553029.7740278677)",1.027270681743056
1242,6,2.0,0.142857142857143,"(-10870146.509386102, 3553029.7740278677)",1.027270681743056
1242,7,2.0,0.0,"(-10870146.509386102, 3553029.7740278677)",1.027270681743056
1242,8,2.0,0.142857142857143,"(-10870146.509386102, 3553029.7740278677)",1.027270681743056
1242,9,2.0,0.714285714285714,"(-10870146.509386102, 3553029.7740278677)",1.027270681743056
1242,10,2.0,0.428571428571429,"(-10870146.509386102, 3553029.7740278677)",1.027270681743056
1242,11,2.0,0.285714285714286,"(-10870146.509386102, 3553029.7740278677)",1.027270681743056
1242,12,2.0,0.285714285714286,"(-10870146.509386102, 3553029.7740278677)",1.027270681743056
1242,13,2.0,0.428571428571429,"(-10870146.509386102, 3553029.7740278677)",1.027270681743056
1242,14,2.0,0.428571428571429,"(-10870146.509386102, 3553029.7740278677)",1.027270681743056
1242,15,2.0,0.285714285714286,"(-10870146.509386102, 3553029.7740278677)",1.027270681743056
1242,16,2.0,0.0,"(-10870146.509386102, 3553029.7740278677)",1.027270681743056
1242,17,2.0,0.142857142857143,"(-10870146.509386102, 3553029.7740278677)",1.027270681743056
1242,18,2.0,0.285714285714286,"(-10870146.509386102, 3553029.7740278677)",1.027270681743056
1242,19,2.0,0.428571428571429,"(-10870146.509386102, 3553029.7740278677)",1.027270681743056
1242,20,2.0,0.142857142857143,"(-10870146.509386102, 3553029.7740278677)",1.027270681743056
1242,21,2.0,0.142857142857143,"(-10870146.509386102, 3553029.7740278677)",1.027270681743056
1242,22,2.0,0.571428571428571,"(-10870146.509386102, 3553029.7740278677)",1.027270681743056
1242,23,2.0,0.857142857142857,"(-10870146.509386102, 3553029.7740278677)",1.027270681743056
1243,0,2.0,0.142857142857143,"(-10869005.48460547, 3555772.2390440707)",1.027270681743056
1243,1,2.0,0.285714285714286,"(-10869005.48460547, 3555772.2390440707)",1.027270681743056
1243,2,2.0,0.285714285714286,"(-10869005.48460547, 3555772.2390440707)",1.027270681743056
1243,3,2.0,0.0,"(-10869005.48460547, 3555772.2390440707)",1.027270681743056
1243,4,2.0,0.142857142857143,"(-10869005.48460547, 3555772.2390440707)",1.027270681743056
1243,5,2.0,0.142857142857143,"(-10869005.48460547, 3555772.2390440707)",1.027270681743056
1243,6,2.0,0.285714285714286,"(-10869005.48460547, 3555772.2390440707)",1.027270681743056
1243,7,2.0,0.0,"(-10869005.48460547, 3555772.2390440707)",1.027270681743056
1243,8,2.0,0.285714285714286,"(-10869005.48460547, 3555772.2390440707)",1.027270681743056
1243,9,2.0,0.0,"(-10869005.48460547, 3555772.2390440707)",1.027270681743056
1243,10,2.0,0.0,"(-10869005.48460547, 3555772.2390440707)",1.027270681743056
1243,11,2.0,0.428571428571429,"(-10869005.48460547, 3555772.2390440707)",1.027270681743056
1243,12,2.0,0.285714285714286,"(-10869005.48460547, 3555772.2390440707)",1.027270681743056
1243,13,2.0,0.285714285714286,"(-10869005.48460547, 3555772.2390440707)",1.027270681743056
1243,14,2.0,0.428571428571429,"(-10869005.48460547, 3555772.2390440707)",1.027270681743056
1243,15,2.0,0.285714285714286,"(-10869005.48460547, 3555772.2390440707)",1.027270681743056
1243,16,2.0,0.285714285714286,"(-10869005.48460547, 3555772.2390440707)",1.027270681743056
1243,17,2.0,0.285714285714286,"(-10869005.48460547, 3555772.2390440707)",1.027270681743056
1243,18,2.0,0.142857142857143,"(-10869005.48460547, 3555772.2390440707)",1.027270681743056
1243,19,2.0,0.285714285714286,"(-10869005.48460547, 3555772.2390440707)",1.027270681743056
1243,20,2.0,0.428571428571429,"(-10869005.48460547, 3555772.2390440707)",1.027270681743056
1243,21,2.0,0.571428571428571,"(-10869005.48460547, 3555772.2390440707)",1.027270681743056
1243,22,2.0,0.285714285714286,"(-10869005.48460547, 3555772.2390440707)",1.027270681743056
1243,23,2.0,0.142857142857143,"(-10869005.48460547, 3555772.2390440707)",1.027270681743056
1244,0,2.0,0.0,"(-10872164.17515673, 3557208.2381648794)",1.027270681743056
1244,1,2.0,0.0,"(-10872164.17515673, 3557208.2381648794)",1.027270681743056
1244,2,2.0,0.0,"(-10872164.17515673, 3557208.2381648794)",1.027270681743056
1244,3,2.0,0.142857142857143,"(-10872164.17515673, 3557208.2381648794)",1.027270681743056
1244,4,2.0,0.142857142857143,"(-10872164.17515673, 3557208.2381648794)",1.027270681743056
1244,5,2.0,0.142857142857143,"(-10872164.17515673, 3557208.2381648794)",1.027270681743056
1244,6,2.0,0.142857142857143,"(-10872164.17515673, 3557208.2381648794)",1.027270681743056
1244,7,2.0,0.0,"(-10872164.17515673, 3557208.2381648794)",1.027270681743056
1244,8,2.0,0.0,"(-10872164.17515673, 3557208.2381648794)",1.027270681743056
1244,9,2.0,0.142857142857143,"(-10872164.17515673, 3557208.2381648794)",1.027270681743056
1244,10,2.0,0.0,"(-10872164.17515673, 3557208.2381648794)",1.027270681743056
1244,11,2.0,0.0,"(-10872164.17515673, 3557208.2381648794)",1.027270681743056
1244,12,2.0,0.0,"(-10872164.17515673, 3557208.2381648794)",1.027270681743056
1244,13,2.0,0.142857142857143,"(-10872164.17515673, 3557208.2381648794)",1.027270681743056
1244,14,2.0,0.285714285714286,"(-10872164.17515673, 3557208.2381648794)",1.027270681743056
1244,15,2.0,0.285714285714286,"(-10872164.17515673, 3557208.2381648794)",1.027270681743056
1244,16,2.0,0.285714285714286,"(-10872164.17515673, 3557208.2381648794)",1.027270681743056
1244,17,2.0,0.285714285714286,"(-10872164.17515673, 3557208.2381648794)",1.027270681743056
1244,18,2.0,0.285714285714286,"(-10872164.17515673, 3557208.2381648794)",1.027270681743056
1244,19,2.0,0.0,"(-10872164.17515673, 3557208.2381648794)",1.027270681743056
1244,20,2.0,0.0,"(-10872164.17515673, 3557208.2381648794)",1.027270681743056
1244,21,2.0,0.142857142857143,"(-10872164.17515673, 3557208.2381648794)",1.027270681743056
1244,22,2.0,0.142857142857143,"(-10872164.17515673, 3557208.2381648794)",1.027270681743056
1244,23,2.0,0.285714285714286,"(-10872164.17515673, 3557208.2381648794)",1.027270681743056
1245,0,2.0,0.0,"(-10871120.554930542, 3556611.2298899298)",1.027270681743056
1245,1,2.0,0.0,"(-10871120.554930542, 3556611.2298899298)",1.027270681743056
1245,2,2.0,0.428571428571429,"(-10871120.554930542, 3556611.2298899298)",1.027270681743056
1245,3,2.0,0.0,"(-10871120.554930542, 3556611.2298899298)",1.027270681743056
1245,4,2.0,0.0,"(-10871120.554930542, 3556611.2298899298)",1.027270681743056
1245,5,2.0,0.142857142857143,"(-10871120.554930542, 3556611.2298899298)",1.027270681743056
1245,6,2.0,0.285714285714286,"(-10871120.554930542, 3556611.2298899298)",1.027270681743056
1245,7,2.0,0.142857142857143,"(-10871120.554930542, 3556611.2298899298)",1.027270681743056
1245,8,2.0,0.142857142857143,"(-10871120.554930542, 3556611.2298899298)",1.027270681743056
1245,9,2.0,0.285714285714286,"(-10871120.554930542, 3556611.2298899298)",1.027270681743056
1245,10,2.0,0.285714285714286,"(-10871120.554930542, 3556611.2298899298)",1.027270681743056
1245,11,2.0,0.428571428571429,"(-10871120.554930542, 3556611.2298899298)",1.027270681743056
1245,12,2.0,0.285714285714286,"(-10871120.554930542, 3556611.2298899298)",1.027270681743056
1245,13,2.0,0.285714285714286,"(-10871120.554930542, 3556611.2298899298)",1.027270681743056
1245,14,2.0,0.142857142857143,"(-10871120.554930542, 3556611.2298899298)",1.027270681743056
1245,15,2.0,0.285714285714286,"(-10871120.554930542, 3556611.2298899298)",1.027270681743056
1245,16,2.0,0.571428571428571,"(-10871120.554930542, 3556611.2298899298)",1.027270681743056
1245,17,2.0,0.571428571428571,"(-10871120.554930542, 3556611.2298899298)",1.027270681743056
1245,18,2.0,0.571428571428571,"(-10871120.554930542, 3556611.2298899298)",1.027270681743056
1245,19,2.0,0.285714285714286,"(-10871120.554930542, 3556611.2298899298)",1.027270681743056
1245,20,2.0,0.142857142857143,"(-10871120.554930542, 3556611.2298899298)",1.027270681743056
1245,21,2.0,0.142857142857143,"(-10871120.554930542, 3556611.2298899298)",1.027270681743056
1245,22,2.0,0.0,"(-10871120.554930542, 3556611.2298899298)",1.027270681743056
1245,23,2.0,0.142857142857143,"(-10871120.554930542, 3556611.2298899298)",1.027270681743056
1246,0,1.0,0.285714285714286,"(-10870703.106840068, 3554400.9319579517)",1.027270681743056
1246,1,1.0,0.285714285714286,"(-10870703.106840068, 3554400.9319579517)",1.027270681743056
1246,2,1.0,0.142857142857143,"(-10870703.106840068, 3554400.9319579517)",1.027270681743056
1246,3,1.0,0.0,"(-10870703.106840068, 3554400.9319579517)",1.027270681743056
1246,4,1.0,0.0,"(-10870703.106840068, 3554400.9319579517)",1.027270681743056
1246,5,1.0,0.0,"(-10870703.106840068, 3554400.9319579517)",1.027270681743056
1246,6,1.0,0.142857142857143,"(-10870703.106840068, 3554400.9319579517)",1.027270681743056
1246,7,1.0,0.428571428571429,"(-10870703.106840068, 3554400.9319579517)",1.027270681743056
1246,8,1.0,0.428571428571429,"(-10870703.106840068, 3554400.9319579517)",1.027270681743056
1246,9,1.0,0.285714285714286,"(-10870703.106840068, 3554400.9319579517)",1.027270681743056
1246,10,1.0,0.142857142857143,"(-10870703.106840068, 3554400.9319579517)",1.027270681743056
1246,11,1.0,0.285714285714286,"(-10870703.106840068, 3554400.9319579517)",1.027270681743056
1246,12,1.0,0.142857142857143,"(-10870703.106840068, 3554400.9319579517)",1.027270681743056
1246,13,1.0,0.0,"(-10870703.106840068, 3554400.9319579517)",1.027270681743056
1246,14,1.0,0.0,"(-10870703.106840068, 3554400.9319579517)",1.027270681743056
1246,15,1.0,0.0,"(-10870703.106840068, 3554400.9319579517)",1.027270681743056
1246,16,1.0,0.285714285714286,"(-10870703.106840068, 3554400.9319579517)",1.027270681743056
1246,17,1.0,0.142857142857143,"(-10870703.106840068, 3554400.9319579517)",1.027270681743056
1246,18,1.0,0.142857142857143,"(-10870703.106840068, 3554400.9319579517)",1.027270681743056
1246,19,1.0,0.0,"(-10870703.106840068, 3554400.9319579517)",1.027270681743056
1246,20,1.0,0.142857142857143,"(-10870703.106840068, 3554400.9319579517)",1.027270681743056
1246,21,1.0,0.0,"(-10870703.106840068, 3554400.9319579517)",1.027270681743056
1246,22,1.0,0.285714285714286,"(-10870703.106840068, 3554400.9319579517)",1.027270681743056
1246,23,1.0,0.142857142857143,"(-10870703.106840068, 3554400.9319579517)",1.027270681743056
1247,0,2.0,0.0,"(-10870160.42432245, 3552787.820458713)",1.027270681743056
1247,1,2.0,0.142857142857143,"(-10870160.42432245, 3552787.820458713)",1.027270681743056
1247,2,2.0,0.0,"(-10870160.42432245, 3552787.820458713)",1.027270681743056
1247,3,2.0,0.0,"(-10870160.42432245, 3552787.820458713)",1.027270681743056
1247,4,2.0,0.142857142857143,"(-10870160.42432245, 3552787.820458713)",1.027270681743056
1247,5,2.0,0.428571428571429,"(-10870160.42432245, 3552787.820458713)",1.027270681743056
1247,6,2.0,0.285714285714286,"(-10870160.42432245, 3552787.820458713)",1.027270681743056
1247,7,2.0,0.285714285714286,"(-10870160.42432245, 3552787.820458713)",1.027270681743056
1247,8,2.0,0.428571428571429,"(-10870160.42432245, 3552787.820458713)",1.027270681743056
1247,9,2.0,0.285714285714286,"(-10870160.42432245, 3552787.820458713)",1.027270681743056
1247,10,2.0,0.285714285714286,"(-10870160.42432245, 3552787.820458713)",1.027270681743056
1247,11,2.0,0.142857142857143,"(-10870160.42432245, 3552787.820458713)",1.027270681743056
1247,12,2.0,0.571428571428571,"(-10870160.42432245, 3552787.820458713)",1.027270681743056
1247,13,2.0,0.571428571428571,"(-10870160.42432245, 3552787.820458713)",1.027270681743056
1247,14,2.0,0.714285714285714,"(-10870160.42432245, 3552787.820458713)",1.027270681743056
1247,15,2.0,0.714285714285714,"(-10870160.42432245, 3552787.820458713)",1.027270681743056
1247,16,2.0,0.571428571428571,"(-10870160.42432245, 3552787.820458713)",1.027270681743056
1247,17,2.0,0.714285714285714,"(-10870160.42432245, 3552787.820458713)",1.027270681743056
1247,18,2.0,0.714285714285714,"(-10870160.42432245, 3552787.820458713)",1.027270681743056
1247,19,2.0,0.571428571428571,"(-10870160.42432245, 3552787.820458713)",1.027270681743056
1247,20,2.0,0.285714285714286,"(-10870160.42432245, 3552787.820458713)",1.027270681743056
1247,21,2.0,0.571428571428571,"(-10870160.42432245, 3552787.820458713)",1.027270681743056
1247,22,2.0,0.428571428571429,"(-10870160.42432245, 3552787.820458713)",1.027270681743056
1247,23,2.0,0.285714285714286,"(-10870160.42432245, 3552787.820458713)",1.027270681743056
1248,0,2.0,0.0,"(-10871217.959484987, 3556353.072910569)",1.027270681743056
1248,1,2.0,0.142857142857143,"(-10871217.959484987, 3556353.072910569)",1.027270681743056
1248,2,2.0,0.285714285714286,"(-10871217.959484987, 3556353.072910569)",1.027270681743056
1248,3,2.0,0.285714285714286,"(-10871217.959484987, 3556353.072910569)",1.027270681743056
1248,4,2.0,0.285714285714286,"(-10871217.959484987, 3556353.072910569)",1.027270681743056
1248,5,2.0,0.714285714285714,"(-10871217.959484987, 3556353.072910569)",1.027270681743056
1248,6,2.0,0.571428571428571,"(-10871217.959484987, 3556353.072910569)",1.027270681743056
1248,7,2.0,0.285714285714286,"(-10871217.959484987, 3556353.072910569)",1.027270681743056
1248,8,2.0,0.285714285714286,"(-10871217.959484987, 3556353.072910569)",1.027270681743056
1248,9,2.0,0.285714285714286,"(-10871217.959484987, 3556353.072910569)",1.027270681743056
1248,10,2.0,0.428571428571429,"(-10871217.959484987, 3556353.072910569)",1.027270681743056
1248,11,2.0,0.142857142857143,"(-10871217.959484987, 3556353.072910569)",1.027270681743056
1248,12,2.0,0.428571428571429,"(-10871217.959484987, 3556353.072910569)",1.027270681743056
1248,13,2.0,0.285714285714286,"(-10871217.959484987, 3556353.072910569)",1.027270681743056
1248,14,2.0,0.285714285714286,"(-10871217.959484987, 3556353.072910569)",1.027270681743056
1248,15,2.0,0.428571428571429,"(-10871217.959484987, 3556353.072910569)",1.027270681743056
1248,16,2.0,0.571428571428571,"(-10871217.959484987, 3556353.072910569)",1.027270681743056
1248,17,2.0,0.285714285714286,"(-10871217.959484987, 3556353.072910569)",1.027270681743056
1248,18,2.0,0.428571428571429,"(-10871217.959484987, 3556353.072910569)",1.027270681743056
1248,19,2.0,0.428571428571429,"(-10871217.959484987, 3556353.072910569)",1.027270681743056
1248,20,2.0,0.428571428571429,"(-10871217.959484987, 3556353.072910569)",1.027270681743056
1248,21,2.0,0.571428571428571,"(-10871217.959484987, 3556353.072910569)",1.027270681743056
1248,22,2.0,0.428571428571429,"(-10871217.959484987, 3556353.072910569)",1.027270681743056
1248,23,2.0,0.142857142857143,"(-10871217.959484987, 3556353.072910569)",1.027270681743056
1249,0,2.0,0.285714285714286,"(-10871927.621238794, 3557321.1888588737)",1.025206245523815
1249,1,2.0,0.285714285714286,"(-10871927.621238794, 3557321.1888588737)",1.025206245523815
1249,2,2.0,0.142857142857143,"(-10871927.621238794, 3557321.1888588737)",1.025206245523815
1249,3,2.0,0.0,"(-10871927.621238794, 3557321.1888588737)",1.025206245523815
1249,4,2.0,0.142857142857143,"(-10871927.621238794, 3557321.1888588737)",1.025206245523815
1249,5,2.0,0.142857142857143,"(-10871927.621238794, 3557321.1888588737)",1.025206245523815
1249,6,2.0,0.142857142857143,"(-10871927.621238794, 3557321.1888588737)",1.025206245523815
1249,7,2.0,0.142857142857143,"(-10871927.621238794, 3557321.1888588737)",1.025206245523815
1249,8,2.0,0.285714285714286,"(-10871927.621238794, 3557321.1888588737)",1.025206245523815
1249,9,2.0,0.142857142857143,"(-10871927.621238794, 3557321.1888588737)",1.025206245523815
1249,10,2.0,0.0,"(-10871927.621238794, 3557321.1888588737)",1.025206245523815
1249,11,2.0,0.0,"(-10871927.621238794, 3557321.1888588737)",1.025206245523815
1249,12,2.0,0.142857142857143,"(-10871927.621238794, 3557321.1888588737)",1.025206245523815
1249,13,2.0,0.0,"(-10871927.621238794, 3557321.1888588737)",1.025206245523815
1249,14,2.0,0.142857142857143,"(-10871927.621238794, 3557321.1888588737)",1.025206245523815
1249,15,2.0,0.428571428571429,"(-10871927.621238794, 3557321.1888588737)",1.025206245523815
1249,16,2.0,0.285714285714286,"(-10871927.621238794, 3557321.1888588737)",1.025206245523815
1249,17,2.0,0.428571428571429,"(-10871927.621238794, 3557321.1888588737)",1.025206245523815
1249,18,2.0,0.428571428571429,"(-10871927.621238794, 3557321.1888588737)",1.025206245523815
1249,19,2.0,0.285714285714286,"(-10871927.621238794, 3557321.1888588737)",1.025206245523815
1249,20,2.0,0.285714285714286,"(-10871927.621238794, 3557321.1888588737)",1.025206245523815
1249,21,2.0,0.285714285714286,"(-10871927.621238794, 3557321.1888588737)",1.025206245523815
1249,22,2.0,0.428571428571429,"(-10871927.621238794, 3557321.1888588737)",1.025206245523815
1249,23,2.0,0.428571428571429,"(-10871927.621238794, 3557321.1888588737)",1.025206245523815
1250,0,16.0,6.0,"(-10874557.544208786, 3569235.1095790397)",0.9927521252209477
1250,1,16.0,4.14285714285714,"(-10874557.544208786, 3569235.1095790397)",0.9927521252209477
1250,2,16.0,2.85714285714286,"(-10874557.544208786, 3569235.1095790397)",0.9927521252209477
1250,3,16.0,2.42857142857143,"(-10874557.544208786, 3569235.1095790397)",0.9927521252209477
1250,4,16.0,3.0,"(-10874557.544208786, 3569235.1095790397)",0.9927521252209477
1250,5,16.0,2.42857142857143,"(-10874557.544208786, 3569235.1095790397)",0.9927521252209477
1250,6,16.0,2.0,"(-10874557.544208786, 3569235.1095790397)",0.9927521252209477
1250,7,16.0,1.57142857142857,"(-10874557.544208786, 3569235.1095790397)",0.9927521252209477
1250,8,16.0,1.28571428571429,"(-10874557.544208786, 3569235.1095790397)",0.9927521252209477
1250,9,16.0,1.71428571428571,"(-10874557.544208786, 3569235.1095790397)",0.9927521252209477
1250,10,16.0,2.71428571428571,"(-10874557.544208786, 3569235.1095790397)",0.9927521252209477
1250,11,16.0,4.28571428571429,"(-10874557.544208786, 3569235.1095790397)",0.9927521252209477
1250,12,16.0,6.57142857142857,"(-10874557.544208786, 3569235.1095790397)",0.9927521252209477
1250,13,16.0,7.42857142857143,"(-10874557.544208786, 3569235.1095790397)",0.9927521252209477
1250,14,16.0,8.28571428571429,"(-10874557.544208786, 3569235.1095790397)",0.9927521252209477
1250,15,16.0,8.85714285714286,"(-10874557.544208786, 3569235.1095790397)",0.9927521252209477
1250,16,16.0,7.71428571428571,"(-10874557.544208786, 3569235.1095790397)",0.9927521252209477
1250,17,16.0,8.57142857142857,"(-10874557.544208786, 3569235.1095790397)",0.9927521252209477
1250,18,16.0,8.0,"(-10874557.544208786, 3569235.1095790397)",0.9927521252209477
1250,19,16.0,8.85714285714286,"(-10874557.544208786, 3569235.1095790397)",0.9927521252209477
1250,20,16.0,9.14285714285714,"(-10874557.544208786, 3569235.1095790397)",0.9927521252209477
1250,21,16.0,9.57142857142857,"(-10874557.544208786, 3569235.1095790397)",0.9927521252209477
1250,22,16.0,9.57142857142857,"(-10874557.544208786, 3569235.1095790397)",0.9927521252209477
1250,23,16.0,8.71428571428571,"(-10874557.544208786, 3569235.1095790397)",0.9927521252209477
1251,0,0.0,0.0,"(-10872261.579711175, 3562098.317025812)",1.025206245523815
1251,1,0.0,0.0,"(-10872261.579711175, 3562098.317025812)",1.025206245523815
1251,2,0.0,0.0,"(-10872261.579711175, 3562098.317025812)",1.025206245523815
1251,3,0.0,0.0,"(-10872261.579711175, 3562098.317025812)",1.025206245523815
1251,4,0.0,0.0,"(-10872261.579711175, 3562098.317025812)",1.025206245523815
1251,5,0.0,0.0,"(-10872261.579711175, 3562098.317025812)",1.025206245523815
1251,6,0.0,0.0,"(-10872261.579711175, 3562098.317025812)",1.025206245523815
1251,7,0.0,0.0,"(-10872261.579711175, 3562098.317025812)",1.025206245523815
1251,8,0.0,0.0,"(-10872261.579711175, 3562098.317025812)",1.025206245523815
1251,9,0.0,0.0,"(-10872261.579711175, 3562098.317025812)",1.025206245523815
1251,10,0.0,0.0,"(-10872261.579711175, 3562098.317025812)",1.025206245523815
1251,11,0.0,0.0,"(-10872261.579711175, 3562098.317025812)",1.025206245523815
1251,12,0.0,0.0,"(-10872261.579711175, 3562098.317025812)",1.025206245523815
1251,13,0.0,0.0,"(-10872261.579711175, 3562098.317025812)",1.025206245523815
1251,14,0.0,0.0,"(-10872261.579711175, 3562098.317025812)",1.025206245523815
1251,15,0.0,0.0,"(-10872261.579711175, 3562098.317025812)",1.025206245523815
1251,16,0.0,0.0,"(-10872261.579711175, 3562098.317025812)",1.025206245523815
1251,17,0.0,0.0,"(-10872261.579711175, 3562098.317025812)",1.025206245523815
1251,18,0.0,0.0,"(-10872261.579711175, 3562098.317025812)",1.025206245523815
1251,19,0.0,0.0,"(-10872261.579711175, 3562098.317025812)",1.025206245523815
1251,20,0.0,0.0,"(-10872261.579711175, 3562098.317025812)",1.025206245523815
1251,21,0.0,0.0,"(-10872261.579711175, 3562098.317025812)",1.025206245523815
1251,22,0.0,0.0,"(-10872261.579711175, 3562098.317025812)",1.025206245523815
1251,23,0.0,0.0,"(-10872261.579711175, 3562098.317025812)",1.025206245523815
1252,0,2.0,1.0,"(-10874237.500672754, 3566182.90838814)",0.9927521252209477
1252,1,2.0,0.857142857142857,"(-10874237.500672754, 3566182.90838814)",0.9927521252209477
1252,2,2.0,0.428571428571429,"(-10874237.500672754, 3566182.90838814)",0.9927521252209477
1252,3,2.0,0.428571428571429,"(-10874237.500672754, 3566182.90838814)",0.9927521252209477
1252,4,2.0,0.571428571428571,"(-10874237.500672754, 3566182.90838814)",0.9927521252209477
1252,5,2.0,0.285714285714286,"(-10874237.500672754, 3566182.90838814)",0.9927521252209477
1252,6,2.0,0.285714285714286,"(-10874237.500672754, 3566182.90838814)",0.9927521252209477
1252,7,2.0,0.0,"(-10874237.500672754, 3566182.90838814)",0.9927521252209477
1252,8,2.0,0.142857142857143,"(-10874237.500672754, 3566182.90838814)",0.9927521252209477
1252,9,2.0,0.285714285714286,"(-10874237.500672754, 3566182.90838814)",0.9927521252209477
1252,10,2.0,0.428571428571429,"(-10874237.500672754, 3566182.90838814)",0.9927521252209477
1252,11,2.0,0.571428571428571,"(-10874237.500672754, 3566182.90838814)",0.9927521252209477
1252,12,2.0,0.571428571428571,"(-10874237.500672754, 3566182.90838814)",0.9927521252209477
1252,13,2.0,0.285714285714286,"(-10874237.500672754, 3566182.90838814)",0.9927521252209477
1252,14,2.0,0.142857142857143,"(-10874237.500672754, 3566182.90838814)",0.9927521252209477
1252,15,2.0,0.142857142857143,"(-10874237.500672754, 3566182.90838814)",0.9927521252209477
1252,16,2.0,0.428571428571429,"(-10874237.500672754, 3566182.90838814)",0.9927521252209477
1252,17,2.0,0.571428571428571,"(-10874237.500672754, 3566182.90838814)",0.9927521252209477
1252,18,2.0,0.571428571428571,"(-10874237.500672754, 3566182.90838814)",0.9927521252209477
1252,19,2.0,0.428571428571429,"(-10874237.500672754, 3566182.90838814)",0.9927521252209477
1252,20,2.0,0.142857142857143,"(-10874237.500672754, 3566182.90838814)",0.9927521252209477
1252,21,2.0,0.142857142857143,"(-10874237.500672754, 3566182.90838814)",0.9927521252209477
1252,22,2.0,0.428571428571429,"(-10874237.500672754, 3566182.90838814)",0.9927521252209477
1252,23,2.0,0.714285714285714,"(-10874237.500672754, 3566182.90838814)",0.9927521252209477
1253,0,2.0,0.142857142857143,"(-10870550.042540228, 3552594.2609457094)",1.027270681743056
1253,1,2.0,0.0,"(-10870550.042540228, 3552594.2609457094)",1.027270681743056
1253,2,2.0,0.285714285714286,"(-10870550.042540228, 3552594.2609457094)",1.027270681743056
1253,3,2.0,0.142857142857143,"(-10870550.042540228, 3552594.2609457094)",1.027270681743056
1253,4,2.0,0.571428571428571,"(-10870550.042540228, 3552594.2609457094)",1.027270681743056
1253,5,2.0,0.571428571428571,"(-10870550.042540228, 3552594.2609457094)",1.027270681743056
1253,6,2.0,0.285714285714286,"(-10870550.042540228, 3552594.2609457094)",1.027270681743056
1253,7,2.0,0.142857142857143,"(-10870550.042540228, 3552594.2609457094)",1.027270681743056
1253,8,2.0,0.142857142857143,"(-10870550.042540228, 3552594.2609457094)",1.027270681743056
1253,9,2.0,0.428571428571429,"(-10870550.042540228, 3552594.2609457094)",1.027270681743056
1253,10,2.0,0.285714285714286,"(-10870550.042540228, 3552594.2609457094)",1.027270681743056
1253,11,2.0,0.142857142857143,"(-10870550.042540228, 3552594.2609457094)",1.027270681743056
1253,12,2.0,0.285714285714286,"(-10870550.042540228, 3552594.2609457094)",1.027270681743056
1253,13,2.0,0.428571428571429,"(-10870550.042540228, 3552594.2609457094)",1.027270681743056
1253,14,2.0,0.428571428571429,"(-10870550.042540228, 3552594.2609457094)",1.027270681743056
1253,15,2.0,0.428571428571429,"(-10870550.042540228, 3552594.2609457094)",1.027270681743056
1253,16,2.0,0.285714285714286,"(-10870550.042540228, 3552594.2609457094)",1.027270681743056
1253,17,2.0,0.285714285714286,"(-10870550.042540228, 3552594.2609457094)",1.027270681743056
1253,18,2.0,0.142857142857143,"(-10870550.042540228, 3552594.2609457094)",1.027270681743056
1253,19,2.0,0.0,"(-10870550.042540228, 3552594.2609457094)",1.027270681743056
1253,20,2.0,0.285714285714286,"(-10870550.042540228, 3552594.2609457094)",1.027270681743056
1253,21,2.0,0.142857142857143,"(-10870550.042540228, 3552594.2609457094)",1.027270681743056
1253,22,2.0,0.142857142857143,"(-10870550.042540228, 3552594.2609457094)",1.027270681743056
1253,23,2.0,0.285714285714286,"(-10870550.042540228, 3552594.2609457094)",1.027270681743056
1254,0,2.0,0.0,"(-10874557.544208786, 3566086.02524934)",0.9927521252209477
1254,1,2.0,0.0,"(-10874557.544208786, 3566086.02524934)",0.9927521252209477
1254,2,2.0,0.142857142857143,"(-10874557.544208786, 3566086.02524934)",0.9927521252209477
1254,3,2.0,0.285714285714286,"(-10874557.544208786, 3566086.02524934)",0.9927521252209477
1254,4,2.0,0.714285714285714,"(-10874557.544208786, 3566086.02524934)",0.9927521252209477
1254,5,2.0,0.857142857142857,"(-10874557.544208786, 3566086.02524934)",0.9927521252209477
1254,6,2.0,0.571428571428571,"(-10874557.544208786, 3566086.02524934)",0.9927521252209477
1254,7,2.0,0.428571428571429,"(-10874557.544208786, 3566086.02524934)",0.9927521252209477
1254,8,2.0,0.285714285714286,"(-10874557.544208786, 3566086.02524934)",0.9927521252209477
1254,9,2.0,0.428571428571429,"(-10874557.544208786, 3566086.02524934)",0.9927521252209477
1254,10,2.0,0.428571428571429,"(-10874557.544208786, 3566086.02524934)",0.9927521252209477
1254,11,2.0,0.285714285714286,"(-10874557.544208786, 3566086.02524934)",0.9927521252209477
1254,12,2.0,0.285714285714286,"(-10874557.544208786, 3566086.02524934)",0.9927521252209477
1254,13,2.0,0.285714285714286,"(-10874557.544208786, 3566086.02524934)",0.9927521252209477
1254,14,2.0,0.285714285714286,"(-10874557.544208786, 3566086.02524934)",0.9927521252209477
1254,15,2.0,0.285714285714286,"(-10874557.544208786, 3566086.02524934)",0.9927521252209477
1254,16,2.0,0.142857142857143,"(-10874557.544208786, 3566086.02524934)",0.9927521252209477
1254,17,2.0,0.285714285714286,"(-10874557.544208786, 3566086.02524934)",0.9927521252209477
1254,18,2.0,0.285714285714286,"(-10874557.544208786, 3566086.02524934)",0.9927521252209477
1254,19,2.0,0.571428571428571,"(-10874557.544208786, 3566086.02524934)",0.9927521252209477
1254,20,2.0,0.571428571428571,"(-10874557.544208786, 3566086.02524934)",0.9927521252209477
1254,21,2.0,0.428571428571429,"(-10874557.544208786, 3566086.02524934)",0.9927521252209477
1254,22,2.0,0.428571428571429,"(-10874557.544208786, 3566086.02524934)",0.9927521252209477
1254,23,2.0,0.0,"(-10874557.544208786, 3566086.02524934)",0.9927521252209477
1255,0,2.0,0.571428571428571,"(-10873513.923982598, 3566538.152951642)",0.9927521252209477
1255,1,2.0,0.571428571428571,"(-10873513.923982598, 3566538.152951642)",0.9927521252209477
1255,2,2.0,0.428571428571429,"(-10873513.923982598, 3566538.152951642)",0.9927521252209477
1255,3,2.0,0.428571428571429,"(-10873513.923982598, 3566538.152951642)",0.9927521252209477
1255,4,2.0,0.428571428571429,"(-10873513.923982598, 3566538.152951642)",0.9927521252209477
1255,5,2.0,0.285714285714286,"(-10873513.923982598, 3566538.152951642)",0.9927521252209477
1255,6,2.0,0.285714285714286,"(-10873513.923982598, 3566538.152951642)",0.9927521252209477
1255,7,2.0,0.285714285714286,"(-10873513.923982598, 3566538.152951642)",0.9927521252209477
1255,8,2.0,0.571428571428571,"(-10873513.923982598, 3566538.152951642)",0.9927521252209477
1255,9,2.0,0.428571428571429,"(-10873513.923982598, 3566538.152951642)",0.9927521252209477
1255,10,2.0,0.285714285714286,"(-10873513.923982598, 3566538.152951642)",0.9927521252209477
1255,11,2.0,0.285714285714286,"(-10873513.923982598, 3566538.152951642)",0.9927521252209477
1255,12,2.0,0.285714285714286,"(-10873513.923982598, 3566538.152951642)",0.9927521252209477
1255,13,2.0,0.571428571428571,"(-10873513.923982598, 3566538.152951642)",0.9927521252209477
1255,14,2.0,0.285714285714286,"(-10873513.923982598, 3566538.152951642)",0.9927521252209477
1255,15,2.0,0.0,"(-10873513.923982598, 3566538.152951642)",0.9927521252209477
1255,16,2.0,0.0,"(-10873513.923982598, 3566538.152951642)",0.9927521252209477
1255,17,2.0,0.142857142857143,"(-10873513.923982598, 3566538.152951642)",0.9927521252209477
1255,18,2.0,0.428571428571429,"(-10873513.923982598, 3566538.152951642)",0.9927521252209477
1255,19,2.0,0.285714285714286,"(-10873513.923982598, 3566538.152951642)",0.9927521252209477
1255,20,2.0,0.142857142857143,"(-10873513.923982598, 3566538.152951642)",0.9927521252209477
1255,21,2.0,0.285714285714286,"(-10873513.923982598, 3566538.152951642)",0.9927521252209477
1255,22,2.0,0.428571428571429,"(-10873513.923982598, 3566538.152951642)",0.9927521252209477
1255,23,2.0,0.142857142857143,"(-10873513.923982598, 3566538.152951642)",0.9927521252209477
1256,0,12.0,3.14285714285714,"(-10869186.378778009, 3552223.2801824696)",1.027270681743056
1256,1,12.0,2.71428571428571,"(-10869186.378778009, 3552223.2801824696)",1.027270681743056
1256,2,12.0,2.57142857142857,"(-10869186.378778009, 3552223.2801824696)",1.027270681743056
1256,3,12.0,1.71428571428571,"(-10869186.378778009, 3552223.2801824696)",1.027270681743056
1256,4,12.0,1.42857142857143,"(-10869186.378778009, 3552223.2801824696)",1.027270681743056
1256,5,12.0,1.57142857142857,"(-10869186.378778009, 3552223.2801824696)",1.027270681743056
1256,6,12.0,1.57142857142857,"(-10869186.378778009, 3552223.2801824696)",1.027270681743056
1256,7,12.0,2.85714285714286,"(-10869186.378778009, 3552223.2801824696)",1.027270681743056
1256,8,12.0,2.57142857142857,"(-10869186.378778009, 3552223.2801824696)",1.027270681743056
1256,9,12.0,4.57142857142857,"(-10869186.378778009, 3552223.2801824696)",1.027270681743056
1256,10,12.0,5.57142857142857,"(-10869186.378778009, 3552223.2801824696)",1.027270681743056
1256,11,12.0,6.57142857142857,"(-10869186.378778009, 3552223.2801824696)",1.027270681743056
1256,12,12.0,3.85714285714286,"(-10869186.378778009, 3552223.2801824696)",1.027270681743056
1256,13,12.0,3.71428571428571,"(-10869186.378778009, 3552223.2801824696)",1.027270681743056
1256,14,12.0,4.71428571428571,"(-10869186.378778009, 3552223.2801824696)",1.027270681743056
1256,15,12.0,4.85714285714286,"(-10869186.378778009, 3552223.2801824696)",1.027270681743056
1256,16,12.0,4.85714285714286,"(-10869186.378778009, 3552223.2801824696)",1.027270681743056
1256,17,12.0,2.85714285714286,"(-10869186.378778009, 3552223.2801824696)",1.027270681743056
1256,18,12.0,3.14285714285714,"(-10869186.378778009, 3552223.2801824696)",1.027270681743056
1256,19,12.0,3.57142857142857,"(-10869186.378778009, 3552223.2801824696)",1.027270681743056
1256,20,12.0,4.28571428571429,"(-10869186.378778009, 3552223.2801824696)",1.027270681743056
1256,21,12.0,5.0,"(-10869186.378778009, 3552223.2801824696)",1.027270681743056
1256,22,12.0,5.0,"(-10869186.378778009, 3552223.2801824696)",1.027270681743056
1256,23,12.0,3.71428571428571,"(-10869186.378778009, 3552223.2801824696)",1.027270681743056
1257,0,4.0,1.0,"(-10874140.09611831, 3555304.3645641077)",1.0266991373704648
1257,1,4.0,1.0,"(-10874140.09611831, 3555304.3645641077)",1.0266991373704648
1257,2,4.0,0.571428571428571,"(-10874140.09611831, 3555304.3645641077)",1.0266991373704648
1257,3,4.0,0.285714285714286,"(-10874140.09611831, 3555304.3645641077)",1.0266991373704648
1257,4,4.0,0.714285714285714,"(-10874140.09611831, 3555304.3645641077)",1.0266991373704648
1257,5,4.0,1.0,"(-10874140.09611831, 3555304.3645641077)",1.0266991373704648
1257,6,4.0,1.71428571428571,"(-10874140.09611831, 3555304.3645641077)",1.0266991373704648
1257,7,4.0,1.42857142857143,"(-10874140.09611831, 3555304.3645641077)",1.0266991373704648
1257,8,4.0,0.285714285714286,"(-10874140.09611831, 3555304.3645641077)",1.0266991373704648
1257,9,4.0,0.0,"(-10874140.09611831, 3555304.3645641077)",1.0266991373704648
1257,10,4.0,0.142857142857143,"(-10874140.09611831, 3555304.3645641077)",1.0266991373704648
1257,11,4.0,0.428571428571429,"(-10874140.09611831, 3555304.3645641077)",1.0266991373704648
1257,12,4.0,0.428571428571429,"(-10874140.09611831, 3555304.3645641077)",1.0266991373704648
1257,13,4.0,0.285714285714286,"(-10874140.09611831, 3555304.3645641077)",1.0266991373704648
1257,14,4.0,0.142857142857143,"(-10874140.09611831, 3555304.3645641077)",1.0266991373704648
1257,15,4.0,0.571428571428571,"(-10874140.09611831, 3555304.3645641077)",1.0266991373704648
1257,16,4.0,0.285714285714286,"(-10874140.09611831, 3555304.3645641077)",1.0266991373704648
1257,17,4.0,0.142857142857143,"(-10874140.09611831, 3555304.3645641077)",1.0266991373704648
1257,18,4.0,0.428571428571429,"(-10874140.09611831, 3555304.3645641077)",1.0266991373704648
1257,19,4.0,0.714285714285714,"(-10874140.09611831, 3555304.3645641077)",1.0266991373704648
1257,20,4.0,0.714285714285714,"(-10874140.09611831, 3555304.3645641077)",1.0266991373704648
1257,21,4.0,0.571428571428571,"(-10874140.09611831, 3555304.3645641077)",1.0266991373704648
1257,22,4.0,1.0,"(-10874140.09611831, 3555304.3645641077)",1.0266991373704648
1257,23,4.0,1.42857142857143,"(-10874140.09611831, 3555304.3645641077)",1.0266991373704648
1258,0,1.0,0.142857142857143,"(-10874154.01105466, 3553352.3860085113)",1.0266991373704648
1258,1,1.0,0.142857142857143,"(-10874154.01105466, 3553352.3860085113)",1.0266991373704648
1258,2,1.0,0.0,"(-10874154.01105466, 3553352.3860085113)",1.0266991373704648
1258,3,1.0,0.142857142857143,"(-10874154.01105466, 3553352.3860085113)",1.0266991373704648
1258,4,1.0,0.0,"(-10874154.01105466, 3553352.3860085113)",1.0266991373704648
1258,5,1.0,0.0,"(-10874154.01105466, 3553352.3860085113)",1.0266991373704648
1258,6,1.0,0.0,"(-10874154.01105466, 3553352.3860085113)",1.0266991373704648
1258,7,1.0,0.0,"(-10874154.01105466, 3553352.3860085113)",1.0266991373704648
1258,8,1.0,0.0,"(-10874154.01105466, 3553352.3860085113)",1.0266991373704648
1258,9,1.0,0.0,"(-10874154.01105466, 3553352.3860085113)",1.0266991373704648
1258,10,1.0,0.142857142857143,"(-10874154.01105466, 3553352.3860085113)",1.0266991373704648
1258,11,1.0,0.0,"(-10874154.01105466, 3553352.3860085113)",1.0266991373704648
1258,12,1.0,0.0,"(-10874154.01105466, 3553352.3860085113)",1.0266991373704648
1258,13,1.0,0.0,"(-10874154.01105466, 3553352.3860085113)",1.0266991373704648
1258,14,1.0,0.285714285714286,"(-10874154.01105466, 3553352.3860085113)",1.0266991373704648
1258,15,1.0,0.142857142857143,"(-10874154.01105466, 3553352.3860085113)",1.0266991373704648
1258,16,1.0,0.142857142857143,"(-10874154.01105466, 3553352.3860085113)",1.0266991373704648
1258,17,1.0,0.142857142857143,"(-10874154.01105466, 3553352.3860085113)",1.0266991373704648
1258,18,1.0,0.142857142857143,"(-10874154.01105466, 3553352.3860085113)",1.0266991373704648
1258,19,1.0,0.142857142857143,"(-10874154.01105466, 3553352.3860085113)",1.0266991373704648
1258,20,1.0,0.142857142857143,"(-10874154.01105466, 3553352.3860085113)",1.0266991373704648
1258,21,1.0,0.142857142857143,"(-10874154.01105466, 3553352.3860085113)",1.0266991373704648
1258,22,1.0,0.142857142857143,"(-10874154.01105466, 3553352.3860085113)",1.0266991373704648
1258,23,1.0,0.142857142857143,"(-10874154.01105466, 3553352.3860085113)",1.0266991373704648
1259,0,2.0,0.0,"(-10874209.670800056, 3553384.647660551)",1.0266991373704648
1259,1,2.0,0.0,"(-10874209.670800056, 3553384.647660551)",1.0266991373704648
1259,2,2.0,0.0,"(-10874209.670800056, 3553384.647660551)",1.0266991373704648
1259,3,2.0,0.142857142857143,"(-10874209.670800056, 3553384.647660551)",1.0266991373704648
1259,4,2.0,0.285714285714286,"(-10874209.670800056, 3553384.647660551)",1.0266991373704648
1259,5,2.0,0.285714285714286,"(-10874209.670800056, 3553384.647660551)",1.0266991373704648
1259,6,2.0,0.142857142857143,"(-10874209.670800056, 3553384.647660551)",1.0266991373704648
1259,7,2.0,0.285714285714286,"(-10874209.670800056, 3553384.647660551)",1.0266991373704648
1259,8,2.0,0.571428571428571,"(-10874209.670800056, 3553384.647660551)",1.0266991373704648
1259,9,2.0,0.142857142857143,"(-10874209.670800056, 3553384.647660551)",1.0266991373704648
1259,10,2.0,0.142857142857143,"(-10874209.670800056, 3553384.647660551)",1.0266991373704648
1259,11,2.0,0.0,"(-10874209.670800056, 3553384.647660551)",1.0266991373704648
1259,12,2.0,0.0,"(-10874209.670800056, 3553384.647660551)",1.0266991373704648
1259,13,2.0,0.285714285714286,"(-10874209.670800056, 3553384.647660551)",1.0266991373704648
1259,14,2.0,0.0,"(-10874209.670800056, 3553384.647660551)",1.0266991373704648
1259,15,2.0,0.0,"(-10874209.670800056, 3553384.647660551)",1.0266991373704648
1259,16,2.0,0.142857142857143,"(-10874209.670800056, 3553384.647660551)",1.0266991373704648
1259,17,2.0,0.142857142857143,"(-10874209.670800056, 3553384.647660551)",1.0266991373704648
1259,18,2.0,0.0,"(-10874209.670800056, 3553384.647660551)",1.0266991373704648
1259,19,2.0,0.0,"(-10874209.670800056, 3553384.647660551)",1.0266991373704648
1259,20,2.0,0.142857142857143,"(-10874209.670800056, 3553384.647660551)",1.0266991373704648
1259,21,2.0,0.571428571428571,"(-10874209.670800056, 3553384.647660551)",1.0266991373704648
1259,22,2.0,0.285714285714286,"(-10874209.670800056, 3553384.647660551)",1.0266991373704648
1259,23,2.0,0.285714285714286,"(-10874209.670800056, 3553384.647660551)",1.0266991373704648
1260,0,2.0,0.571428571428571,"(-10878801.599795278, 3554417.064115273)",1.0266991373704648
1260,1,2.0,1.0,"(-10878801.599795278, 3554417.064115273)",1.0266991373704648
1260,2,2.0,0.428571428571429,"(-10878801.599795278, 3554417.064115273)",1.0266991373704648
1260,3,2.0,0.571428571428571,"(-10878801.599795278, 3554417.064115273)",1.0266991373704648
1260,4,2.0,0.428571428571429,"(-10878801.599795278, 3554417.064115273)",1.0266991373704648
1260,5,2.0,0.285714285714286,"(-10878801.599795278, 3554417.064115273)",1.0266991373704648
1260,6,2.0,0.285714285714286,"(-10878801.599795278, 3554417.064115273)",1.0266991373704648
1260,7,2.0,0.142857142857143,"(-10878801.599795278, 3554417.064115273)",1.0266991373704648
1260,8,2.0,0.428571428571429,"(-10878801.599795278, 3554417.064115273)",1.0266991373704648
1260,9,2.0,0.857142857142857,"(-10878801.599795278, 3554417.064115273)",1.0266991373704648
1260,10,2.0,1.0,"(-10878801.599795278, 3554417.064115273)",1.0266991373704648
1260,11,2.0,0.571428571428571,"(-10878801.599795278, 3554417.064115273)",1.0266991373704648
1260,12,2.0,0.428571428571429,"(-10878801.599795278, 3554417.064115273)",1.0266991373704648
1260,13,2.0,0.428571428571429,"(-10878801.599795278, 3554417.064115273)",1.0266991373704648
1260,14,2.0,1.0,"(-10878801.599795278, 3554417.064115273)",1.0266991373704648
1260,15,2.0,0.714285714285714,"(-10878801.599795278, 3554417.064115273)",1.0266991373704648
1260,16,2.0,0.571428571428571,"(-10878801.599795278, 3554417.064115273)",1.0266991373704648
1260,17,2.0,0.714285714285714,"(-10878801.599795278, 3554417.064115273)",1.0266991373704648
1260,18,2.0,0.714285714285714,"(-10878801.599795278, 3554417.064115273)",1.0266991373704648
1260,19,2.0,0.285714285714286,"(-10878801.599795278, 3554417.064115273)",1.0266991373704648
1260,20,2.0,0.142857142857143,"(-10878801.599795278, 3554417.064115273)",1.0266991373704648
1260,21,2.0,0.428571428571429,"(-10878801.599795278, 3554417.064115273)",1.0266991373704648
1260,22,2.0,0.428571428571429,"(-10878801.599795278, 3554417.064115273)",1.0266991373704648
1260,23,2.0,0.428571428571429,"(-10878801.599795278, 3554417.064115273)",1.0266991373704648
1261,0,16.0,2.28571428571429,"(-10878662.450431786, 3555385.0313387047)",1.0266991373704648
1261,1,16.0,3.28571428571429,"(-10878662.450431786, 3555385.0313387047)",1.0266991373704648
1261,2,16.0,3.0,"(-10878662.450431786, 3555385.0313387047)",1.0266991373704648
1261,3,16.0,3.28571428571429,"(-10878662.450431786, 3555385.0313387047)",1.0266991373704648
1261,4,16.0,3.28571428571429,"(-10878662.450431786, 3555385.0313387047)",1.0266991373704648
1261,5,16.0,4.71428571428571,"(-10878662.450431786, 3555385.0313387047)",1.0266991373704648
1261,6,16.0,4.42857142857143,"(-10878662.450431786, 3555385.0313387047)",1.0266991373704648
1261,7,16.0,3.57142857142857,"(-10878662.450431786, 3555385.0313387047)",1.0266991373704648
1261,8,16.0,2.28571428571429,"(-10878662.450431786, 3555385.0313387047)",1.0266991373704648
1261,9,16.0,1.85714285714286,"(-10878662.450431786, 3555385.0313387047)",1.0266991373704648
1261,10,16.0,2.71428571428571,"(-10878662.450431786, 3555385.0313387047)",1.0266991373704648
1261,11,16.0,5.28571428571429,"(-10878662.450431786, 3555385.0313387047)",1.0266991373704648
1261,12,16.0,6.0,"(-10878662.450431786, 3555385.0313387047)",1.0266991373704648
1261,13,16.0,5.57142857142857,"(-10878662.450431786, 3555385.0313387047)",1.0266991373704648
1261,14,16.0,6.71428571428571,"(-10878662.450431786, 3555385.0313387047)",1.0266991373704648
1261,15,16.0,7.28571428571429,"(-10878662.450431786, 3555385.0313387047)",1.0266991373704648
1261,16,16.0,8.14285714285714,"(-10878662.450431786, 3555385.0313387047)",1.0266991373704648
1261,17,16.0,8.57142857142857,"(-10878662.450431786, 3555385.0313387047)",1.0266991373704648
1261,18,16.0,8.57142857142857,"(-10878662.450431786, 3555385.0313387047)",1.0266991373704648
1261,19,16.0,8.85714285714286,"(-10878662.450431786, 3555385.0313387047)",1.0266991373704648
1261,20,16.0,7.57142857142857,"(-10878662.450431786, 3555385.0313387047)",1.0266991373704648
1261,21,16.0,4.71428571428571,"(-10878662.450431786, 3555385.0313387047)",1.0266991373704648
1261,22,16.0,3.28571428571429,"(-10878662.450431786, 3555385.0313387047)",1.0266991373704648
1261,23,16.0,2.0,"(-10878662.450431786, 3555385.0313387047)",1.0266991373704648
1262,0,6.0,0.571428571428571,"(-10878509.386131946, 3555352.7645669114)",1.0266991373704648
1262,1,6.0,0.428571428571429,"(-10878509.386131946, 3555352.7645669114)",1.0266991373704648
1262,2,6.0,0.285714285714286,"(-10878509.386131946, 3555352.7645669114)",1.0266991373704648
1262,3,6.0,0.428571428571429,"(-10878509.386131946, 3555352.7645669114)",1.0266991373704648
1262,4,6.0,0.714285714285714,"(-10878509.386131946, 3555352.7645669114)",1.0266991373704648
1262,5,6.0,0.428571428571429,"(-10878509.386131946, 3555352.7645669114)",1.0266991373704648
1262,6,6.0,0.285714285714286,"(-10878509.386131946, 3555352.7645669114)",1.0266991373704648
1262,7,6.0,0.428571428571429,"(-10878509.386131946, 3555352.7645669114)",1.0266991373704648
1262,8,6.0,0.142857142857143,"(-10878509.386131946, 3555352.7645669114)",1.0266991373704648
1262,9,6.0,0.285714285714286,"(-10878509.386131946, 3555352.7645669114)",1.0266991373704648
1262,10,6.0,0.285714285714286,"(-10878509.386131946, 3555352.7645669114)",1.0266991373704648
1262,11,6.0,0.428571428571429,"(-10878509.386131946, 3555352.7645669114)",1.0266991373704648
1262,12,6.0,0.571428571428571,"(-10878509.386131946, 3555352.7645669114)",1.0266991373704648
1262,13,6.0,0.428571428571429,"(-10878509.386131946, 3555352.7645669114)",1.0266991373704648
1262,14,6.0,0.571428571428571,"(-10878509.386131946, 3555352.7645669114)",1.0266991373704648
1262,15,6.0,1.14285714285714,"(-10878509.386131946, 3555352.7645669114)",1.0266991373704648
1262,16,6.0,1.42857142857143,"(-10878509.386131946, 3555352.7645669114)",1.0266991373704648
1262,17,6.0,1.28571428571429,"(-10878509.386131946, 3555352.7645669114)",1.0266991373704648
1262,18,6.0,0.714285714285714,"(-10878509.386131946, 3555352.7645669114)",1.0266991373704648
1262,19,6.0,0.285714285714286,"(-10878509.386131946, 3555352.7645669114)",1.0266991373704648
1262,20,6.0,0.571428571428571,"(-10878509.386131946, 3555352.7645669114)",1.0266991373704648
1262,21,6.0,0.714285714285714,"(-10878509.386131946, 3555352.7645669114)",1.0266991373704648
1262,22,6.0,1.0,"(-10878509.386131946, 3555352.7645669114)",1.0266991373704648
1262,23,6.0,1.14285714285714,"(-10878509.386131946, 3555352.7645669114)",1.0266991373704648
1263,0,2.0,0.285714285714286,"(-10877201.382115126, 3555739.9712808956)",1.0266991373704648
1263,1,2.0,0.142857142857143,"(-10877201.382115126, 3555739.9712808956)",1.0266991373704648
1263,2,2.0,0.142857142857143,"(-10877201.382115126, 3555739.9712808956)",1.0266991373704648
1263,3,2.0,0.285714285714286,"(-10877201.382115126, 3555739.9712808956)",1.0266991373704648
1263,4,2.0,0.285714285714286,"(-10877201.382115126, 3555739.9712808956)",1.0266991373704648
1263,5,2.0,0.285714285714286,"(-10877201.382115126, 3555739.9712808956)",1.0266991373704648
1263,6,2.0,0.285714285714286,"(-10877201.382115126, 3555739.9712808956)",1.0266991373704648
1263,7,2.0,0.0,"(-10877201.382115126, 3555739.9712808956)",1.0266991373704648
1263,8,2.0,0.285714285714286,"(-10877201.382115126, 3555739.9712808956)",1.0266991373704648
1263,9,2.0,0.285714285714286,"(-10877201.382115126, 3555739.9712808956)",1.0266991373704648
1263,10,2.0,0.428571428571429,"(-10877201.382115126, 3555739.9712808956)",1.0266991373704648
1263,11,2.0,0.428571428571429,"(-10877201.382115126, 3555739.9712808956)",1.0266991373704648
1263,12,2.0,0.428571428571429,"(-10877201.382115126, 3555739.9712808956)",1.0266991373704648
1263,13,2.0,0.142857142857143,"(-10877201.382115126, 3555739.9712808956)",1.0266991373704648
1263,14,2.0,0.285714285714286,"(-10877201.382115126, 3555739.9712808956)",1.0266991373704648
1263,15,2.0,0.428571428571429,"(-10877201.382115126, 3555739.9712808956)",1.0266991373704648
1263,16,2.0,0.571428571428571,"(-10877201.382115126, 3555739.9712808956)",1.0266991373704648
1263,17,2.0,0.571428571428571,"(-10877201.382115126, 3555739.9712808956)",1.0266991373704648
1263,18,2.0,0.571428571428571,"(-10877201.382115126, 3555739.9712808956)",1.0266991373704648
1263,19,2.0,0.285714285714286,"(-10877201.382115126, 3555739.9712808956)",1.0266991373704648
1263,20,2.0,0.142857142857143,"(-10877201.382115126, 3555739.9712808956)",1.0266991373704648
1263,21,2.0,0.285714285714286,"(-10877201.382115126, 3555739.9712808956)",1.0266991373704648
1263,22,2.0,0.571428571428571,"(-10877201.382115126, 3555739.9712808956)",1.0266991373704648
1263,23,2.0,0.571428571428571,"(-10877201.382115126, 3555739.9712808956)",1.0266991373704648
1264,0,2.0,0.142857142857143,"(-10876756.104151951, 3555207.5651160977)",1.0266991373704648
1264,1,2.0,0.0,"(-10876756.104151951, 3555207.5651160977)",1.0266991373704648
1264,2,2.0,0.285714285714286,"(-10876756.104151951, 3555207.5651160977)",1.0266991373704648
1264,3,2.0,0.285714285714286,"(-10876756.104151951, 3555207.5651160977)",1.0266991373704648
1264,4,2.0,0.285714285714286,"(-10876756.104151951, 3555207.5651160977)",1.0266991373704648
1264,5,2.0,0.428571428571429,"(-10876756.104151951, 3555207.5651160977)",1.0266991373704648
1264,6,2.0,0.142857142857143,"(-10876756.104151951, 3555207.5651160977)",1.0266991373704648
1264,7,2.0,0.428571428571429,"(-10876756.104151951, 3555207.5651160977)",1.0266991373704648
1264,8,2.0,0.0,"(-10876756.104151951, 3555207.5651160977)",1.0266991373704648
1264,9,2.0,0.142857142857143,"(-10876756.104151951, 3555207.5651160977)",1.0266991373704648
1264,10,2.0,0.285714285714286,"(-10876756.104151951, 3555207.5651160977)",1.0266991373704648
1264,11,2.0,0.285714285714286,"(-10876756.104151951, 3555207.5651160977)",1.0266991373704648
1264,12,2.0,0.285714285714286,"(-10876756.104151951, 3555207.5651160977)",1.0266991373704648
1264,13,2.0,0.0,"(-10876756.104151951, 3555207.5651160977)",1.0266991373704648
1264,14,2.0,0.0,"(-10876756.104151951, 3555207.5651160977)",1.0266991373704648
1264,15,2.0,0.142857142857143,"(-10876756.104151951, 3555207.5651160977)",1.0266991373704648
1264,16,2.0,0.571428571428571,"(-10876756.104151951, 3555207.5651160977)",1.0266991373704648
1264,17,2.0,0.428571428571429,"(-10876756.104151951, 3555207.5651160977)",1.0266991373704648
1264,18,2.0,0.285714285714286,"(-10876756.104151951, 3555207.5651160977)",1.0266991373704648
1264,19,2.0,0.142857142857143,"(-10876756.104151951, 3555207.5651160977)",1.0266991373704648
1264,20,2.0,0.142857142857143,"(-10876756.104151951, 3555207.5651160977)",1.0266991373704648
1264,21,2.0,0.142857142857143,"(-10876756.104151951, 3555207.5651160977)",1.0266991373704648
1264,22,2.0,0.428571428571429,"(-10876756.104151951, 3555207.5651160977)",1.0266991373704648
1264,23,2.0,0.571428571428571,"(-10876756.104151951, 3555207.5651160977)",1.0266991373704648
1265,0,6.0,0.714285714285714,"(-10878133.68285052, 3555546.3664368414)",1.0266991373704648
1265,1,6.0,0.714285714285714,"(-10878133.68285052, 3555546.3664368414)",1.0266991373704648
1265,2,6.0,1.0,"(-10878133.68285052, 3555546.3664368414)",1.0266991373704648
1265,3,6.0,1.14285714285714,"(-10878133.68285052, 3555546.3664368414)",1.0266991373704648
1265,4,6.0,1.0,"(-10878133.68285052, 3555546.3664368414)",1.0266991373704648
1265,5,6.0,1.28571428571429,"(-10878133.68285052, 3555546.3664368414)",1.0266991373704648
1265,6,6.0,1.14285714285714,"(-10878133.68285052, 3555546.3664368414)",1.0266991373704648
1265,7,6.0,0.857142857142857,"(-10878133.68285052, 3555546.3664368414)",1.0266991373704648
1265,8,6.0,0.571428571428571,"(-10878133.68285052, 3555546.3664368414)",1.0266991373704648
1265,9,6.0,0.0,"(-10878133.68285052, 3555546.3664368414)",1.0266991373704648
1265,10,6.0,0.142857142857143,"(-10878133.68285052, 3555546.3664368414)",1.0266991373704648
1265,11,6.0,0.142857142857143,"(-10878133.68285052, 3555546.3664368414)",1.0266991373704648
1265,12,6.0,0.142857142857143,"(-10878133.68285052, 3555546.3664368414)",1.0266991373704648
1265,13,6.0,0.428571428571429,"(-10878133.68285052, 3555546.3664368414)",1.0266991373704648
1265,14,6.0,0.714285714285714,"(-10878133.68285052, 3555546.3664368414)",1.0266991373704648
1265,15,6.0,1.14285714285714,"(-10878133.68285052, 3555546.3664368414)",1.0266991373704648
1265,16,6.0,0.571428571428571,"(-10878133.68285052, 3555546.3664368414)",1.0266991373704648
1265,17,6.0,0.857142857142857,"(-10878133.68285052, 3555546.3664368414)",1.0266991373704648
1265,18,6.0,0.857142857142857,"(-10878133.68285052, 3555546.3664368414)",1.0266991373704648
1265,19,6.0,1.28571428571429,"(-10878133.68285052, 3555546.3664368414)",1.0266991373704648
1265,20,6.0,0.714285714285714,"(-10878133.68285052, 3555546.3664368414)",1.0266991373704648
1265,21,6.0,0.428571428571429,"(-10878133.68285052, 3555546.3664368414)",1.0266991373704648
1265,22,6.0,0.714285714285714,"(-10878133.68285052, 3555546.3664368414)",1.0266991373704648
1265,23,6.0,0.857142857142857,"(-10878133.68285052, 3555546.3664368414)",1.0266991373704648
1266,0,2.0,0.285714285714286,"(-10877952.78867798, 3553675.0062435595)",1.0266991373704648
1266,1,2.0,0.142857142857143,"(-10877952.78867798, 3553675.0062435595)",1.0266991373704648
1266,2,2.0,0.285714285714286,"(-10877952.78867798, 3553675.0062435595)",1.0266991373704648
1266,3,2.0,0.285714285714286,"(-10877952.78867798, 3553675.0062435595)",1.0266991373704648
1266,4,2.0,0.0,"(-10877952.78867798, 3553675.0062435595)",1.0266991373704648
1266,5,2.0,0.142857142857143,"(-10877952.78867798, 3553675.0062435595)",1.0266991373704648
1266,6,2.0,0.285714285714286,"(-10877952.78867798, 3553675.0062435595)",1.0266991373704648
1266,7,2.0,0.285714285714286,"(-10877952.78867798, 3553675.0062435595)",1.0266991373704648
1266,8,2.0,0.142857142857143,"(-10877952.78867798, 3553675.0062435595)",1.0266991373704648
1266,9,2.0,0.142857142857143,"(-10877952.78867798, 3553675.0062435595)",1.0266991373704648
1266,10,2.0,0.142857142857143,"(-10877952.78867798, 3553675.0062435595)",1.0266991373704648
1266,11,2.0,0.142857142857143,"(-10877952.78867798, 3553675.0062435595)",1.0266991373704648
1266,12,2.0,0.142857142857143,"(-10877952.78867798, 3553675.0062435595)",1.0266991373704648
1266,13,2.0,0.285714285714286,"(-10877952.78867798, 3553675.0062435595)",1.0266991373704648
1266,14,2.0,0.285714285714286,"(-10877952.78867798, 3553675.0062435595)",1.0266991373704648
1266,15,2.0,0.142857142857143,"(-10877952.78867798, 3553675.0062435595)",1.0266991373704648
1266,16,2.0,0.428571428571429,"(-10877952.78867798, 3553675.0062435595)",1.0266991373704648
1266,17,2.0,0.285714285714286,"(-10877952.78867798, 3553675.0062435595)",1.0266991373704648
1266,18,2.0,0.285714285714286,"(-10877952.78867798, 3553675.0062435595)",1.0266991373704648
1266,19,2.0,0.142857142857143,"(-10877952.78867798, 3553675.0062435595)",1.0266991373704648
1266,20,2.0,0.285714285714286,"(-10877952.78867798, 3553675.0062435595)",1.0266991373704648
1266,21,2.0,0.571428571428571,"(-10877952.78867798, 3553675.0062435595)",1.0266991373704648
1266,22,2.0,0.428571428571429,"(-10877952.78867798, 3553675.0062435595)",1.0266991373704648
1266,23,2.0,0.285714285714286,"(-10877952.78867798, 3553675.0062435595)",1.0266991373704648
1267,0,4.0,1.28571428571429,"(-10877744.064632742, 3557934.3674413376)",1.03228315246104
1267,1,4.0,0.714285714285714,"(-10877744.064632742, 3557934.3674413376)",1.03228315246104
1267,2,4.0,0.285714285714286,"(-10877744.064632742, 3557934.3674413376)",1.03228315246104
1267,3,4.0,0.571428571428571,"(-10877744.064632742, 3557934.3674413376)",1.03228315246104
1267,4,4.0,0.857142857142857,"(-10877744.064632742, 3557934.3674413376)",1.03228315246104
1267,5,4.0,1.42857142857143,"(-10877744.064632742, 3557934.3674413376)",1.03228315246104
1267,6,4.0,1.85714285714286,"(-10877744.064632742, 3557934.3674413376)",1.03228315246104
1267,7,4.0,1.57142857142857,"(-10877744.064632742, 3557934.3674413376)",1.03228315246104
1267,8,4.0,1.57142857142857,"(-10877744.064632742, 3557934.3674413376)",1.03228315246104
1267,9,4.0,1.28571428571429,"(-10877744.064632742, 3557934.3674413376)",1.03228315246104
1267,10,4.0,1.14285714285714,"(-10877744.064632742, 3557934.3674413376)",1.03228315246104
1267,11,4.0,0.571428571428571,"(-10877744.064632742, 3557934.3674413376)",1.03228315246104
1267,12,4.0,0.857142857142857,"(-10877744.064632742, 3557934.3674413376)",1.03228315246104
1267,13,4.0,0.857142857142857,"(-10877744.064632742, 3557934.3674413376)",1.03228315246104
1267,14,4.0,1.28571428571429,"(-10877744.064632742, 3557934.3674413376)",1.03228315246104
1267,15,4.0,1.0,"(-10877744.064632742, 3557934.3674413376)",1.03228315246104
1267,16,4.0,0.571428571428571,"(-10877744.064632742, 3557934.3674413376)",1.03228315246104
1267,17,4.0,0.571428571428571,"(-10877744.064632742, 3557934.3674413376)",1.03228315246104
1267,18,4.0,1.14285714285714,"(-10877744.064632742, 3557934.3674413376)",1.03228315246104
1267,19,4.0,0.571428571428571,"(-10877744.064632742, 3557934.3674413376)",1.03228315246104
1267,20,4.0,0.714285714285714,"(-10877744.064632742, 3557934.3674413376)",1.03228315246104
1267,21,4.0,1.0,"(-10877744.064632742, 3557934.3674413376)",1.03228315246104
1267,22,4.0,1.28571428571429,"(-10877744.064632742, 3557934.3674413376)",1.03228315246104
1267,23,4.0,1.57142857142857,"(-10877744.064632742, 3557934.3674413376)",1.03228315246104
1268,0,8.0,0.857142857142857,"(-10876519.550234016, 3555610.9010543893)",1.0266991373704648
1268,1,8.0,1.14285714285714,"(-10876519.550234016, 3555610.9010543893)",1.0266991373704648
1268,2,8.0,1.0,"(-10876519.550234016, 3555610.9010543893)",1.0266991373704648
1268,3,8.0,1.28571428571429,"(-10876519.550234016, 3555610.9010543893)",1.0266991373704648
1268,4,8.0,1.42857142857143,"(-10876519.550234016, 3555610.9010543893)",1.0266991373704648
1268,5,8.0,2.71428571428571,"(-10876519.550234016, 3555610.9010543893)",1.0266991373704648
1268,6,8.0,2.57142857142857,"(-10876519.550234016, 3555610.9010543893)",1.0266991373704648
1268,7,8.0,2.28571428571429,"(-10876519.550234016, 3555610.9010543893)",1.0266991373704648
1268,8,8.0,2.0,"(-10876519.550234016, 3555610.9010543893)",1.0266991373704648
1268,9,8.0,2.14285714285714,"(-10876519.550234016, 3555610.9010543893)",1.0266991373704648
1268,10,8.0,2.28571428571429,"(-10876519.550234016, 3555610.9010543893)",1.0266991373704648
1268,11,8.0,2.0,"(-10876519.550234016, 3555610.9010543893)",1.0266991373704648
1268,12,8.0,2.28571428571429,"(-10876519.550234016, 3555610.9010543893)",1.0266991373704648
1268,13,8.0,2.14285714285714,"(-10876519.550234016, 3555610.9010543893)",1.0266991373704648
1268,14,8.0,2.28571428571429,"(-10876519.550234016, 3555610.9010543893)",1.0266991373704648
1268,15,8.0,2.14285714285714,"(-10876519.550234016, 3555610.9010543893)",1.0266991373704648
1268,16,8.0,2.14285714285714,"(-10876519.550234016, 3555610.9010543893)",1.0266991373704648
1268,17,8.0,2.57142857142857,"(-10876519.550234016, 3555610.9010543893)",1.0266991373704648
1268,18,8.0,2.71428571428571,"(-10876519.550234016, 3555610.9010543893)",1.0266991373704648
1268,19,8.0,2.85714285714286,"(-10876519.550234016, 3555610.9010543893)",1.0266991373704648
1268,20,8.0,2.71428571428571,"(-10876519.550234016, 3555610.9010543893)",1.0266991373704648
1268,21,8.0,3.57142857142857,"(-10876519.550234016, 3555610.9010543893)",1.0266991373704648
1268,22,8.0,2.42857142857143,"(-10876519.550234016, 3555610.9010543893)",1.0266991373704648
1268,23,8.0,1.42857142857143,"(-10876519.550234016, 3555610.9010543893)",1.0266991373704648
1269,0,2.0,0.0,"(-10877799.724378139, 3554288.007434747)",1.0266991373704648
1269,1,2.0,0.142857142857143,"(-10877799.724378139, 3554288.007434747)",1.0266991373704648
1269,2,2.0,0.0,"(-10877799.724378139, 3554288.007434747)",1.0266991373704648
1269,3,2.0,0.0,"(-10877799.724378139, 3554288.007434747)",1.0266991373704648
1269,4,2.0,0.142857142857143,"(-10877799.724378139, 3554288.007434747)",1.0266991373704648
1269,5,2.0,0.285714285714286,"(-10877799.724378139, 3554288.007434747)",1.0266991373704648
1269,6,2.0,0.285714285714286,"(-10877799.724378139, 3554288.007434747)",1.0266991373704648
1269,7,2.0,0.428571428571429,"(-10877799.724378139, 3554288.007434747)",1.0266991373704648
1269,8,2.0,0.571428571428571,"(-10877799.724378139, 3554288.007434747)",1.0266991373704648
1269,9,2.0,0.571428571428571,"(-10877799.724378139, 3554288.007434747)",1.0266991373704648
1269,10,2.0,0.285714285714286,"(-10877799.724378139, 3554288.007434747)",1.0266991373704648
1269,11,2.0,0.571428571428571,"(-10877799.724378139, 3554288.007434747)",1.0266991373704648
1269,12,2.0,0.714285714285714,"(-10877799.724378139, 3554288.007434747)",1.0266991373704648
1269,13,2.0,0.714285714285714,"(-10877799.724378139, 3554288.007434747)",1.0266991373704648
1269,14,2.0,0.285714285714286,"(-10877799.724378139, 3554288.007434747)",1.0266991373704648
1269,15,2.0,0.285714285714286,"(-10877799.724378139, 3554288.007434747)",1.0266991373704648
1269,16,2.0,0.285714285714286,"(-10877799.724378139, 3554288.007434747)",1.0266991373704648
1269,17,2.0,0.142857142857143,"(-10877799.724378139, 3554288.007434747)",1.0266991373704648
1269,18,2.0,0.428571428571429,"(-10877799.724378139, 3554288.007434747)",1.0266991373704648
1269,19,2.0,0.428571428571429,"(-10877799.724378139, 3554288.007434747)",1.0266991373704648
1269,20,2.0,0.285714285714286,"(-10877799.724378139, 3554288.007434747)",1.0266991373704648
1269,21,2.0,0.142857142857143,"(-10877799.724378139, 3554288.007434747)",1.0266991373704648
1269,22,2.0,0.142857142857143,"(-10877799.724378139, 3554288.007434747)",1.0266991373704648
1269,23,2.0,0.0,"(-10877799.724378139, 3554288.007434747)",1.0266991373704648
1270,0,8.0,1.42857142857143,"(-10902707.460443133, 3542936.1857821546)",1.0258981849530833
1270,1,8.0,1.0,"(-10902707.460443133, 3542936.1857821546)",1.0258981849530833
1270,2,8.0,1.42857142857143,"(-10902707.460443133, 3542936.1857821546)",1.0258981849530833
1270,3,8.0,1.42857142857143,"(-10902707.460443133, 3542936.1857821546)",1.0258981849530833
1270,4,8.0,1.57142857142857,"(-10902707.460443133, 3542936.1857821546)",1.0258981849530833
1270,5,8.0,1.71428571428571,"(-10902707.460443133, 3542936.1857821546)",1.0258981849530833
1270,6,8.0,2.0,"(-10902707.460443133, 3542936.1857821546)",1.0258981849530833
1270,7,8.0,2.14285714285714,"(-10902707.460443133, 3542936.1857821546)",1.0258981849530833
1270,8,8.0,2.0,"(-10902707.460443133, 3542936.1857821546)",1.0258981849530833
1270,9,8.0,2.71428571428571,"(-10902707.460443133, 3542936.1857821546)",1.0258981849530833
1270,10,8.0,2.57142857142857,"(-10902707.460443133, 3542936.1857821546)",1.0258981849530833
1270,11,8.0,2.42857142857143,"(-10902707.460443133, 3542936.1857821546)",1.0258981849530833
1270,12,8.0,2.42857142857143,"(-10902707.460443133, 3542936.1857821546)",1.0258981849530833
1270,13,8.0,3.57142857142857,"(-10902707.460443133, 3542936.1857821546)",1.0258981849530833
1270,14,8.0,3.28571428571429,"(-10902707.460443133, 3542936.1857821546)",1.0258981849530833
1270,15,8.0,3.28571428571429,"(-10902707.460443133, 3542936.1857821546)",1.0258981849530833
1270,16,8.0,4.28571428571429,"(-10902707.460443133, 3542936.1857821546)",1.0258981849530833
1270,17,8.0,3.85714285714286,"(-10902707.460443133, 3542936.1857821546)",1.0258981849530833
1270,18,8.0,2.85714285714286,"(-10902707.460443133, 3542936.1857821546)",1.0258981849530833
1270,19,8.0,2.14285714285714,"(-10902707.460443133, 3542936.1857821546)",1.0258981849530833
1270,20,8.0,2.42857142857143,"(-10902707.460443133, 3542936.1857821546)",1.0258981849530833
1270,21,8.0,1.0,"(-10902707.460443133, 3542936.1857821546)",1.0258981849530833
1270,22,8.0,1.42857142857143,"(-10902707.460443133, 3542936.1857821546)",1.0258981849530833
1270,23,8.0,1.14285714285714,"(-10902707.460443133, 3542936.1857821546)",1.0258981849530833
1271,0,4.0,0.571428571428571,"(-10907355.049183754, 3529646.229205474)",1.020745727211931
1271,1,4.0,0.428571428571429,"(-10907355.049183754, 3529646.229205474)",1.020745727211931
1271,2,4.0,0.571428571428571,"(-10907355.049183754, 3529646.229205474)",1.020745727211931
1271,3,4.0,0.428571428571429,"(-10907355.049183754, 3529646.229205474)",1.020745727211931
1271,4,4.0,0.428571428571429,"(-10907355.049183754, 3529646.229205474)",1.020745727211931
1271,5,4.0,0.428571428571429,"(-10907355.049183754, 3529646.229205474)",1.020745727211931
1271,6,4.0,0.571428571428571,"(-10907355.049183754, 3529646.229205474)",1.020745727211931
1271,7,4.0,0.571428571428571,"(-10907355.049183754, 3529646.229205474)",1.020745727211931
1271,8,4.0,0.714285714285714,"(-10907355.049183754, 3529646.229205474)",1.020745727211931
1271,9,4.0,1.0,"(-10907355.049183754, 3529646.229205474)",1.020745727211931
1271,10,4.0,1.14285714285714,"(-10907355.049183754, 3529646.229205474)",1.020745727211931
1271,11,4.0,1.14285714285714,"(-10907355.049183754, 3529646.229205474)",1.020745727211931
1271,12,4.0,1.0,"(-10907355.049183754, 3529646.229205474)",1.020745727211931
1271,13,4.0,0.571428571428571,"(-10907355.049183754, 3529646.229205474)",1.020745727211931
1271,14,4.0,0.571428571428571,"(-10907355.049183754, 3529646.229205474)",1.020745727211931
1271,15,4.0,0.428571428571429,"(-10907355.049183754, 3529646.229205474)",1.020745727211931
1271,16,4.0,0.285714285714286,"(-10907355.049183754, 3529646.229205474)",1.020745727211931
1271,17,4.0,0.0,"(-10907355.049183754, 3529646.229205474)",1.020745727211931
1271,18,4.0,0.142857142857143,"(-10907355.049183754, 3529646.229205474)",1.020745727211931
1271,19,4.0,0.0,"(-10907355.049183754, 3529646.229205474)",1.020745727211931
1271,20,4.0,0.142857142857143,"(-10907355.049183754, 3529646.229205474)",1.020745727211931
1271,21,4.0,0.428571428571429,"(-10907355.049183754, 3529646.229205474)",1.020745727211931
1271,22,4.0,0.571428571428571,"(-10907355.049183754, 3529646.229205474)",1.020745727211931
1271,23,4.0,0.714285714285714,"(-10907355.049183754, 3529646.229205474)",1.020745727211931
1272,0,4.0,0.0,"(-10883463.103472246, 3541953.05642192)",1.0259872715644
1272,1,4.0,0.142857142857143,"(-10883463.103472246, 3541953.05642192)",1.0259872715644
1272,2,4.0,0.285714285714286,"(-10883463.103472246, 3541953.05642192)",1.0259872715644
1272,3,4.0,0.714285714285714,"(-10883463.103472246, 3541953.05642192)",1.0259872715644
1272,4,4.0,1.28571428571429,"(-10883463.103472246, 3541953.05642192)",1.0259872715644
1272,5,4.0,0.857142857142857,"(-10883463.103472246, 3541953.05642192)",1.0259872715644
1272,6,4.0,0.714285714285714,"(-10883463.103472246, 3541953.05642192)",1.0259872715644
1272,7,4.0,0.571428571428571,"(-10883463.103472246, 3541953.05642192)",1.0259872715644
1272,8,4.0,0.285714285714286,"(-10883463.103472246, 3541953.05642192)",1.0259872715644
1272,9,4.0,0.857142857142857,"(-10883463.103472246, 3541953.05642192)",1.0259872715644
1272,10,4.0,0.714285714285714,"(-10883463.103472246, 3541953.05642192)",1.0259872715644
1272,11,4.0,0.714285714285714,"(-10883463.103472246, 3541953.05642192)",1.0259872715644
1272,12,4.0,0.428571428571429,"(-10883463.103472246, 3541953.05642192)",1.0259872715644
1272,13,4.0,0.285714285714286,"(-10883463.103472246, 3541953.05642192)",1.0259872715644
1272,14,4.0,0.0,"(-10883463.103472246, 3541953.05642192)",1.0259872715644
1272,15,4.0,0.285714285714286,"(-10883463.103472246, 3541953.05642192)",1.0259872715644
1272,16,4.0,0.285714285714286,"(-10883463.103472246, 3541953.05642192)",1.0259872715644
1272,17,4.0,0.285714285714286,"(-10883463.103472246, 3541953.05642192)",1.0259872715644
1272,18,4.0,0.285714285714286,"(-10883463.103472246, 3541953.05642192)",1.0259872715644
1272,19,4.0,0.142857142857143,"(-10883463.103472246, 3541953.05642192)",1.0259872715644
1272,20,4.0,0.428571428571429,"(-10883463.103472246, 3541953.05642192)",1.0259872715644
1272,21,4.0,0.714285714285714,"(-10883463.103472246, 3541953.05642192)",1.0259872715644
1272,22,4.0,0.428571428571429,"(-10883463.103472246, 3541953.05642192)",1.0259872715644
1272,23,4.0,0.142857142857143,"(-10883463.103472246, 3541953.05642192)",1.0259872715644
1273,0,12.0,3.85714285714286,"(-10889975.293683654, 3541050.578740198)",1.0171606543598108
1273,1,12.0,3.42857142857143,"(-10889975.293683654, 3541050.578740198)",1.0171606543598108
1273,2,12.0,2.28571428571429,"(-10889975.293683654, 3541050.578740198)",1.0171606543598108
1273,3,12.0,0.857142857142857,"(-10889975.293683654, 3541050.578740198)",1.0171606543598108
1273,4,12.0,0.714285714285714,"(-10889975.293683654, 3541050.578740198)",1.0171606543598108
1273,5,12.0,0.714285714285714,"(-10889975.293683654, 3541050.578740198)",1.0171606543598108
1273,6,12.0,0.571428571428571,"(-10889975.293683654, 3541050.578740198)",1.0171606543598108
1273,7,12.0,1.0,"(-10889975.293683654, 3541050.578740198)",1.0171606543598108
1273,8,12.0,2.14285714285714,"(-10889975.293683654, 3541050.578740198)",1.0171606543598108
1273,9,12.0,2.14285714285714,"(-10889975.293683654, 3541050.578740198)",1.0171606543598108
1273,10,12.0,2.57142857142857,"(-10889975.293683654, 3541050.578740198)",1.0171606543598108
1273,11,12.0,2.57142857142857,"(-10889975.293683654, 3541050.578740198)",1.0171606543598108
1273,12,12.0,3.14285714285714,"(-10889975.293683654, 3541050.578740198)",1.0171606543598108
1273,13,12.0,2.14285714285714,"(-10889975.293683654, 3541050.578740198)",1.0171606543598108
1273,14,12.0,2.0,"(-10889975.293683654, 3541050.578740198)",1.0171606543598108
1273,15,12.0,2.85714285714286,"(-10889975.293683654, 3541050.578740198)",1.0171606543598108
1273,16,12.0,3.42857142857143,"(-10889975.293683654, 3541050.578740198)",1.0171606543598108
1273,17,12.0,3.14285714285714,"(-10889975.293683654, 3541050.578740198)",1.0171606543598108
1273,18,12.0,2.0,"(-10889975.293683654, 3541050.578740198)",1.0171606543598108
1273,19,12.0,1.85714285714286,"(-10889975.293683654, 3541050.578740198)",1.0171606543598108
1273,20,12.0,1.14285714285714,"(-10889975.293683654, 3541050.578740198)",1.0171606543598108
1273,21,12.0,1.0,"(-10889975.293683654, 3541050.578740198)",1.0171606543598108
1273,22,12.0,2.0,"(-10889975.293683654, 3541050.578740198)",1.0171606543598108
1273,23,12.0,3.42857142857143,"(-10889975.293683654, 3541050.578740198)",1.0171606543598108
1274,0,16.0,5.85714285714286,"(-10881932.46047384, 3537892.4138957523)",1.0244001332610029
1274,1,16.0,7.42857142857143,"(-10881932.46047384, 3537892.4138957523)",1.0244001332610029
1274,2,16.0,6.57142857142857,"(-10881932.46047384, 3537892.4138957523)",1.0244001332610029
1274,3,16.0,6.14285714285714,"(-10881932.46047384, 3537892.4138957523)",1.0244001332610029
1274,4,16.0,3.85714285714286,"(-10881932.46047384, 3537892.4138957523)",1.0244001332610029
1274,5,16.0,2.28571428571429,"(-10881932.46047384, 3537892.4138957523)",1.0244001332610029
1274,6,16.0,2.57142857142857,"(-10881932.46047384, 3537892.4138957523)",1.0244001332610029
1274,7,16.0,4.0,"(-10881932.46047384, 3537892.4138957523)",1.0244001332610029
1274,8,16.0,5.14285714285714,"(-10881932.46047384, 3537892.4138957523)",1.0244001332610029
1274,9,16.0,4.71428571428571,"(-10881932.46047384, 3537892.4138957523)",1.0244001332610029
1274,10,16.0,4.0,"(-10881932.46047384, 3537892.4138957523)",1.0244001332610029
1274,11,16.0,3.0,"(-10881932.46047384, 3537892.4138957523)",1.0244001332610029
1274,12,16.0,3.14285714285714,"(-10881932.46047384, 3537892.4138957523)",1.0244001332610029
1274,13,16.0,3.0,"(-10881932.46047384, 3537892.4138957523)",1.0244001332610029
1274,14,16.0,3.57142857142857,"(-10881932.46047384, 3537892.4138957523)",1.0244001332610029
1274,15,16.0,2.85714285714286,"(-10881932.46047384, 3537892.4138957523)",1.0244001332610029
1274,16,16.0,3.57142857142857,"(-10881932.46047384, 3537892.4138957523)",1.0244001332610029
1274,17,16.0,5.0,"(-10881932.46047384, 3537892.4138957523)",1.0244001332610029
1274,18,16.0,4.71428571428571,"(-10881932.46047384, 3537892.4138957523)",1.0244001332610029
1274,19,16.0,4.85714285714286,"(-10881932.46047384, 3537892.4138957523)",1.0244001332610029
1274,20,16.0,3.57142857142857,"(-10881932.46047384, 3537892.4138957523)",1.0244001332610029
1274,21,16.0,4.0,"(-10881932.46047384, 3537892.4138957523)",1.0244001332610029
1274,22,16.0,4.0,"(-10881932.46047384, 3537892.4138957523)",1.0244001332610029
1274,23,16.0,6.57142857142857,"(-10881932.46047384, 3537892.4138957523)",1.0244001332610029
1275,0,12.0,1.42857142857143,"(-10886260.005678426, 3533575.382029491)",1.0233727677681235
1275,1,12.0,2.42857142857143,"(-10886260.005678426, 3533575.382029491)",1.0233727677681235
1275,2,12.0,3.28571428571429,"(-10886260.005678426, 3533575.382029491)",1.0233727677681235
1275,3,12.0,3.42857142857143,"(-10886260.005678426, 3533575.382029491)",1.0233727677681235
1275,4,12.0,3.71428571428571,"(-10886260.005678426, 3533575.382029491)",1.0233727677681235
1275,5,12.0,3.57142857142857,"(-10886260.005678426, 3533575.382029491)",1.0233727677681235
1275,6,12.0,3.14285714285714,"(-10886260.005678426, 3533575.382029491)",1.0233727677681235
1275,7,12.0,3.14285714285714,"(-10886260.005678426, 3533575.382029491)",1.0233727677681235
1275,8,12.0,3.14285714285714,"(-10886260.005678426, 3533575.382029491)",1.0233727677681235
1275,9,12.0,2.14285714285714,"(-10886260.005678426, 3533575.382029491)",1.0233727677681235
1275,10,12.0,1.57142857142857,"(-10886260.005678426, 3533575.382029491)",1.0233727677681235
1275,11,12.0,1.57142857142857,"(-10886260.005678426, 3533575.382029491)",1.0233727677681235
1275,12,12.0,1.71428571428571,"(-10886260.005678426, 3533575.382029491)",1.0233727677681235
1275,13,12.0,3.28571428571429,"(-10886260.005678426, 3533575.382029491)",1.0233727677681235
1275,14,12.0,3.14285714285714,"(-10886260.005678426, 3533575.382029491)",1.0233727677681235
1275,15,12.0,3.28571428571429,"(-10886260.005678426, 3533575.382029491)",1.0233727677681235
1275,16,12.0,3.28571428571429,"(-10886260.005678426, 3533575.382029491)",1.0233727677681235
1275,17,12.0,4.0,"(-10886260.005678426, 3533575.382029491)",1.0233727677681235
1275,18,12.0,4.57142857142857,"(-10886260.005678426, 3533575.382029491)",1.0233727677681235
1275,19,12.0,5.28571428571429,"(-10886260.005678426, 3533575.382029491)",1.0233727677681235
1275,20,12.0,5.71428571428571,"(-10886260.005678426, 3533575.382029491)",1.0233727677681235
1275,21,12.0,4.28571428571429,"(-10886260.005678426, 3533575.382029491)",1.0233727677681235
1275,22,12.0,2.85714285714286,"(-10886260.005678426, 3533575.382029491)",1.0233727677681235
1275,23,12.0,1.28571428571429,"(-10886260.005678426, 3533575.382029491)",1.0233727677681235
1276,0,10.0,1.71428571428571,"(-10879692.155721623, 3537554.085844867)",1.0244001332610029
1276,1,10.0,1.14285714285714,"(-10879692.155721623, 3537554.085844867)",1.0244001332610029
1276,2,10.0,1.14285714285714,"(-10879692.155721623, 3537554.085844867)",1.0244001332610029
1276,3,10.0,0.571428571428571,"(-10879692.155721623, 3537554.085844867)",1.0244001332610029
1276,4,10.0,1.28571428571429,"(-10879692.155721623, 3537554.085844867)",1.0244001332610029
1276,5,10.0,1.42857142857143,"(-10879692.155721623, 3537554.085844867)",1.0244001332610029
1276,6,10.0,1.28571428571429,"(-10879692.155721623, 3537554.085844867)",1.0244001332610029
1276,7,10.0,1.14285714285714,"(-10879692.155721623, 3537554.085844867)",1.0244001332610029
1276,8,10.0,0.571428571428571,"(-10879692.155721623, 3537554.085844867)",1.0244001332610029
1276,9,10.0,0.571428571428571,"(-10879692.155721623, 3537554.085844867)",1.0244001332610029
1276,10,10.0,1.42857142857143,"(-10879692.155721623, 3537554.085844867)",1.0244001332610029
1276,11,10.0,2.57142857142857,"(-10879692.155721623, 3537554.085844867)",1.0244001332610029
1276,12,10.0,4.42857142857143,"(-10879692.155721623, 3537554.085844867)",1.0244001332610029
1276,13,10.0,4.42857142857143,"(-10879692.155721623, 3537554.085844867)",1.0244001332610029
1276,14,10.0,4.14285714285714,"(-10879692.155721623, 3537554.085844867)",1.0244001332610029
1276,15,10.0,2.85714285714286,"(-10879692.155721623, 3537554.085844867)",1.0244001332610029
1276,16,10.0,2.85714285714286,"(-10879692.155721623, 3537554.085844867)",1.0244001332610029
1276,17,10.0,2.28571428571429,"(-10879692.155721623, 3537554.085844867)",1.0244001332610029
1276,18,10.0,1.14285714285714,"(-10879692.155721623, 3537554.085844867)",1.0244001332610029
1276,19,10.0,0.857142857142857,"(-10879692.155721623, 3537554.085844867)",1.0244001332610029
1276,20,10.0,1.57142857142857,"(-10879692.155721623, 3537554.085844867)",1.0244001332610029
1276,21,10.0,2.0,"(-10879692.155721623, 3537554.085844867)",1.0244001332610029
1276,22,10.0,2.85714285714286,"(-10879692.155721623, 3537554.085844867)",1.0244001332610029
1276,23,10.0,3.0,"(-10879692.155721623, 3537554.085844867)",1.0244001332610029
1277,0,3.0,0.714285714285714,"(-10880958.414929397, 3538456.314082973)",1.0259872715644
1277,1,3.0,0.714285714285714,"(-10880958.414929397, 3538456.314082973)",1.0259872715644
1277,2,3.0,0.285714285714286,"(-10880958.414929397, 3538456.314082973)",1.0259872715644
1277,3,3.0,0.857142857142857,"(-10880958.414929397, 3538456.314082973)",1.0259872715644
1277,4,3.0,0.428571428571429,"(-10880958.414929397, 3538456.314082973)",1.0259872715644
1277,5,3.0,0.428571428571429,"(-10880958.414929397, 3538456.314082973)",1.0259872715644
1277,6,3.0,0.571428571428571,"(-10880958.414929397, 3538456.314082973)",1.0259872715644
1277,7,3.0,0.428571428571429,"(-10880958.414929397, 3538456.314082973)",1.0259872715644
1277,8,3.0,0.285714285714286,"(-10880958.414929397, 3538456.314082973)",1.0259872715644
1277,9,3.0,0.571428571428571,"(-10880958.414929397, 3538456.314082973)",1.0259872715644
1277,10,3.0,0.571428571428571,"(-10880958.414929397, 3538456.314082973)",1.0259872715644
1277,11,3.0,0.571428571428571,"(-10880958.414929397, 3538456.314082973)",1.0259872715644
1277,12,3.0,0.428571428571429,"(-10880958.414929397, 3538456.314082973)",1.0259872715644
1277,13,3.0,0.142857142857143,"(-10880958.414929397, 3538456.314082973)",1.0259872715644
1277,14,3.0,0.428571428571429,"(-10880958.414929397, 3538456.314082973)",1.0259872715644
1277,15,3.0,1.14285714285714,"(-10880958.414929397, 3538456.314082973)",1.0259872715644
1277,16,3.0,1.14285714285714,"(-10880958.414929397, 3538456.314082973)",1.0259872715644
1277,17,3.0,0.857142857142857,"(-10880958.414929397, 3538456.314082973)",1.0259872715644
1277,18,3.0,0.285714285714286,"(-10880958.414929397, 3538456.314082973)",1.0259872715644
1277,19,3.0,0.428571428571429,"(-10880958.414929397, 3538456.314082973)",1.0259872715644
1277,20,3.0,0.714285714285714,"(-10880958.414929397, 3538456.314082973)",1.0259872715644
1277,21,3.0,0.714285714285714,"(-10880958.414929397, 3538456.314082973)",1.0259872715644
1277,22,3.0,0.714285714285714,"(-10880958.414929397, 3538456.314082973)",1.0259872715644
1277,23,3.0,0.571428571428571,"(-10880958.414929397, 3538456.314082973)",1.0259872715644
1278,0,2.0,0.428571428571429,"(-10880457.47722083, 3543258.5399233666)",1.0259872715644
1278,1,2.0,0.714285714285714,"(-10880457.47722083, 3543258.5399233666)",1.0259872715644
1278,2,2.0,0.571428571428571,"(-10880457.47722083, 3543258.5399233666)",1.0259872715644
1278,3,2.0,0.428571428571429,"(-10880457.47722083, 3543258.5399233666)",1.0259872715644
1278,4,2.0,0.142857142857143,"(-10880457.47722083, 3543258.5399233666)",1.0259872715644
1278,5,2.0,0.285714285714286,"(-10880457.47722083, 3543258.5399233666)",1.0259872715644
1278,6,2.0,0.428571428571429,"(-10880457.47722083, 3543258.5399233666)",1.0259872715644
1278,7,2.0,1.0,"(-10880457.47722083, 3543258.5399233666)",1.0259872715644
1278,8,2.0,0.571428571428571,"(-10880457.47722083, 3543258.5399233666)",1.0259872715644
1278,9,2.0,0.714285714285714,"(-10880457.47722083, 3543258.5399233666)",1.0259872715644
1278,10,2.0,0.285714285714286,"(-10880457.47722083, 3543258.5399233666)",1.0259872715644
1278,11,2.0,0.428571428571429,"(-10880457.47722083, 3543258.5399233666)",1.0259872715644
1278,12,2.0,0.285714285714286,"(-10880457.47722083, 3543258.5399233666)",1.0259872715644
1278,13,2.0,0.428571428571429,"(-10880457.47722083, 3543258.5399233666)",1.0259872715644
1278,14,2.0,0.142857142857143,"(-10880457.47722083, 3543258.5399233666)",1.0259872715644
1278,15,2.0,0.428571428571429,"(-10880457.47722083, 3543258.5399233666)",1.0259872715644
1278,16,2.0,0.285714285714286,"(-10880457.47722083, 3543258.5399233666)",1.0259872715644
1278,17,2.0,0.428571428571429,"(-10880457.47722083, 3543258.5399233666)",1.0259872715644
1278,18,2.0,0.714285714285714,"(-10880457.47722083, 3543258.5399233666)",1.0259872715644
1278,19,2.0,0.428571428571429,"(-10880457.47722083, 3543258.5399233666)",1.0259872715644
1278,20,2.0,0.428571428571429,"(-10880457.47722083, 3543258.5399233666)",1.0259872715644
1278,21,2.0,0.285714285714286,"(-10880457.47722083, 3543258.5399233666)",1.0259872715644
1278,22,2.0,0.0,"(-10880457.47722083, 3543258.5399233666)",1.0259872715644
1278,23,2.0,0.142857142857143,"(-10880457.47722083, 3543258.5399233666)",1.0259872715644
1279,0,4.0,0.857142857142857,"(-10881055.819483843, 3538069.636961026)",1.0244001332610029
1279,1,4.0,0.571428571428571,"(-10881055.819483843, 3538069.636961026)",1.0244001332610029
1279,2,4.0,0.285714285714286,"(-10881055.819483843, 3538069.636961026)",1.0244001332610029
1279,3,4.0,0.142857142857143,"(-10881055.819483843, 3538069.636961026)",1.0244001332610029
1279,4,4.0,0.285714285714286,"(-10881055.819483843, 3538069.636961026)",1.0244001332610029
1279,5,4.0,0.142857142857143,"(-10881055.819483843, 3538069.636961026)",1.0244001332610029
1279,6,4.0,0.285714285714286,"(-10881055.819483843, 3538069.636961026)",1.0244001332610029
1279,7,4.0,0.714285714285714,"(-10881055.819483843, 3538069.636961026)",1.0244001332610029
1279,8,4.0,1.0,"(-10881055.819483843, 3538069.636961026)",1.0244001332610029
1279,9,4.0,1.0,"(-10881055.819483843, 3538069.636961026)",1.0244001332610029
1279,10,4.0,0.857142857142857,"(-10881055.819483843, 3538069.636961026)",1.0244001332610029
1279,11,4.0,0.571428571428571,"(-10881055.819483843, 3538069.636961026)",1.0244001332610029
1279,12,4.0,0.285714285714286,"(-10881055.819483843, 3538069.636961026)",1.0244001332610029
1279,13,4.0,0.285714285714286,"(-10881055.819483843, 3538069.636961026)",1.0244001332610029
1279,14,4.0,0.285714285714286,"(-10881055.819483843, 3538069.636961026)",1.0244001332610029
1279,15,4.0,0.571428571428571,"(-10881055.819483843, 3538069.636961026)",1.0244001332610029
1279,16,4.0,0.142857142857143,"(-10881055.819483843, 3538069.636961026)",1.0244001332610029
1279,17,4.0,0.428571428571429,"(-10881055.819483843, 3538069.636961026)",1.0244001332610029
1279,18,4.0,1.0,"(-10881055.819483843, 3538069.636961026)",1.0244001332610029
1279,19,4.0,1.0,"(-10881055.819483843, 3538069.636961026)",1.0244001332610029
1279,20,4.0,1.14285714285714,"(-10881055.819483843, 3538069.636961026)",1.0244001332610029
1279,21,4.0,1.0,"(-10881055.819483843, 3538069.636961026)",1.0244001332610029
1279,22,4.0,1.0,"(-10881055.819483843, 3538069.636961026)",1.0244001332610029
1279,23,4.0,1.0,"(-10881055.819483843, 3538069.636961026)",1.0244001332610029
1280,0,4.0,0.285714285714286,"(-10881487.182510667, 3537892.4138957523)",1.0244001332610029
1280,1,4.0,0.142857142857143,"(-10881487.182510667, 3537892.4138957523)",1.0244001332610029
1280,2,4.0,0.142857142857143,"(-10881487.182510667, 3537892.4138957523)",1.0244001332610029
1280,3,4.0,0.142857142857143,"(-10881487.182510667, 3537892.4138957523)",1.0244001332610029
1280,4,4.0,0.142857142857143,"(-10881487.182510667, 3537892.4138957523)",1.0244001332610029
1280,5,4.0,0.0,"(-10881487.182510667, 3537892.4138957523)",1.0244001332610029
1280,6,4.0,0.285714285714286,"(-10881487.182510667, 3537892.4138957523)",1.0244001332610029
1280,7,4.0,0.428571428571429,"(-10881487.182510667, 3537892.4138957523)",1.0244001332610029
1280,8,4.0,0.571428571428571,"(-10881487.182510667, 3537892.4138957523)",1.0244001332610029
1280,9,4.0,0.714285714285714,"(-10881487.182510667, 3537892.4138957523)",1.0244001332610029
1280,10,4.0,1.0,"(-10881487.182510667, 3537892.4138957523)",1.0244001332610029
1280,11,4.0,0.428571428571429,"(-10881487.182510667, 3537892.4138957523)",1.0244001332610029
1280,12,4.0,0.428571428571429,"(-10881487.182510667, 3537892.4138957523)",1.0244001332610029
1280,13,4.0,0.428571428571429,"(-10881487.182510667, 3537892.4138957523)",1.0244001332610029
1280,14,4.0,0.142857142857143,"(-10881487.182510667, 3537892.4138957523)",1.0244001332610029
1280,15,4.0,0.0,"(-10881487.182510667, 3537892.4138957523)",1.0244001332610029
1280,16,4.0,0.285714285714286,"(-10881487.182510667, 3537892.4138957523)",1.0244001332610029
1280,17,4.0,0.428571428571429,"(-10881487.182510667, 3537892.4138957523)",1.0244001332610029
1280,18,4.0,0.571428571428571,"(-10881487.182510667, 3537892.4138957523)",1.0244001332610029
1280,19,4.0,0.714285714285714,"(-10881487.182510667, 3537892.4138957523)",1.0244001332610029
1280,20,4.0,0.571428571428571,"(-10881487.182510667, 3537892.4138957523)",1.0244001332610029
1280,21,4.0,0.285714285714286,"(-10881487.182510667, 3537892.4138957523)",1.0244001332610029
1280,22,4.0,0.285714285714286,"(-10881487.182510667, 3537892.4138957523)",1.0244001332610029
1280,23,4.0,0.428571428571429,"(-10881487.182510667, 3537892.4138957523)",1.0244001332610029
1281,0,6.0,1.28571428571429,"(-10880624.456457017, 3537473.53288019)",1.0244001332610029
1281,1,6.0,1.0,"(-10880624.456457017, 3537473.53288019)",1.0244001332610029
1281,2,6.0,0.714285714285714,"(-10880624.456457017, 3537473.53288019)",1.0244001332610029
1281,3,6.0,0.857142857142857,"(-10880624.456457017, 3537473.53288019)",1.0244001332610029
1281,4,6.0,0.571428571428571,"(-10880624.456457017, 3537473.53288019)",1.0244001332610029
1281,5,6.0,0.571428571428571,"(-10880624.456457017, 3537473.53288019)",1.0244001332610029
1281,6,6.0,0.428571428571429,"(-10880624.456457017, 3537473.53288019)",1.0244001332610029
1281,7,6.0,0.0,"(-10880624.456457017, 3537473.53288019)",1.0244001332610029
1281,8,6.0,0.714285714285714,"(-10880624.456457017, 3537473.53288019)",1.0244001332610029
1281,9,6.0,0.571428571428571,"(-10880624.456457017, 3537473.53288019)",1.0244001332610029
1281,10,6.0,1.14285714285714,"(-10880624.456457017, 3537473.53288019)",1.0244001332610029
1281,11,6.0,1.0,"(-10880624.456457017, 3537473.53288019)",1.0244001332610029
1281,12,6.0,1.28571428571429,"(-10880624.456457017, 3537473.53288019)",1.0244001332610029
1281,13,6.0,1.57142857142857,"(-10880624.456457017, 3537473.53288019)",1.0244001332610029
1281,14,6.0,1.57142857142857,"(-10880624.456457017, 3537473.53288019)",1.0244001332610029
1281,15,6.0,1.57142857142857,"(-10880624.456457017, 3537473.53288019)",1.0244001332610029
1281,16,6.0,1.14285714285714,"(-10880624.456457017, 3537473.53288019)",1.0244001332610029
1281,17,6.0,1.42857142857143,"(-10880624.456457017, 3537473.53288019)",1.0244001332610029
1281,18,6.0,1.28571428571429,"(-10880624.456457017, 3537473.53288019)",1.0244001332610029
1281,19,6.0,1.28571428571429,"(-10880624.456457017, 3537473.53288019)",1.0244001332610029
1281,20,6.0,1.57142857142857,"(-10880624.456457017, 3537473.53288019)",1.0244001332610029
1281,21,6.0,2.0,"(-10880624.456457017, 3537473.53288019)",1.0244001332610029
1281,22,6.0,2.28571428571429,"(-10880624.456457017, 3537473.53288019)",1.0244001332610029
1281,23,6.0,1.85714285714286,"(-10880624.456457017, 3537473.53288019)",1.0244001332610029
1282,0,4.0,0.428571428571429,"(-10881139.309101937, 3537650.750079289)",1.0244001332610029
1282,1,4.0,0.428571428571429,"(-10881139.309101937, 3537650.750079289)",1.0244001332610029
1282,2,4.0,0.857142857142857,"(-10881139.309101937, 3537650.750079289)",1.0244001332610029
1282,3,4.0,0.428571428571429,"(-10881139.309101937, 3537650.750079289)",1.0244001332610029
1282,4,4.0,0.428571428571429,"(-10881139.309101937, 3537650.750079289)",1.0244001332610029
1282,5,4.0,0.428571428571429,"(-10881139.309101937, 3537650.750079289)",1.0244001332610029
1282,6,4.0,0.285714285714286,"(-10881139.309101937, 3537650.750079289)",1.0244001332610029
1282,7,4.0,0.571428571428571,"(-10881139.309101937, 3537650.750079289)",1.0244001332610029
1282,8,4.0,0.714285714285714,"(-10881139.309101937, 3537650.750079289)",1.0244001332610029
1282,9,4.0,0.571428571428571,"(-10881139.309101937, 3537650.750079289)",1.0244001332610029
1282,10,4.0,0.857142857142857,"(-10881139.309101937, 3537650.750079289)",1.0244001332610029
1282,11,4.0,0.857142857142857,"(-10881139.309101937, 3537650.750079289)",1.0244001332610029
1282,12,4.0,0.857142857142857,"(-10881139.309101937, 3537650.750079289)",1.0244001332610029
1282,13,4.0,0.571428571428571,"(-10881139.309101937, 3537650.750079289)",1.0244001332610029
1282,14,4.0,0.428571428571429,"(-10881139.309101937, 3537650.750079289)",1.0244001332610029
1282,15,4.0,0.142857142857143,"(-10881139.309101937, 3537650.750079289)",1.0244001332610029
1282,16,4.0,0.428571428571429,"(-10881139.309101937, 3537650.750079289)",1.0244001332610029
1282,17,4.0,1.0,"(-10881139.309101937, 3537650.750079289)",1.0244001332610029
1282,18,4.0,1.14285714285714,"(-10881139.309101937, 3537650.750079289)",1.0244001332610029
1282,19,4.0,1.42857142857143,"(-10881139.309101937, 3537650.750079289)",1.0244001332610029
1282,20,4.0,1.0,"(-10881139.309101937, 3537650.750079289)",1.0244001332610029
1282,21,4.0,0.714285714285714,"(-10881139.309101937, 3537650.750079289)",1.0244001332610029
1282,22,4.0,0.571428571428571,"(-10881139.309101937, 3537650.750079289)",1.0244001332610029
1282,23,4.0,0.142857142857143,"(-10881139.309101937, 3537650.750079289)",1.0244001332610029
1283,0,16.0,6.0,"(-10874557.544208786, 3569235.1095790397)",0.9927521252209477
1283,1,16.0,4.57142857142857,"(-10874557.544208786, 3569235.1095790397)",0.9927521252209477
1283,2,16.0,2.85714285714286,"(-10874557.544208786, 3569235.1095790397)",0.9927521252209477
1283,3,16.0,2.42857142857143,"(-10874557.544208786, 3569235.1095790397)",0.9927521252209477
1283,4,16.0,3.0,"(-10874557.544208786, 3569235.1095790397)",0.9927521252209477
1283,5,16.0,2.42857142857143,"(-10874557.544208786, 3569235.1095790397)",0.9927521252209477
1283,6,16.0,2.0,"(-10874557.544208786, 3569235.1095790397)",0.9927521252209477
1283,7,16.0,1.57142857142857,"(-10874557.544208786, 3569235.1095790397)",0.9927521252209477
1283,8,16.0,1.28571428571429,"(-10874557.544208786, 3569235.1095790397)",0.9927521252209477
1283,9,16.0,1.71428571428571,"(-10874557.544208786, 3569235.1095790397)",0.9927521252209477
1283,10,16.0,2.71428571428571,"(-10874557.544208786, 3569235.1095790397)",0.9927521252209477
1283,11,16.0,4.28571428571429,"(-10874557.544208786, 3569235.1095790397)",0.9927521252209477
1283,12,16.0,6.57142857142857,"(-10874557.544208786, 3569235.1095790397)",0.9927521252209477
1283,13,16.0,7.42857142857143,"(-10874557.544208786, 3569235.1095790397)",0.9927521252209477
1283,14,16.0,8.28571428571429,"(-10874557.544208786, 3569235.1095790397)",0.9927521252209477
1283,15,16.0,8.85714285714286,"(-10874557.544208786, 3569235.1095790397)",0.9927521252209477
1283,16,16.0,7.71428571428571,"(-10874557.544208786, 3569235.1095790397)",0.9927521252209477
1283,17,16.0,8.57142857142857,"(-10874557.544208786, 3569235.1095790397)",0.9927521252209477
1283,18,16.0,8.0,"(-10874557.544208786, 3569235.1095790397)",0.9927521252209477
1283,19,16.0,8.85714285714286,"(-10874557.544208786, 3569235.1095790397)",0.9927521252209477
1283,20,16.0,8.85714285714286,"(-10874557.544208786, 3569235.1095790397)",0.9927521252209477
1283,21,16.0,9.57142857142857,"(-10874557.544208786, 3569235.1095790397)",0.9927521252209477
1283,22,16.0,9.57142857142857,"(-10874557.544208786, 3569235.1095790397)",0.9927521252209477
1283,23,16.0,8.71428571428571,"(-10874557.544208786, 3569235.1095790397)",0.9927521252209477
1284,0,6.0,2.85714285714286,"(-10884506.723698433, 3528776.8271721415)",1.0235417465384211
1284,1,6.0,2.0,"(-10884506.723698433, 3528776.8271721415)",1.0235417465384211
1284,2,6.0,1.42857142857143,"(-10884506.723698433, 3528776.8271721415)",1.0235417465384211
1284,3,6.0,0.714285714285714,"(-10884506.723698433, 3528776.8271721415)",1.0235417465384211
1284,4,6.0,1.0,"(-10884506.723698433, 3528776.8271721415)",1.0235417465384211
1284,5,6.0,1.14285714285714,"(-10884506.723698433, 3528776.8271721415)",1.0235417465384211
1284,6,6.0,1.0,"(-10884506.723698433, 3528776.8271721415)",1.0235417465384211
1284,7,6.0,1.28571428571429,"(-10884506.723698433, 3528776.8271721415)",1.0235417465384211
1284,8,6.0,0.857142857142857,"(-10884506.723698433, 3528776.8271721415)",1.0235417465384211
1284,9,6.0,1.0,"(-10884506.723698433, 3528776.8271721415)",1.0235417465384211
1284,10,6.0,0.571428571428571,"(-10884506.723698433, 3528776.8271721415)",1.0235417465384211
1284,11,6.0,1.0,"(-10884506.723698433, 3528776.8271721415)",1.0235417465384211
1284,12,6.0,1.0,"(-10884506.723698433, 3528776.8271721415)",1.0235417465384211
1284,13,6.0,1.14285714285714,"(-10884506.723698433, 3528776.8271721415)",1.0235417465384211
1284,14,6.0,1.42857142857143,"(-10884506.723698433, 3528776.8271721415)",1.0235417465384211
1284,15,6.0,1.57142857142857,"(-10884506.723698433, 3528776.8271721415)",1.0235417465384211
1284,16,6.0,2.28571428571429,"(-10884506.723698433, 3528776.8271721415)",1.0235417465384211
1284,17,6.0,2.28571428571429,"(-10884506.723698433, 3528776.8271721415)",1.0235417465384211
1284,18,6.0,2.28571428571429,"(-10884506.723698433, 3528776.8271721415)",1.0235417465384211
1284,19,6.0,2.85714285714286,"(-10884506.723698433, 3528776.8271721415)",1.0235417465384211
1284,20,6.0,2.85714285714286,"(-10884506.723698433, 3528776.8271721415)",1.0235417465384211
1284,21,6.0,2.71428571428571,"(-10884506.723698433, 3528776.8271721415)",1.0235417465384211
1284,22,6.0,2.57142857142857,"(-10884506.723698433, 3528776.8271721415)",1.0235417465384211
1284,23,6.0,3.42857142857143,"(-10884506.723698433, 3528776.8271721415)",1.0235417465384211
1285,0,4.0,0.285714285714286,"(-10884256.254844148, 3537860.19178691)",1.0244001332610029
1285,1,4.0,0.428571428571429,"(-10884256.254844148, 3537860.19178691)",1.0244001332610029
1285,2,4.0,0.571428571428571,"(-10884256.254844148, 3537860.19178691)",1.0244001332610029
1285,3,4.0,0.285714285714286,"(-10884256.254844148, 3537860.19178691)",1.0244001332610029
1285,4,4.0,1.28571428571429,"(-10884256.254844148, 3537860.19178691)",1.0244001332610029
1285,5,4.0,0.857142857142857,"(-10884256.254844148, 3537860.19178691)",1.0244001332610029
1285,6,4.0,0.714285714285714,"(-10884256.254844148, 3537860.19178691)",1.0244001332610029
1285,7,4.0,0.285714285714286,"(-10884256.254844148, 3537860.19178691)",1.0244001332610029
1285,8,4.0,0.428571428571429,"(-10884256.254844148, 3537860.19178691)",1.0244001332610029
1285,9,4.0,0.714285714285714,"(-10884256.254844148, 3537860.19178691)",1.0244001332610029
1285,10,4.0,1.14285714285714,"(-10884256.254844148, 3537860.19178691)",1.0244001332610029
1285,11,4.0,1.57142857142857,"(-10884256.254844148, 3537860.19178691)",1.0244001332610029
1285,12,4.0,1.14285714285714,"(-10884256.254844148, 3537860.19178691)",1.0244001332610029
1285,13,4.0,0.571428571428571,"(-10884256.254844148, 3537860.19178691)",1.0244001332610029
1285,14,4.0,0.285714285714286,"(-10884256.254844148, 3537860.19178691)",1.0244001332610029
1285,15,4.0,0.857142857142857,"(-10884256.254844148, 3537860.19178691)",1.0244001332610029
1285,16,4.0,1.57142857142857,"(-10884256.254844148, 3537860.19178691)",1.0244001332610029
1285,17,4.0,1.28571428571429,"(-10884256.254844148, 3537860.19178691)",1.0244001332610029
1285,18,4.0,0.857142857142857,"(-10884256.254844148, 3537860.19178691)",1.0244001332610029
1285,19,4.0,0.714285714285714,"(-10884256.254844148, 3537860.19178691)",1.0244001332610029
1285,20,4.0,1.28571428571429,"(-10884256.254844148, 3537860.19178691)",1.0244001332610029
1285,21,4.0,1.0,"(-10884256.254844148, 3537860.19178691)",1.0244001332610029
1285,22,4.0,0.571428571428571,"(-10884256.254844148, 3537860.19178691)",1.0244001332610029
1285,23,4.0,0.142857142857143,"(-10884256.254844148, 3537860.19178691)",1.0244001332610029
1286,0,6.0,0.857142857142857,"(-10880986.244802097, 3554223.4795899335)",1.0245154757722024
1286,1,6.0,0.714285714285714,"(-10880986.244802097, 3554223.4795899335)",1.0245154757722024
1286,2,6.0,0.714285714285714,"(-10880986.244802097, 3554223.4795899335)",1.0245154757722024
1286,3,6.0,1.28571428571429,"(-10880986.244802097, 3554223.4795899335)",1.0245154757722024
1286,4,6.0,1.28571428571429,"(-10880986.244802097, 3554223.4795899335)",1.0245154757722024
1286,5,6.0,1.57142857142857,"(-10880986.244802097, 3554223.4795899335)",1.0245154757722024
1286,6,6.0,1.0,"(-10880986.244802097, 3554223.4795899335)",1.0245154757722024
1286,7,6.0,1.28571428571429,"(-10880986.244802097, 3554223.4795899335)",1.0245154757722024
1286,8,6.0,1.57142857142857,"(-10880986.244802097, 3554223.4795899335)",1.0245154757722024
1286,9,6.0,1.14285714285714,"(-10880986.244802097, 3554223.4795899335)",1.0245154757722024
1286,10,6.0,1.0,"(-10880986.244802097, 3554223.4795899335)",1.0245154757722024
1286,11,6.0,0.428571428571429,"(-10880986.244802097, 3554223.4795899335)",1.0245154757722024
1286,12,6.0,0.857142857142857,"(-10880986.244802097, 3554223.4795899335)",1.0245154757722024
1286,13,6.0,0.571428571428571,"(-10880986.244802097, 3554223.4795899335)",1.0245154757722024
1286,14,6.0,1.0,"(-10880986.244802097, 3554223.4795899335)",1.0245154757722024
1286,15,6.0,1.28571428571429,"(-10880986.244802097, 3554223.4795899335)",1.0245154757722024
1286,16,6.0,1.42857142857143,"(-10880986.244802097, 3554223.4795899335)",1.0245154757722024
1286,17,6.0,1.14285714285714,"(-10880986.244802097, 3554223.4795899335)",1.0245154757722024
1286,18,6.0,1.0,"(-10880986.244802097, 3554223.4795899335)",1.0245154757722024
1286,19,6.0,0.857142857142857,"(-10880986.244802097, 3554223.4795899335)",1.0245154757722024
1286,20,6.0,2.14285714285714,"(-10880986.244802097, 3554223.4795899335)",1.0245154757722024
1286,21,6.0,1.71428571428571,"(-10880986.244802097, 3554223.4795899335)",1.0245154757722024
1286,22,6.0,1.57142857142857,"(-10880986.244802097, 3554223.4795899335)",1.0245154757722024
1286,23,6.0,1.57142857142857,"(-10880986.244802097, 3554223.4795899335)",1.0245154757722024
1287,0,8.0,1.42857142857143,"(-10902707.460443133, 3542936.1857821546)",1.0258981849530833
1287,1,8.0,1.14285714285714,"(-10902707.460443133, 3542936.1857821546)",1.0258981849530833
1287,2,8.0,1.28571428571429,"(-10902707.460443133, 3542936.1857821546)",1.0258981849530833
1287,3,8.0,1.42857142857143,"(-10902707.460443133, 3542936.1857821546)",1.0258981849530833
1287,4,8.0,1.57142857142857,"(-10902707.460443133, 3542936.1857821546)",1.0258981849530833
1287,5,8.0,1.71428571428571,"(-10902707.460443133, 3542936.1857821546)",1.0258981849530833
1287,6,8.0,2.0,"(-10902707.460443133, 3542936.1857821546)",1.0258981849530833
1287,7,8.0,2.14285714285714,"(-10902707.460443133, 3542936.1857821546)",1.0258981849530833
1287,8,8.0,2.0,"(-10902707.460443133, 3542936.1857821546)",1.0258981849530833
1287,9,8.0,2.71428571428571,"(-10902707.460443133, 3542936.1857821546)",1.0258981849530833
1287,10,8.0,2.57142857142857,"(-10902707.460443133, 3542936.1857821546)",1.0258981849530833
1287,11,8.0,2.42857142857143,"(-10902707.460443133, 3542936.1857821546)",1.0258981849530833
1287,12,8.0,2.42857142857143,"(-10902707.460443133, 3542936.1857821546)",1.0258981849530833
1287,13,8.0,3.57142857142857,"(-10902707.460443133, 3542936.1857821546)",1.0258981849530833
1287,14,8.0,3.28571428571429,"(-10902707.460443133, 3542936.1857821546)",1.0258981849530833
1287,15,8.0,3.28571428571429,"(-10902707.460443133, 3542936.1857821546)",1.0258981849530833
1287,16,8.0,4.28571428571429,"(-10902707.460443133, 3542936.1857821546)",1.0258981849530833
1287,17,8.0,3.85714285714286,"(-10902707.460443133, 3542936.1857821546)",1.0258981849530833
1287,18,8.0,2.85714285714286,"(-10902707.460443133, 3542936.1857821546)",1.0258981849530833
1287,19,8.0,2.14285714285714,"(-10902707.460443133, 3542936.1857821546)",1.0258981849530833
1287,20,8.0,2.28571428571429,"(-10902707.460443133, 3542936.1857821546)",1.0258981849530833
1287,21,8.0,1.28571428571429,"(-10902707.460443133, 3542936.1857821546)",1.0258981849530833
1287,22,8.0,1.57142857142857,"(-10902707.460443133, 3542936.1857821546)",1.0258981849530833
1287,23,8.0,1.14285714285714,"(-10902707.460443133, 3542936.1857821546)",1.0258981849530833
1288,0,18.0,1.85714285714286,"(-10880332.242793685, 3553691.137472009)",1.0245154757722024
1288,1,18.0,2.14285714285714,"(-10880332.242793685, 3553691.137472009)",1.0245154757722024
1288,2,18.0,3.28571428571429,"(-10880332.242793685, 3553691.137472009)",1.0245154757722024
1288,3,18.0,5.14285714285714,"(-10880332.242793685, 3553691.137472009)",1.0245154757722024
1288,4,18.0,7.0,"(-10880332.242793685, 3553691.137472009)",1.0245154757722024
1288,5,18.0,5.85714285714286,"(-10880332.242793685, 3553691.137472009)",1.0245154757722024
1288,6,18.0,5.0,"(-10880332.242793685, 3553691.137472009)",1.0245154757722024
1288,7,18.0,4.14285714285714,"(-10880332.242793685, 3553691.137472009)",1.0245154757722024
1288,8,18.0,2.42857142857143,"(-10880332.242793685, 3553691.137472009)",1.0245154757722024
1288,9,18.0,1.57142857142857,"(-10880332.242793685, 3553691.137472009)",1.0245154757722024
1288,10,18.0,2.0,"(-10880332.242793685, 3553691.137472009)",1.0245154757722024
1288,11,18.0,2.57142857142857,"(-10880332.242793685, 3553691.137472009)",1.0245154757722024
1288,12,18.0,3.28571428571429,"(-10880332.242793685, 3553691.137472009)",1.0245154757722024
1288,13,18.0,4.28571428571429,"(-10880332.242793685, 3553691.137472009)",1.0245154757722024
1288,14,18.0,4.14285714285714,"(-10880332.242793685, 3553691.137472009)",1.0245154757722024
1288,15,18.0,3.85714285714286,"(-10880332.242793685, 3553691.137472009)",1.0245154757722024
1288,16,18.0,4.85714285714286,"(-10880332.242793685, 3553691.137472009)",1.0245154757722024
1288,17,18.0,4.28571428571429,"(-10880332.242793685, 3553691.137472009)",1.0245154757722024
1288,18,18.0,4.71428571428571,"(-10880332.242793685, 3553691.137472009)",1.0245154757722024
1288,19,18.0,6.28571428571429,"(-10880332.242793685, 3553691.137472009)",1.0245154757722024
1288,20,18.0,5.14285714285714,"(-10880332.242793685, 3553691.137472009)",1.0245154757722024
1288,21,18.0,5.14285714285714,"(-10880332.242793685, 3553691.137472009)",1.0245154757722024
1288,22,18.0,4.85714285714286,"(-10880332.242793685, 3553691.137472009)",1.0245154757722024
1288,23,18.0,3.57142857142857,"(-10880332.242793685, 3553691.137472009)",1.0245154757722024
1289,0,2.0,0.0,"(-10886607.879087158, 3564342.2563896724)",0.988239805988648
1289,1,2.0,0.0,"(-10886607.879087158, 3564342.2563896724)",0.988239805988648
1289,2,2.0,0.0,"(-10886607.879087158, 3564342.2563896724)",0.988239805988648
1289,3,2.0,0.0,"(-10886607.879087158, 3564342.2563896724)",0.988239805988648
1289,4,2.0,0.142857142857143,"(-10886607.879087158, 3564342.2563896724)",0.988239805988648
1289,5,2.0,0.428571428571429,"(-10886607.879087158, 3564342.2563896724)",0.988239805988648
1289,6,2.0,0.285714285714286,"(-10886607.879087158, 3564342.2563896724)",0.988239805988648
1289,7,2.0,0.285714285714286,"(-10886607.879087158, 3564342.2563896724)",0.988239805988648
1289,8,2.0,0.428571428571429,"(-10886607.879087158, 3564342.2563896724)",0.988239805988648
1289,9,2.0,0.285714285714286,"(-10886607.879087158, 3564342.2563896724)",0.988239805988648
1289,10,2.0,0.285714285714286,"(-10886607.879087158, 3564342.2563896724)",0.988239805988648
1289,11,2.0,0.428571428571429,"(-10886607.879087158, 3564342.2563896724)",0.988239805988648
1289,12,2.0,0.428571428571429,"(-10886607.879087158, 3564342.2563896724)",0.988239805988648
1289,13,2.0,0.571428571428571,"(-10886607.879087158, 3564342.2563896724)",0.988239805988648
1289,14,2.0,0.285714285714286,"(-10886607.879087158, 3564342.2563896724)",0.988239805988648
1289,15,2.0,0.142857142857143,"(-10886607.879087158, 3564342.2563896724)",0.988239805988648
1289,16,2.0,0.142857142857143,"(-10886607.879087158, 3564342.2563896724)",0.988239805988648
1289,17,2.0,0.0,"(-10886607.879087158, 3564342.2563896724)",0.988239805988648
1289,18,2.0,0.0,"(-10886607.879087158, 3564342.2563896724)",0.988239805988648
1289,19,2.0,0.142857142857143,"(-10886607.879087158, 3564342.2563896724)",0.988239805988648
1289,20,2.0,0.142857142857143,"(-10886607.879087158, 3564342.2563896724)",0.988239805988648
1289,21,2.0,0.142857142857143,"(-10886607.879087158, 3564342.2563896724)",0.988239805988648
1289,22,2.0,0.142857142857143,"(-10886607.879087158, 3564342.2563896724)",0.988239805988648
1289,23,2.0,0.0,"(-10886607.879087158, 3564342.2563896724)",0.988239805988648
1290,0,3.0,0.285714285714286,"(-10881974.205282886, 3558692.8138249433)",1.0245318471806661
1290,1,3.0,0.714285714285714,"(-10881974.205282886, 3558692.8138249433)",1.0245318471806661
1290,2,3.0,0.285714285714286,"(-10881974.205282886, 3558692.8138249433)",1.0245318471806661
1290,3,3.0,0.285714285714286,"(-10881974.205282886, 3558692.8138249433)",1.0245318471806661
1290,4,3.0,0.428571428571429,"(-10881974.205282886, 3558692.8138249433)",1.0245318471806661
1290,5,3.0,0.428571428571429,"(-10881974.205282886, 3558692.8138249433)",1.0245318471806661
1290,6,3.0,0.285714285714286,"(-10881974.205282886, 3558692.8138249433)",1.0245318471806661
1290,7,3.0,0.428571428571429,"(-10881974.205282886, 3558692.8138249433)",1.0245318471806661
1290,8,3.0,0.428571428571429,"(-10881974.205282886, 3558692.8138249433)",1.0245318471806661
1290,9,3.0,0.428571428571429,"(-10881974.205282886, 3558692.8138249433)",1.0245318471806661
1290,10,3.0,0.285714285714286,"(-10881974.205282886, 3558692.8138249433)",1.0245318471806661
1290,11,3.0,0.428571428571429,"(-10881974.205282886, 3558692.8138249433)",1.0245318471806661
1290,12,3.0,0.142857142857143,"(-10881974.205282886, 3558692.8138249433)",1.0245318471806661
1290,13,3.0,0.285714285714286,"(-10881974.205282886, 3558692.8138249433)",1.0245318471806661
1290,14,3.0,0.142857142857143,"(-10881974.205282886, 3558692.8138249433)",1.0245318471806661
1290,15,3.0,0.142857142857143,"(-10881974.205282886, 3558692.8138249433)",1.0245318471806661
1290,16,3.0,0.428571428571429,"(-10881974.205282886, 3558692.8138249433)",1.0245318471806661
1290,17,3.0,0.571428571428571,"(-10881974.205282886, 3558692.8138249433)",1.0245318471806661
1290,18,3.0,1.0,"(-10881974.205282886, 3558692.8138249433)",1.0245318471806661
1290,19,3.0,0.571428571428571,"(-10881974.205282886, 3558692.8138249433)",1.0245318471806661
1290,20,3.0,0.714285714285714,"(-10881974.205282886, 3558692.8138249433)",1.0245318471806661
1290,21,3.0,0.428571428571429,"(-10881974.205282886, 3558692.8138249433)",1.0245318471806661
1290,22,3.0,0.142857142857143,"(-10881974.205282886, 3558692.8138249433)",1.0245318471806661
1290,23,3.0,0.285714285714286,"(-10881974.205282886, 3558692.8138249433)",1.0245318471806661
1291,0,2.0,0.0,"(-10896835.357303789, 3533301.590088827)",1.0086057440826435
1291,1,2.0,0.0,"(-10896835.357303789, 3533301.590088827)",1.0086057440826435
1291,2,2.0,0.0,"(-10896835.357303789, 3533301.590088827)",1.0086057440826435
1291,3,2.0,0.0,"(-10896835.357303789, 3533301.590088827)",1.0086057440826435
1291,4,2.0,0.0,"(-10896835.357303789, 3533301.590088827)",1.0086057440826435
1291,5,2.0,0.0,"(-10896835.357303789, 3533301.590088827)",1.0086057440826435
1291,6,2.0,0.0,"(-10896835.357303789, 3533301.590088827)",1.0086057440826435
1291,7,2.0,0.142857142857143,"(-10896835.357303789, 3533301.590088827)",1.0086057440826435
1291,8,2.0,0.285714285714286,"(-10896835.357303789, 3533301.590088827)",1.0086057440826435
1291,9,2.0,0.428571428571429,"(-10896835.357303789, 3533301.590088827)",1.0086057440826435
1291,10,2.0,0.0,"(-10896835.357303789, 3533301.590088827)",1.0086057440826435
1291,11,2.0,0.0,"(-10896835.357303789, 3533301.590088827)",1.0086057440826435
1291,12,2.0,0.142857142857143,"(-10896835.357303789, 3533301.590088827)",1.0086057440826435
1291,13,2.0,0.0,"(-10896835.357303789, 3533301.590088827)",1.0086057440826435
1291,14,2.0,0.142857142857143,"(-10896835.357303789, 3533301.590088827)",1.0086057440826435
1291,15,2.0,0.0,"(-10896835.357303789, 3533301.590088827)",1.0086057440826435
1291,16,2.0,0.0,"(-10896835.357303789, 3533301.590088827)",1.0086057440826435
1291,17,2.0,0.142857142857143,"(-10896835.357303789, 3533301.590088827)",1.0086057440826435
1291,18,2.0,0.0,"(-10896835.357303789, 3533301.590088827)",1.0086057440826435
1291,19,2.0,0.142857142857143,"(-10896835.357303789, 3533301.590088827)",1.0086057440826435
1291,20,2.0,0.285714285714286,"(-10896835.357303789, 3533301.590088827)",1.0086057440826435
1291,21,2.0,0.285714285714286,"(-10896835.357303789, 3533301.590088827)",1.0086057440826435
1291,22,2.0,0.285714285714286,"(-10896835.357303789, 3533301.590088827)",1.0086057440826435
1291,23,2.0,0.142857142857143,"(-10896835.357303789, 3533301.590088827)",1.0086057440826435
1292,0,4.0,0.285714285714286,"(-10879970.454448607, 3555288.231271145)",1.0245154757722024
1292,1,4.0,0.285714285714286,"(-10879970.454448607, 3555288.231271145)",1.0245154757722024
1292,2,4.0,0.285714285714286,"(-10879970.454448607, 3555288.231271145)",1.0245154757722024
1292,3,4.0,0.714285714285714,"(-10879970.454448607, 3555288.231271145)",1.0245154757722024
1292,4,4.0,1.0,"(-10879970.454448607, 3555288.231271145)",1.0245154757722024
1292,5,4.0,0.714285714285714,"(-10879970.454448607, 3555288.231271145)",1.0245154757722024
1292,6,4.0,0.571428571428571,"(-10879970.454448607, 3555288.231271145)",1.0245154757722024
1292,7,4.0,0.714285714285714,"(-10879970.454448607, 3555288.231271145)",1.0245154757722024
1292,8,4.0,0.571428571428571,"(-10879970.454448607, 3555288.231271145)",1.0245154757722024
1292,9,4.0,0.285714285714286,"(-10879970.454448607, 3555288.231271145)",1.0245154757722024
1292,10,4.0,0.714285714285714,"(-10879970.454448607, 3555288.231271145)",1.0245154757722024
1292,11,4.0,0.857142857142857,"(-10879970.454448607, 3555288.231271145)",1.0245154757722024
1292,12,4.0,1.14285714285714,"(-10879970.454448607, 3555288.231271145)",1.0245154757722024
1292,13,4.0,1.0,"(-10879970.454448607, 3555288.231271145)",1.0245154757722024
1292,14,4.0,1.14285714285714,"(-10879970.454448607, 3555288.231271145)",1.0245154757722024
1292,15,4.0,1.0,"(-10879970.454448607, 3555288.231271145)",1.0245154757722024
1292,16,4.0,1.57142857142857,"(-10879970.454448607, 3555288.231271145)",1.0245154757722024
1292,17,4.0,1.28571428571429,"(-10879970.454448607, 3555288.231271145)",1.0245154757722024
1292,18,4.0,1.71428571428571,"(-10879970.454448607, 3555288.231271145)",1.0245154757722024
1292,19,4.0,1.42857142857143,"(-10879970.454448607, 3555288.231271145)",1.0245154757722024
1292,20,4.0,1.28571428571429,"(-10879970.454448607, 3555288.231271145)",1.0245154757722024
1292,21,4.0,0.714285714285714,"(-10879970.454448607, 3555288.231271145)",1.0245154757722024
1292,22,4.0,1.14285714285714,"(-10879970.454448607, 3555288.231271145)",1.0245154757722024
1292,23,4.0,1.14285714285714,"(-10879970.454448607, 3555288.231271145)",1.0245154757722024
1293,0,2.0,0.142857142857143,"(-10883504.848281294, 3562179.0273304023)",1.0245318471806661
1293,1,2.0,0.285714285714286,"(-10883504.848281294, 3562179.0273304023)",1.0245318471806661
1293,2,2.0,0.0,"(-10883504.848281294, 3562179.0273304023)",1.0245318471806661
1293,3,2.0,0.285714285714286,"(-10883504.848281294, 3562179.0273304023)",1.0245318471806661
1293,4,2.0,0.285714285714286,"(-10883504.848281294, 3562179.0273304023)",1.0245318471806661
1293,5,2.0,0.142857142857143,"(-10883504.848281294, 3562179.0273304023)",1.0245318471806661
1293,6,2.0,0.0,"(-10883504.848281294, 3562179.0273304023)",1.0245318471806661
1293,7,2.0,0.285714285714286,"(-10883504.848281294, 3562179.0273304023)",1.0245318471806661
1293,8,2.0,0.571428571428571,"(-10883504.848281294, 3562179.0273304023)",1.0245318471806661
1293,9,2.0,0.571428571428571,"(-10883504.848281294, 3562179.0273304023)",1.0245318471806661
1293,10,2.0,0.428571428571429,"(-10883504.848281294, 3562179.0273304023)",1.0245318471806661
1293,11,2.0,0.285714285714286,"(-10883504.848281294, 3562179.0273304023)",1.0245318471806661
1293,12,2.0,0.428571428571429,"(-10883504.848281294, 3562179.0273304023)",1.0245318471806661
1293,13,2.0,0.571428571428571,"(-10883504.848281294, 3562179.0273304023)",1.0245318471806661
1293,14,2.0,0.571428571428571,"(-10883504.848281294, 3562179.0273304023)",1.0245318471806661
1293,15,2.0,0.428571428571429,"(-10883504.848281294, 3562179.0273304023)",1.0245318471806661
1293,16,2.0,0.0,"(-10883504.848281294, 3562179.0273304023)",1.0245318471806661
1293,17,2.0,0.0,"(-10883504.848281294, 3562179.0273304023)",1.0245318471806661
1293,18,2.0,0.0,"(-10883504.848281294, 3562179.0273304023)",1.0245318471806661
1293,19,2.0,0.285714285714286,"(-10883504.848281294, 3562179.0273304023)",1.0245318471806661
1293,20,2.0,0.0,"(-10883504.848281294, 3562179.0273304023)",1.0245318471806661
1293,21,2.0,0.142857142857143,"(-10883504.848281294, 3562179.0273304023)",1.0245318471806661
1293,22,2.0,0.285714285714286,"(-10883504.848281294, 3562179.0273304023)",1.0245318471806661
1293,23,2.0,0.285714285714286,"(-10883504.848281294, 3562179.0273304023)",1.0245318471806661
1294,0,4.0,0.428571428571429,"(-10882057.694900982, 3558870.329149104)",1.0245318471806661
1294,1,4.0,0.714285714285714,"(-10882057.694900982, 3558870.329149104)",1.0245318471806661
1294,2,4.0,0.714285714285714,"(-10882057.694900982, 3558870.329149104)",1.0245318471806661
1294,3,4.0,0.428571428571429,"(-10882057.694900982, 3558870.329149104)",1.0245318471806661
1294,4,4.0,0.714285714285714,"(-10882057.694900982, 3558870.329149104)",1.0245318471806661
1294,5,4.0,0.714285714285714,"(-10882057.694900982, 3558870.329149104)",1.0245318471806661
1294,6,4.0,0.857142857142857,"(-10882057.694900982, 3558870.329149104)",1.0245318471806661
1294,7,4.0,1.28571428571429,"(-10882057.694900982, 3558870.329149104)",1.0245318471806661
1294,8,4.0,1.42857142857143,"(-10882057.694900982, 3558870.329149104)",1.0245318471806661
1294,9,4.0,1.57142857142857,"(-10882057.694900982, 3558870.329149104)",1.0245318471806661
1294,10,4.0,1.42857142857143,"(-10882057.694900982, 3558870.329149104)",1.0245318471806661
1294,11,4.0,1.14285714285714,"(-10882057.694900982, 3558870.329149104)",1.0245318471806661
1294,12,4.0,1.14285714285714,"(-10882057.694900982, 3558870.329149104)",1.0245318471806661
1294,13,4.0,0.857142857142857,"(-10882057.694900982, 3558870.329149104)",1.0245318471806661
1294,14,4.0,0.857142857142857,"(-10882057.694900982, 3558870.329149104)",1.0245318471806661
1294,15,4.0,1.0,"(-10882057.694900982, 3558870.329149104)",1.0245318471806661
1294,16,4.0,1.14285714285714,"(-10882057.694900982, 3558870.329149104)",1.0245318471806661
1294,17,4.0,1.28571428571429,"(-10882057.694900982, 3558870.329149104)",1.0245318471806661
1294,18,4.0,1.28571428571429,"(-10882057.694900982, 3558870.329149104)",1.0245318471806661
1294,19,4.0,0.857142857142857,"(-10882057.694900982, 3558870.329149104)",1.0245318471806661
1294,20,4.0,0.714285714285714,"(-10882057.694900982, 3558870.329149104)",1.0245318471806661
1294,21,4.0,0.571428571428571,"(-10882057.694900982, 3558870.329149104)",1.0245318471806661
1294,22,4.0,0.571428571428571,"(-10882057.694900982, 3558870.329149104)",1.0245318471806661
1294,23,4.0,0.428571428571429,"(-10882057.694900982, 3558870.329149104)",1.0245318471806661
1295,0,4.0,0.0,"(-10883463.103472246, 3541953.05642192)",1.0259872715644
1295,1,4.0,0.142857142857143,"(-10883463.103472246, 3541953.05642192)",1.0259872715644
1295,2,4.0,0.285714285714286,"(-10883463.103472246, 3541953.05642192)",1.0259872715644
1295,3,4.0,0.714285714285714,"(-10883463.103472246, 3541953.05642192)",1.0259872715644
1295,4,4.0,1.28571428571429,"(-10883463.103472246, 3541953.05642192)",1.0259872715644
1295,5,4.0,0.857142857142857,"(-10883463.103472246, 3541953.05642192)",1.0259872715644
1295,6,4.0,0.714285714285714,"(-10883463.103472246, 3541953.05642192)",1.0259872715644
1295,7,4.0,0.571428571428571,"(-10883463.103472246, 3541953.05642192)",1.0259872715644
1295,8,4.0,0.285714285714286,"(-10883463.103472246, 3541953.05642192)",1.0259872715644
1295,9,4.0,0.857142857142857,"(-10883463.103472246, 3541953.05642192)",1.0259872715644
1295,10,4.0,0.714285714285714,"(-10883463.103472246, 3541953.05642192)",1.0259872715644
1295,11,4.0,0.714285714285714,"(-10883463.103472246, 3541953.05642192)",1.0259872715644
1295,12,4.0,0.428571428571429,"(-10883463.103472246, 3541953.05642192)",1.0259872715644
1295,13,4.0,0.285714285714286,"(-10883463.103472246, 3541953.05642192)",1.0259872715644
1295,14,4.0,0.0,"(-10883463.103472246, 3541953.05642192)",1.0259872715644
1295,15,4.0,0.285714285714286,"(-10883463.103472246, 3541953.05642192)",1.0259872715644
1295,16,4.0,0.285714285714286,"(-10883463.103472246, 3541953.05642192)",1.0259872715644
1295,17,4.0,0.285714285714286,"(-10883463.103472246, 3541953.05642192)",1.0259872715644
1295,18,4.0,0.285714285714286,"(-10883463.103472246, 3541953.05642192)",1.0259872715644
1295,19,4.0,0.142857142857143,"(-10883463.103472246, 3541953.05642192)",1.0259872715644
1295,20,4.0,0.428571428571429,"(-10883463.103472246, 3541953.05642192)",1.0259872715644
1295,21,4.0,0.714285714285714,"(-10883463.103472246, 3541953.05642192)",1.0259872715644
1295,22,4.0,0.428571428571429,"(-10883463.103472246, 3541953.05642192)",1.0259872715644
1295,23,4.0,0.142857142857143,"(-10883463.103472246, 3541953.05642192)",1.0259872715644
1296,0,2.0,0.428571428571429,"(-10880290.497984637, 3546047.2465107916)",1.0256955354979644
1296,1,2.0,0.428571428571429,"(-10880290.497984637, 3546047.2465107916)",1.0256955354979644
1296,2,2.0,0.0,"(-10880290.497984637, 3546047.2465107916)",1.0256955354979644
1296,3,2.0,0.142857142857143,"(-10880290.497984637, 3546047.2465107916)",1.0256955354979644
1296,4,2.0,0.714285714285714,"(-10880290.497984637, 3546047.2465107916)",1.0256955354979644
1296,5,2.0,0.571428571428571,"(-10880290.497984637, 3546047.2465107916)",1.0256955354979644
1296,6,2.0,0.428571428571429,"(-10880290.497984637, 3546047.2465107916)",1.0256955354979644
1296,7,2.0,0.571428571428571,"(-10880290.497984637, 3546047.2465107916)",1.0256955354979644
1296,8,2.0,0.428571428571429,"(-10880290.497984637, 3546047.2465107916)",1.0256955354979644
1296,9,2.0,0.285714285714286,"(-10880290.497984637, 3546047.2465107916)",1.0256955354979644
1296,10,2.0,0.428571428571429,"(-10880290.497984637, 3546047.2465107916)",1.0256955354979644
1296,11,2.0,0.428571428571429,"(-10880290.497984637, 3546047.2465107916)",1.0256955354979644
1296,12,2.0,0.285714285714286,"(-10880290.497984637, 3546047.2465107916)",1.0256955354979644
1296,13,2.0,0.428571428571429,"(-10880290.497984637, 3546047.2465107916)",1.0256955354979644
1296,14,2.0,0.285714285714286,"(-10880290.497984637, 3546047.2465107916)",1.0256955354979644
1296,15,2.0,0.142857142857143,"(-10880290.497984637, 3546047.2465107916)",1.0256955354979644
1296,16,2.0,0.428571428571429,"(-10880290.497984637, 3546047.2465107916)",1.0256955354979644
1296,17,2.0,0.428571428571429,"(-10880290.497984637, 3546047.2465107916)",1.0256955354979644
1296,18,2.0,0.285714285714286,"(-10880290.497984637, 3546047.2465107916)",1.0256955354979644
1296,19,2.0,0.428571428571429,"(-10880290.497984637, 3546047.2465107916)",1.0256955354979644
1296,20,2.0,0.571428571428571,"(-10880290.497984637, 3546047.2465107916)",1.0256955354979644
1296,21,2.0,0.428571428571429,"(-10880290.497984637, 3546047.2465107916)",1.0256955354979644
1296,22,2.0,0.285714285714286,"(-10880290.497984637, 3546047.2465107916)",1.0256955354979644
1296,23,2.0,0.285714285714286,"(-10880290.497984637, 3546047.2465107916)",1.0256955354979644
1297,0,2.0,0.571428571428571,"(-10880318.327857336, 3544934.9140198277)",1.0256955354979644
1297,1,2.0,0.571428571428571,"(-10880318.327857336, 3544934.9140198277)",1.0256955354979644
1297,2,2.0,0.142857142857143,"(-10880318.327857336, 3544934.9140198277)",1.0256955354979644
1297,3,2.0,0.0,"(-10880318.327857336, 3544934.9140198277)",1.0256955354979644
1297,4,2.0,0.0,"(-10880318.327857336, 3544934.9140198277)",1.0256955354979644
1297,5,2.0,0.0,"(-10880318.327857336, 3544934.9140198277)",1.0256955354979644
1297,6,2.0,0.285714285714286,"(-10880318.327857336, 3544934.9140198277)",1.0256955354979644
1297,7,2.0,0.142857142857143,"(-10880318.327857336, 3544934.9140198277)",1.0256955354979644
1297,8,2.0,0.428571428571429,"(-10880318.327857336, 3544934.9140198277)",1.0256955354979644
1297,9,2.0,0.285714285714286,"(-10880318.327857336, 3544934.9140198277)",1.0256955354979644
1297,10,2.0,0.428571428571429,"(-10880318.327857336, 3544934.9140198277)",1.0256955354979644
1297,11,2.0,0.428571428571429,"(-10880318.327857336, 3544934.9140198277)",1.0256955354979644
1297,12,2.0,0.571428571428571,"(-10880318.327857336, 3544934.9140198277)",1.0256955354979644
1297,13,2.0,0.857142857142857,"(-10880318.327857336, 3544934.9140198277)",1.0256955354979644
1297,14,2.0,0.428571428571429,"(-10880318.327857336, 3544934.9140198277)",1.0256955354979644
1297,15,2.0,0.285714285714286,"(-10880318.327857336, 3544934.9140198277)",1.0256955354979644
1297,16,2.0,0.428571428571429,"(-10880318.327857336, 3544934.9140198277)",1.0256955354979644
1297,17,2.0,0.285714285714286,"(-10880318.327857336, 3544934.9140198277)",1.0256955354979644
1297,18,2.0,0.142857142857143,"(-10880318.327857336, 3544934.9140198277)",1.0256955354979644
1297,19,2.0,0.142857142857143,"(-10880318.327857336, 3544934.9140198277)",1.0256955354979644
1297,20,2.0,0.0,"(-10880318.327857336, 3544934.9140198277)",1.0256955354979644
1297,21,2.0,0.142857142857143,"(-10880318.327857336, 3544934.9140198277)",1.0256955354979644
1297,22,2.0,0.285714285714286,"(-10880318.327857336, 3544934.9140198277)",1.0256955354979644
1297,23,2.0,0.428571428571429,"(-10880318.327857336, 3544934.9140198277)",1.0256955354979644
1298,0,6.0,2.85714285714286,"(-10884506.723698433, 3528776.8271721415)",1.0235417465384211
1298,1,6.0,2.0,"(-10884506.723698433, 3528776.8271721415)",1.0235417465384211
1298,2,6.0,1.71428571428571,"(-10884506.723698433, 3528776.8271721415)",1.0235417465384211
1298,3,6.0,0.714285714285714,"(-10884506.723698433, 3528776.8271721415)",1.0235417465384211
1298,4,6.0,1.0,"(-10884506.723698433, 3528776.8271721415)",1.0235417465384211
1298,5,6.0,1.14285714285714,"(-10884506.723698433, 3528776.8271721415)",1.0235417465384211
1298,6,6.0,1.0,"(-10884506.723698433, 3528776.8271721415)",1.0235417465384211
1298,7,6.0,1.28571428571429,"(-10884506.723698433, 3528776.8271721415)",1.0235417465384211
1298,8,6.0,0.857142857142857,"(-10884506.723698433, 3528776.8271721415)",1.0235417465384211
1298,9,6.0,1.0,"(-10884506.723698433, 3528776.8271721415)",1.0235417465384211
1298,10,6.0,0.571428571428571,"(-10884506.723698433, 3528776.8271721415)",1.0235417465384211
1298,11,6.0,1.0,"(-10884506.723698433, 3528776.8271721415)",1.0235417465384211
1298,12,6.0,1.0,"(-10884506.723698433, 3528776.8271721415)",1.0235417465384211
1298,13,6.0,1.14285714285714,"(-10884506.723698433, 3528776.8271721415)",1.0235417465384211
1298,14,6.0,1.42857142857143,"(-10884506.723698433, 3528776.8271721415)",1.0235417465384211
1298,15,6.0,1.57142857142857,"(-10884506.723698433, 3528776.8271721415)",1.0235417465384211
1298,16,6.0,2.28571428571429,"(-10884506.723698433, 3528776.8271721415)",1.0235417465384211
1298,17,6.0,2.28571428571429,"(-10884506.723698433, 3528776.8271721415)",1.0235417465384211
1298,18,6.0,2.28571428571429,"(-10884506.723698433, 3528776.8271721415)",1.0235417465384211
1298,19,6.0,2.85714285714286,"(-10884506.723698433, 3528776.8271721415)",1.0235417465384211
1298,20,6.0,2.85714285714286,"(-10884506.723698433, 3528776.8271721415)",1.0235417465384211
1298,21,6.0,2.71428571428571,"(-10884506.723698433, 3528776.8271721415)",1.0235417465384211
1298,22,6.0,2.71428571428571,"(-10884506.723698433, 3528776.8271721415)",1.0235417465384211
1298,23,6.0,3.42857142857143,"(-10884506.723698433, 3528776.8271721415)",1.0235417465384211
1299,0,12.0,1.42857142857143,"(-10886260.005678426, 3533575.382029491)",1.0233727677681235
1299,1,12.0,2.42857142857143,"(-10886260.005678426, 3533575.382029491)",1.0233727677681235
1299,2,12.0,3.0,"(-10886260.005678426, 3533575.382029491)",1.0233727677681235
1299,3,12.0,3.42857142857143,"(-10886260.005678426, 3533575.382029491)",1.0233727677681235
1299,4,12.0,3.71428571428571,"(-10886260.005678426, 3533575.382029491)",1.0233727677681235
1299,5,12.0,3.57142857142857,"(-10886260.005678426, 3533575.382029491)",1.0233727677681235
1299,6,12.0,3.14285714285714,"(-10886260.005678426, 3533575.382029491)",1.0233727677681235
1299,7,12.0,3.14285714285714,"(-10886260.005678426, 3533575.382029491)",1.0233727677681235
1299,8,12.0,3.14285714285714,"(-10886260.005678426, 3533575.382029491)",1.0233727677681235
1299,9,12.0,2.14285714285714,"(-10886260.005678426, 3533575.382029491)",1.0233727677681235
1299,10,12.0,1.57142857142857,"(-10886260.005678426, 3533575.382029491)",1.0233727677681235
1299,11,12.0,1.57142857142857,"(-10886260.005678426, 3533575.382029491)",1.0233727677681235
1299,12,12.0,1.71428571428571,"(-10886260.005678426, 3533575.382029491)",1.0233727677681235
1299,13,12.0,3.28571428571429,"(-10886260.005678426, 3533575.382029491)",1.0233727677681235
1299,14,12.0,3.14285714285714,"(-10886260.005678426, 3533575.382029491)",1.0233727677681235
1299,15,12.0,3.28571428571429,"(-10886260.005678426, 3533575.382029491)",1.0233727677681235
1299,16,12.0,3.28571428571429,"(-10886260.005678426, 3533575.382029491)",1.0233727677681235
1299,17,12.0,4.0,"(-10886260.005678426, 3533575.382029491)",1.0233727677681235
1299,18,12.0,4.57142857142857,"(-10886260.005678426, 3533575.382029491)",1.0233727677681235
1299,19,12.0,5.28571428571429,"(-10886260.005678426, 3533575.382029491)",1.0233727677681235
1299,20,12.0,5.71428571428571,"(-10886260.005678426, 3533575.382029491)",1.0233727677681235
1299,21,12.0,4.14285714285714,"(-10886260.005678426, 3533575.382029491)",1.0233727677681235
1299,22,12.0,2.71428571428571,"(-10886260.005678426, 3533575.382029491)",1.0233727677681235
1299,23,12.0,1.28571428571429,"(-10886260.005678426, 3533575.382029491)",1.0233727677681235
1300,0,16.0,5.85714285714286,"(-10881932.46047384, 3537892.4138957523)",1.0244001332610029
1300,1,16.0,7.42857142857143,"(-10881932.46047384, 3537892.4138957523)",1.0244001332610029
1300,2,16.0,6.71428571428571,"(-10881932.46047384, 3537892.4138957523)",1.0244001332610029
1300,3,16.0,6.14285714285714,"(-10881932.46047384, 3537892.4138957523)",1.0244001332610029
1300,4,16.0,3.85714285714286,"(-10881932.46047384, 3537892.4138957523)",1.0244001332610029
1300,5,16.0,2.28571428571429,"(-10881932.46047384, 3537892.4138957523)",1.0244001332610029
1300,6,16.0,2.57142857142857,"(-10881932.46047384, 3537892.4138957523)",1.0244001332610029
1300,7,16.0,4.0,"(-10881932.46047384, 3537892.4138957523)",1.0244001332610029
1300,8,16.0,5.14285714285714,"(-10881932.46047384, 3537892.4138957523)",1.0244001332610029
1300,9,16.0,4.71428571428571,"(-10881932.46047384, 3537892.4138957523)",1.0244001332610029
1300,10,16.0,4.0,"(-10881932.46047384, 3537892.4138957523)",1.0244001332610029
1300,11,16.0,3.0,"(-10881932.46047384, 3537892.4138957523)",1.0244001332610029
1300,12,16.0,3.14285714285714,"(-10881932.46047384, 3537892.4138957523)",1.0244001332610029
1300,13,16.0,3.0,"(-10881932.46047384, 3537892.4138957523)",1.0244001332610029
1300,14,16.0,3.57142857142857,"(-10881932.46047384, 3537892.4138957523)",1.0244001332610029
1300,15,16.0,2.85714285714286,"(-10881932.46047384, 3537892.4138957523)",1.0244001332610029
1300,16,16.0,3.57142857142857,"(-10881932.46047384, 3537892.4138957523)",1.0244001332610029
1300,17,16.0,5.0,"(-10881932.46047384, 3537892.4138957523)",1.0244001332610029
1300,18,16.0,4.71428571428571,"(-10881932.46047384, 3537892.4138957523)",1.0244001332610029
1300,19,16.0,4.85714285714286,"(-10881932.46047384, 3537892.4138957523)",1.0244001332610029
1300,20,16.0,3.57142857142857,"(-10881932.46047384, 3537892.4138957523)",1.0244001332610029
1300,21,16.0,4.0,"(-10881932.46047384, 3537892.4138957523)",1.0244001332610029
1300,22,16.0,4.14285714285714,"(-10881932.46047384, 3537892.4138957523)",1.0244001332610029
1300,23,16.0,6.57142857142857,"(-10881932.46047384, 3537892.4138957523)",1.0244001332610029
1301,0,2.0,0.571428571428571,"(-10893328.793343801, 3527955.7799780993)",1.0171915958234041
1301,1,2.0,0.285714285714286,"(-10893328.793343801, 3527955.7799780993)",1.0171915958234041
1301,2,2.0,0.142857142857143,"(-10893328.793343801, 3527955.7799780993)",1.0171915958234041
1301,3,2.0,0.142857142857143,"(-10893328.793343801, 3527955.7799780993)",1.0171915958234041
1301,4,2.0,0.142857142857143,"(-10893328.793343801, 3527955.7799780993)",1.0171915958234041
1301,5,2.0,0.0,"(-10893328.793343801, 3527955.7799780993)",1.0171915958234041
1301,6,2.0,0.0,"(-10893328.793343801, 3527955.7799780993)",1.0171915958234041
1301,7,2.0,0.142857142857143,"(-10893328.793343801, 3527955.7799780993)",1.0171915958234041
1301,8,2.0,0.285714285714286,"(-10893328.793343801, 3527955.7799780993)",1.0171915958234041
1301,9,2.0,0.428571428571429,"(-10893328.793343801, 3527955.7799780993)",1.0171915958234041
1301,10,2.0,0.142857142857143,"(-10893328.793343801, 3527955.7799780993)",1.0171915958234041
1301,11,2.0,0.428571428571429,"(-10893328.793343801, 3527955.7799780993)",1.0171915958234041
1301,12,2.0,0.428571428571429,"(-10893328.793343801, 3527955.7799780993)",1.0171915958234041
1301,13,2.0,0.285714285714286,"(-10893328.793343801, 3527955.7799780993)",1.0171915958234041
1301,14,2.0,0.285714285714286,"(-10893328.793343801, 3527955.7799780993)",1.0171915958234041
1301,15,2.0,0.285714285714286,"(-10893328.793343801, 3527955.7799780993)",1.0171915958234041
1301,16,2.0,0.142857142857143,"(-10893328.793343801, 3527955.7799780993)",1.0171915958234041
1301,17,2.0,0.142857142857143,"(-10893328.793343801, 3527955.7799780993)",1.0171915958234041
1301,18,2.0,0.0,"(-10893328.793343801, 3527955.7799780993)",1.0171915958234041
1301,19,2.0,0.428571428571429,"(-10893328.793343801, 3527955.7799780993)",1.0171915958234041
1301,20,2.0,0.714285714285714,"(-10893328.793343801, 3527955.7799780993)",1.0171915958234041
1301,21,2.0,0.714285714285714,"(-10893328.793343801, 3527955.7799780993)",1.0171915958234041
1301,22,2.0,0.571428571428571,"(-10893328.793343801, 3527955.7799780993)",1.0171915958234041
1301,23,2.0,0.428571428571429,"(-10893328.793343801, 3527955.7799780993)",1.0171915958234041
1302,0,2.0,0.142857142857143,"(-10886872.26287779, 3533430.4326178697)",1.0233727677681235
1302,1,2.0,0.142857142857143,"(-10886872.26287779, 3533430.4326178697)",1.0233727677681235
1302,2,2.0,0.142857142857143,"(-10886872.26287779, 3533430.4326178697)",1.0233727677681235
1302,3,2.0,0.142857142857143,"(-10886872.26287779, 3533430.4326178697)",1.0233727677681235
1302,4,2.0,0.285714285714286,"(-10886872.26287779, 3533430.4326178697)",1.0233727677681235
1302,5,2.0,0.285714285714286,"(-10886872.26287779, 3533430.4326178697)",1.0233727677681235
1302,6,2.0,0.285714285714286,"(-10886872.26287779, 3533430.4326178697)",1.0233727677681235
1302,7,2.0,0.428571428571429,"(-10886872.26287779, 3533430.4326178697)",1.0233727677681235
1302,8,2.0,0.285714285714286,"(-10886872.26287779, 3533430.4326178697)",1.0233727677681235
1302,9,2.0,0.142857142857143,"(-10886872.26287779, 3533430.4326178697)",1.0233727677681235
1302,10,2.0,0.0,"(-10886872.26287779, 3533430.4326178697)",1.0233727677681235
1302,11,2.0,0.285714285714286,"(-10886872.26287779, 3533430.4326178697)",1.0233727677681235
1302,12,2.0,0.0,"(-10886872.26287779, 3533430.4326178697)",1.0233727677681235
1302,13,2.0,0.0,"(-10886872.26287779, 3533430.4326178697)",1.0233727677681235
1302,14,2.0,0.0,"(-10886872.26287779, 3533430.4326178697)",1.0233727677681235
1302,15,2.0,0.142857142857143,"(-10886872.26287779, 3533430.4326178697)",1.0233727677681235
1302,16,2.0,0.142857142857143,"(-10886872.26287779, 3533430.4326178697)",1.0233727677681235
1302,17,2.0,0.0,"(-10886872.26287779, 3533430.4326178697)",1.0233727677681235
1302,18,2.0,0.428571428571429,"(-10886872.26287779, 3533430.4326178697)",1.0233727677681235
1302,19,2.0,0.142857142857143,"(-10886872.26287779, 3533430.4326178697)",1.0233727677681235
1302,20,2.0,0.0,"(-10886872.26287779, 3533430.4326178697)",1.0233727677681235
1302,21,2.0,0.0,"(-10886872.26287779, 3533430.4326178697)",1.0233727677681235
1302,22,2.0,0.0,"(-10886872.26287779, 3533430.4326178697)",1.0233727677681235
1302,23,2.0,0.0,"(-10886872.26287779, 3533430.4326178697)",1.0233727677681235
1303,0,4.0,0.571428571428571,"(-10892396.492608408, 3555756.105152155)",1.026178538245301
1303,1,4.0,0.428571428571429,"(-10892396.492608408, 3555756.105152155)",1.026178538245301
1303,2,4.0,0.571428571428571,"(-10892396.492608408, 3555756.105152155)",1.026178538245301
1303,3,4.0,1.0,"(-10892396.492608408, 3555756.105152155)",1.026178538245301
1303,4,4.0,1.28571428571429,"(-10892396.492608408, 3555756.105152155)",1.026178538245301
1303,5,4.0,0.857142857142857,"(-10892396.492608408, 3555756.105152155)",1.026178538245301
1303,6,4.0,0.428571428571429,"(-10892396.492608408, 3555756.105152155)",1.026178538245301
1303,7,4.0,0.714285714285714,"(-10892396.492608408, 3555756.105152155)",1.026178538245301
1303,8,4.0,0.571428571428571,"(-10892396.492608408, 3555756.105152155)",1.026178538245301
1303,9,4.0,0.142857142857143,"(-10892396.492608408, 3555756.105152155)",1.026178538245301
1303,10,4.0,0.0,"(-10892396.492608408, 3555756.105152155)",1.026178538245301
1303,11,4.0,0.142857142857143,"(-10892396.492608408, 3555756.105152155)",1.026178538245301
1303,12,4.0,0.285714285714286,"(-10892396.492608408, 3555756.105152155)",1.026178538245301
1303,13,4.0,0.571428571428571,"(-10892396.492608408, 3555756.105152155)",1.026178538245301
1303,14,4.0,0.571428571428571,"(-10892396.492608408, 3555756.105152155)",1.026178538245301
1303,15,4.0,0.571428571428571,"(-10892396.492608408, 3555756.105152155)",1.026178538245301
1303,16,4.0,0.571428571428571,"(-10892396.492608408, 3555756.105152155)",1.026178538245301
1303,17,4.0,0.714285714285714,"(-10892396.492608408, 3555756.105152155)",1.026178538245301
1303,18,4.0,0.571428571428571,"(-10892396.492608408, 3555756.105152155)",1.026178538245301
1303,19,4.0,0.714285714285714,"(-10892396.492608408, 3555756.105152155)",1.026178538245301
1303,20,4.0,1.57142857142857,"(-10892396.492608408, 3555756.105152155)",1.026178538245301
1303,21,4.0,1.42857142857143,"(-10892396.492608408, 3555756.105152155)",1.026178538245301
1303,22,4.0,1.42857142857143,"(-10892396.492608408, 3555756.105152155)",1.026178538245301
1303,23,4.0,1.0,"(-10892396.492608408, 3555756.105152155)",1.026178538245301
1304,0,12.0,3.85714285714286,"(-10889975.293683654, 3541050.578740198)",1.0171606543598108
1304,1,12.0,3.42857142857143,"(-10889975.293683654, 3541050.578740198)",1.0171606543598108
1304,2,12.0,2.28571428571429,"(-10889975.293683654, 3541050.578740198)",1.0171606543598108
1304,3,12.0,0.857142857142857,"(-10889975.293683654, 3541050.578740198)",1.0171606543598108
1304,4,12.0,0.714285714285714,"(-10889975.293683654, 3541050.578740198)",1.0171606543598108
1304,5,12.0,0.714285714285714,"(-10889975.293683654, 3541050.578740198)",1.0171606543598108
1304,6,12.0,0.571428571428571,"(-10889975.293683654, 3541050.578740198)",1.0171606543598108
1304,7,12.0,1.0,"(-10889975.293683654, 3541050.578740198)",1.0171606543598108
1304,8,12.0,2.14285714285714,"(-10889975.293683654, 3541050.578740198)",1.0171606543598108
1304,9,12.0,2.14285714285714,"(-10889975.293683654, 3541050.578740198)",1.0171606543598108
1304,10,12.0,2.57142857142857,"(-10889975.293683654, 3541050.578740198)",1.0171606543598108
1304,11,12.0,2.57142857142857,"(-10889975.293683654, 3541050.578740198)",1.0171606543598108
1304,12,12.0,3.14285714285714,"(-10889975.293683654, 3541050.578740198)",1.0171606543598108
1304,13,12.0,2.14285714285714,"(-10889975.293683654, 3541050.578740198)",1.0171606543598108
1304,14,12.0,2.0,"(-10889975.293683654, 3541050.578740198)",1.0171606543598108
1304,15,12.0,2.85714285714286,"(-10889975.293683654, 3541050.578740198)",1.0171606543598108
1304,16,12.0,3.42857142857143,"(-10889975.293683654, 3541050.578740198)",1.0171606543598108
1304,17,12.0,3.14285714285714,"(-10889975.293683654, 3541050.578740198)",1.0171606543598108
1304,18,12.0,2.0,"(-10889975.293683654, 3541050.578740198)",1.0171606543598108
1304,19,12.0,1.85714285714286,"(-10889975.293683654, 3541050.578740198)",1.0171606543598108
1304,20,12.0,1.14285714285714,"(-10889975.293683654, 3541050.578740198)",1.0171606543598108
1304,21,12.0,1.0,"(-10889975.293683654, 3541050.578740198)",1.0171606543598108
1304,22,12.0,2.0,"(-10889975.293683654, 3541050.578740198)",1.0171606543598108
1304,23,12.0,3.42857142857143,"(-10889975.293683654, 3541050.578740198)",1.0171606543598108
1305,0,6.0,1.14285714285714,"(-10880986.244802097, 3554223.4795899335)",1.0245154757722024
1305,1,6.0,0.428571428571429,"(-10880986.244802097, 3554223.4795899335)",1.0245154757722024
1305,2,6.0,0.857142857142857,"(-10880986.244802097, 3554223.4795899335)",1.0245154757722024
1305,3,6.0,1.28571428571429,"(-10880986.244802097, 3554223.4795899335)",1.0245154757722024
1305,4,6.0,1.28571428571429,"(-10880986.244802097, 3554223.4795899335)",1.0245154757722024
1305,5,6.0,1.57142857142857,"(-10880986.244802097, 3554223.4795899335)",1.0245154757722024
1305,6,6.0,1.0,"(-10880986.244802097, 3554223.4795899335)",1.0245154757722024
1305,7,6.0,1.28571428571429,"(-10880986.244802097, 3554223.4795899335)",1.0245154757722024
1305,8,6.0,1.57142857142857,"(-10880986.244802097, 3554223.4795899335)",1.0245154757722024
1305,9,6.0,1.14285714285714,"(-10880986.244802097, 3554223.4795899335)",1.0245154757722024
1305,10,6.0,1.0,"(-10880986.244802097, 3554223.4795899335)",1.0245154757722024
1305,11,6.0,0.428571428571429,"(-10880986.244802097, 3554223.4795899335)",1.0245154757722024
1305,12,6.0,0.857142857142857,"(-10880986.244802097, 3554223.4795899335)",1.0245154757722024
1305,13,6.0,0.571428571428571,"(-10880986.244802097, 3554223.4795899335)",1.0245154757722024
1305,14,6.0,1.0,"(-10880986.244802097, 3554223.4795899335)",1.0245154757722024
1305,15,6.0,1.28571428571429,"(-10880986.244802097, 3554223.4795899335)",1.0245154757722024
1305,16,6.0,1.42857142857143,"(-10880986.244802097, 3554223.4795899335)",1.0245154757722024
1305,17,6.0,1.14285714285714,"(-10880986.244802097, 3554223.4795899335)",1.0245154757722024
1305,18,6.0,1.0,"(-10880986.244802097, 3554223.4795899335)",1.0245154757722024
1305,19,6.0,0.857142857142857,"(-10880986.244802097, 3554223.4795899335)",1.0245154757722024
1305,20,6.0,2.14285714285714,"(-10880986.244802097, 3554223.4795899335)",1.0245154757722024
1305,21,6.0,1.71428571428571,"(-10880986.244802097, 3554223.4795899335)",1.0245154757722024
1305,22,6.0,1.57142857142857,"(-10880986.244802097, 3554223.4795899335)",1.0245154757722024
1305,23,6.0,1.71428571428571,"(-10880986.244802097, 3554223.4795899335)",1.0245154757722024
1306,0,8.0,1.14285714285714,"(-10902707.460443133, 3542936.1857821546)",1.0258981849530833
1306,1,8.0,1.0,"(-10902707.460443133, 3542936.1857821546)",1.0258981849530833
1306,2,8.0,1.42857142857143,"(-10902707.460443133, 3542936.1857821546)",1.0258981849530833
1306,3,8.0,1.42857142857143,"(-10902707.460443133, 3542936.1857821546)",1.0258981849530833
1306,4,8.0,1.57142857142857,"(-10902707.460443133, 3542936.1857821546)",1.0258981849530833
1306,5,8.0,1.71428571428571,"(-10902707.460443133, 3542936.1857821546)",1.0258981849530833
1306,6,8.0,2.0,"(-10902707.460443133, 3542936.1857821546)",1.0258981849530833
1306,7,8.0,2.14285714285714,"(-10902707.460443133, 3542936.1857821546)",1.0258981849530833
1306,8,8.0,2.0,"(-10902707.460443133, 3542936.1857821546)",1.0258981849530833
1306,9,8.0,2.71428571428571,"(-10902707.460443133, 3542936.1857821546)",1.0258981849530833
1306,10,8.0,2.57142857142857,"(-10902707.460443133, 3542936.1857821546)",1.0258981849530833
1306,11,8.0,2.42857142857143,"(-10902707.460443133, 3542936.1857821546)",1.0258981849530833
1306,12,8.0,2.42857142857143,"(-10902707.460443133, 3542936.1857821546)",1.0258981849530833
1306,13,8.0,3.57142857142857,"(-10902707.460443133, 3542936.1857821546)",1.0258981849530833
1306,14,8.0,3.28571428571429,"(-10902707.460443133, 3542936.1857821546)",1.0258981849530833
1306,15,8.0,3.28571428571429,"(-10902707.460443133, 3542936.1857821546)",1.0258981849530833
1306,16,8.0,4.28571428571429,"(-10902707.460443133, 3542936.1857821546)",1.0258981849530833
1306,17,8.0,3.85714285714286,"(-10902707.460443133, 3542936.1857821546)",1.0258981849530833
1306,18,8.0,2.85714285714286,"(-10902707.460443133, 3542936.1857821546)",1.0258981849530833
1306,19,8.0,2.14285714285714,"(-10902707.460443133, 3542936.1857821546)",1.0258981849530833
1306,20,8.0,2.14285714285714,"(-10902707.460443133, 3542936.1857821546)",1.0258981849530833
1306,21,8.0,1.85714285714286,"(-10902707.460443133, 3542936.1857821546)",1.0258981849530833
1306,22,8.0,1.71428571428571,"(-10902707.460443133, 3542936.1857821546)",1.0258981849530833
1306,23,8.0,1.57142857142857,"(-10902707.460443133, 3542936.1857821546)",1.0258981849530833
1307,0,2.0,0.285714285714286,"(-10889488.270911435, 3567442.4571445314)",0.988239805988648
1307,1,2.0,0.142857142857143,"(-10889488.270911435, 3567442.4571445314)",0.988239805988648
1307,2,2.0,0.428571428571429,"(-10889488.270911435, 3567442.4571445314)",0.988239805988648
1307,3,2.0,0.714285714285714,"(-10889488.270911435, 3567442.4571445314)",0.988239805988648
1307,4,2.0,0.571428571428571,"(-10889488.270911435, 3567442.4571445314)",0.988239805988648
1307,5,2.0,0.428571428571429,"(-10889488.270911435, 3567442.4571445314)",0.988239805988648
1307,6,2.0,0.142857142857143,"(-10889488.270911435, 3567442.4571445314)",0.988239805988648
1307,7,2.0,0.0,"(-10889488.270911435, 3567442.4571445314)",0.988239805988648
1307,8,2.0,0.285714285714286,"(-10889488.270911435, 3567442.4571445314)",0.988239805988648
1307,9,2.0,0.142857142857143,"(-10889488.270911435, 3567442.4571445314)",0.988239805988648
1307,10,2.0,0.142857142857143,"(-10889488.270911435, 3567442.4571445314)",0.988239805988648
1307,11,2.0,0.142857142857143,"(-10889488.270911435, 3567442.4571445314)",0.988239805988648
1307,12,2.0,0.0,"(-10889488.270911435, 3567442.4571445314)",0.988239805988648
1307,13,2.0,0.285714285714286,"(-10889488.270911435, 3567442.4571445314)",0.988239805988648
1307,14,2.0,0.142857142857143,"(-10889488.270911435, 3567442.4571445314)",0.988239805988648
1307,15,2.0,0.285714285714286,"(-10889488.270911435, 3567442.4571445314)",0.988239805988648
1307,16,2.0,0.285714285714286,"(-10889488.270911435, 3567442.4571445314)",0.988239805988648
1307,17,2.0,0.0,"(-10889488.270911435, 3567442.4571445314)",0.988239805988648
1307,18,2.0,0.142857142857143,"(-10889488.270911435, 3567442.4571445314)",0.988239805988648
1307,19,2.0,0.285714285714286,"(-10889488.270911435, 3567442.4571445314)",0.988239805988648
1307,20,2.0,0.571428571428571,"(-10889488.270911435, 3567442.4571445314)",0.988239805988648
1307,21,2.0,0.142857142857143,"(-10889488.270911435, 3567442.4571445314)",0.988239805988648
1307,22,2.0,0.142857142857143,"(-10889488.270911435, 3567442.4571445314)",0.988239805988648
1307,23,2.0,0.142857142857143,"(-10889488.270911435, 3567442.4571445314)",0.988239805988648
1308,0,2.0,0.0,"(-10886607.879087158, 3564342.2563896724)",0.988239805988648
1308,1,2.0,0.0,"(-10886607.879087158, 3564342.2563896724)",0.988239805988648
1308,2,2.0,0.0,"(-10886607.879087158, 3564342.2563896724)",0.988239805988648
1308,3,2.0,0.0,"(-10886607.879087158, 3564342.2563896724)",0.988239805988648
1308,4,2.0,0.142857142857143,"(-10886607.879087158, 3564342.2563896724)",0.988239805988648
1308,5,2.0,0.428571428571429,"(-10886607.879087158, 3564342.2563896724)",0.988239805988648
1308,6,2.0,0.285714285714286,"(-10886607.879087158, 3564342.2563896724)",0.988239805988648
1308,7,2.0,0.285714285714286,"(-10886607.879087158, 3564342.2563896724)",0.988239805988648
1308,8,2.0,0.428571428571429,"(-10886607.879087158, 3564342.2563896724)",0.988239805988648
1308,9,2.0,0.285714285714286,"(-10886607.879087158, 3564342.2563896724)",0.988239805988648
1308,10,2.0,0.285714285714286,"(-10886607.879087158, 3564342.2563896724)",0.988239805988648
1308,11,2.0,0.428571428571429,"(-10886607.879087158, 3564342.2563896724)",0.988239805988648
1308,12,2.0,0.428571428571429,"(-10886607.879087158, 3564342.2563896724)",0.988239805988648
1308,13,2.0,0.571428571428571,"(-10886607.879087158, 3564342.2563896724)",0.988239805988648
1308,14,2.0,0.285714285714286,"(-10886607.879087158, 3564342.2563896724)",0.988239805988648
1308,15,2.0,0.142857142857143,"(-10886607.879087158, 3564342.2563896724)",0.988239805988648
1308,16,2.0,0.142857142857143,"(-10886607.879087158, 3564342.2563896724)",0.988239805988648
1308,17,2.0,0.0,"(-10886607.879087158, 3564342.2563896724)",0.988239805988648
1308,18,2.0,0.0,"(-10886607.879087158, 3564342.2563896724)",0.988239805988648
1308,19,2.0,0.142857142857143,"(-10886607.879087158, 3564342.2563896724)",0.988239805988648
1308,20,2.0,0.142857142857143,"(-10886607.879087158, 3564342.2563896724)",0.988239805988648
1308,21,2.0,0.142857142857143,"(-10886607.879087158, 3564342.2563896724)",0.988239805988648
1308,22,2.0,0.142857142857143,"(-10886607.879087158, 3564342.2563896724)",0.988239805988648
1308,23,2.0,0.0,"(-10886607.879087158, 3564342.2563896724)",0.988239805988648
1309,0,18.0,1.71428571428571,"(-10880332.242793685, 3553691.137472009)",1.0245154757722024
1309,1,18.0,2.14285714285714,"(-10880332.242793685, 3553691.137472009)",1.0245154757722024
1309,2,18.0,3.14285714285714,"(-10880332.242793685, 3553691.137472009)",1.0245154757722024
1309,3,18.0,5.14285714285714,"(-10880332.242793685, 3553691.137472009)",1.0245154757722024
1309,4,18.0,7.0,"(-10880332.242793685, 3553691.137472009)",1.0245154757722024
1309,5,18.0,5.85714285714286,"(-10880332.242793685, 3553691.137472009)",1.0245154757722024
1309,6,18.0,5.0,"(-10880332.242793685, 3553691.137472009)",1.0245154757722024
1309,7,18.0,4.14285714285714,"(-10880332.242793685, 3553691.137472009)",1.0245154757722024
1309,8,18.0,2.42857142857143,"(-10880332.242793685, 3553691.137472009)",1.0245154757722024
1309,9,18.0,1.57142857142857,"(-10880332.242793685, 3553691.137472009)",1.0245154757722024
1309,10,18.0,2.0,"(-10880332.242793685, 3553691.137472009)",1.0245154757722024
1309,11,18.0,2.57142857142857,"(-10880332.242793685, 3553691.137472009)",1.0245154757722024
1309,12,18.0,3.28571428571429,"(-10880332.242793685, 3553691.137472009)",1.0245154757722024
1309,13,18.0,4.28571428571429,"(-10880332.242793685, 3553691.137472009)",1.0245154757722024
1309,14,18.0,4.14285714285714,"(-10880332.242793685, 3553691.137472009)",1.0245154757722024
1309,15,18.0,3.85714285714286,"(-10880332.242793685, 3553691.137472009)",1.0245154757722024
1309,16,18.0,4.85714285714286,"(-10880332.242793685, 3553691.137472009)",1.0245154757722024
1309,17,18.0,4.28571428571429,"(-10880332.242793685, 3553691.137472009)",1.0245154757722024
1309,18,18.0,4.71428571428571,"(-10880332.242793685, 3553691.137472009)",1.0245154757722024
1309,19,18.0,6.28571428571429,"(-10880332.242793685, 3553691.137472009)",1.0245154757722024
1309,20,18.0,5.42857142857143,"(-10880332.242793685, 3553691.137472009)",1.0245154757722024
1309,21,18.0,5.71428571428571,"(-10880332.242793685, 3553691.137472009)",1.0245154757722024
1309,22,18.0,5.57142857142857,"(-10880332.242793685, 3553691.137472009)",1.0245154757722024
1309,23,18.0,2.85714285714286,"(-10880332.242793685, 3553691.137472009)",1.0245154757722024
1310,0,2.0,0.285714285714286,"(-10881403.692892572, 3561630.2074669055)",1.0245318471806661
1310,1,2.0,0.285714285714286,"(-10881403.692892572, 3561630.2074669055)",1.0245318471806661
1310,2,2.0,0.285714285714286,"(-10881403.692892572, 3561630.2074669055)",1.0245318471806661
1310,3,2.0,0.142857142857143,"(-10881403.692892572, 3561630.2074669055)",1.0245318471806661
1310,4,2.0,0.428571428571429,"(-10881403.692892572, 3561630.2074669055)",1.0245318471806661
1310,5,2.0,0.285714285714286,"(-10881403.692892572, 3561630.2074669055)",1.0245318471806661
1310,6,2.0,0.142857142857143,"(-10881403.692892572, 3561630.2074669055)",1.0245318471806661
1310,7,2.0,0.0,"(-10881403.692892572, 3561630.2074669055)",1.0245318471806661
1310,8,2.0,0.285714285714286,"(-10881403.692892572, 3561630.2074669055)",1.0245318471806661
1310,9,2.0,0.285714285714286,"(-10881403.692892572, 3561630.2074669055)",1.0245318471806661
1310,10,2.0,0.428571428571429,"(-10881403.692892572, 3561630.2074669055)",1.0245318471806661
1310,11,2.0,0.428571428571429,"(-10881403.692892572, 3561630.2074669055)",1.0245318471806661
1310,12,2.0,0.428571428571429,"(-10881403.692892572, 3561630.2074669055)",1.0245318471806661
1310,13,2.0,0.428571428571429,"(-10881403.692892572, 3561630.2074669055)",1.0245318471806661
1310,14,2.0,0.428571428571429,"(-10881403.692892572, 3561630.2074669055)",1.0245318471806661
1310,15,2.0,0.285714285714286,"(-10881403.692892572, 3561630.2074669055)",1.0245318471806661
1310,16,2.0,0.428571428571429,"(-10881403.692892572, 3561630.2074669055)",1.0245318471806661
1310,17,2.0,0.285714285714286,"(-10881403.692892572, 3561630.2074669055)",1.0245318471806661
1310,18,2.0,0.285714285714286,"(-10881403.692892572, 3561630.2074669055)",1.0245318471806661
1310,19,2.0,0.285714285714286,"(-10881403.692892572, 3561630.2074669055)",1.0245318471806661
1310,20,2.0,0.142857142857143,"(-10881403.692892572, 3561630.2074669055)",1.0245318471806661
1310,21,2.0,0.0,"(-10881403.692892572, 3561630.2074669055)",1.0245318471806661
1310,22,2.0,0.142857142857143,"(-10881403.692892572, 3561630.2074669055)",1.0245318471806661
1310,23,2.0,0.0,"(-10881403.692892572, 3561630.2074669055)",1.0245318471806661
1311,0,2.0,0.285714285714286,"(-10887331.455777312, 3551707.1511849826)",1.0203330738541405
1311,1,2.0,0.571428571428571,"(-10887331.455777312, 3551707.1511849826)",1.0203330738541405
1311,2,2.0,0.142857142857143,"(-10887331.455777312, 3551707.1511849826)",1.0203330738541405
1311,3,2.0,0.142857142857143,"(-10887331.455777312, 3551707.1511849826)",1.0203330738541405
1311,4,2.0,0.285714285714286,"(-10887331.455777312, 3551707.1511849826)",1.0203330738541405
1311,5,2.0,0.571428571428571,"(-10887331.455777312, 3551707.1511849826)",1.0203330738541405
1311,6,2.0,0.714285714285714,"(-10887331.455777312, 3551707.1511849826)",1.0203330738541405
1311,7,2.0,0.714285714285714,"(-10887331.455777312, 3551707.1511849826)",1.0203330738541405
1311,8,2.0,0.428571428571429,"(-10887331.455777312, 3551707.1511849826)",1.0203330738541405
1311,9,2.0,0.571428571428571,"(-10887331.455777312, 3551707.1511849826)",1.0203330738541405
1311,10,2.0,0.285714285714286,"(-10887331.455777312, 3551707.1511849826)",1.0203330738541405
1311,11,2.0,0.142857142857143,"(-10887331.455777312, 3551707.1511849826)",1.0203330738541405
1311,12,2.0,0.285714285714286,"(-10887331.455777312, 3551707.1511849826)",1.0203330738541405
1311,13,2.0,0.714285714285714,"(-10887331.455777312, 3551707.1511849826)",1.0203330738541405
1311,14,2.0,0.571428571428571,"(-10887331.455777312, 3551707.1511849826)",1.0203330738541405
1311,15,2.0,0.714285714285714,"(-10887331.455777312, 3551707.1511849826)",1.0203330738541405
1311,16,2.0,0.571428571428571,"(-10887331.455777312, 3551707.1511849826)",1.0203330738541405
1311,17,2.0,0.428571428571429,"(-10887331.455777312, 3551707.1511849826)",1.0203330738541405
1311,18,2.0,0.428571428571429,"(-10887331.455777312, 3551707.1511849826)",1.0203330738541405
1311,19,2.0,0.285714285714286,"(-10887331.455777312, 3551707.1511849826)",1.0203330738541405
1311,20,2.0,0.571428571428571,"(-10887331.455777312, 3551707.1511849826)",1.0203330738541405
1311,21,2.0,0.571428571428571,"(-10887331.455777312, 3551707.1511849826)",1.0203330738541405
1311,22,2.0,0.428571428571429,"(-10887331.455777312, 3551707.1511849826)",1.0203330738541405
1311,23,2.0,0.285714285714286,"(-10887331.455777312, 3551707.1511849826)",1.0203330738541405
1312,0,3.0,0.142857142857143,"(-10878732.025113532, 3554626.7840391384)",1.0266991373704648
1312,1,3.0,0.285714285714286,"(-10878732.025113532, 3554626.7840391384)",1.0266991373704648
1312,2,3.0,0.714285714285714,"(-10878732.025113532, 3554626.7840391384)",1.0266991373704648
1312,3,3.0,1.0,"(-10878732.025113532, 3554626.7840391384)",1.0266991373704648
1312,4,3.0,1.14285714285714,"(-10878732.025113532, 3554626.7840391384)",1.0266991373704648
1312,5,3.0,1.0,"(-10878732.025113532, 3554626.7840391384)",1.0266991373704648
1312,6,3.0,0.571428571428571,"(-10878732.025113532, 3554626.7840391384)",1.0266991373704648
1312,7,3.0,0.285714285714286,"(-10878732.025113532, 3554626.7840391384)",1.0266991373704648
1312,8,3.0,0.428571428571429,"(-10878732.025113532, 3554626.7840391384)",1.0266991373704648
1312,9,3.0,0.571428571428571,"(-10878732.025113532, 3554626.7840391384)",1.0266991373704648
1312,10,3.0,0.428571428571429,"(-10878732.025113532, 3554626.7840391384)",1.0266991373704648
1312,11,3.0,0.285714285714286,"(-10878732.025113532, 3554626.7840391384)",1.0266991373704648
1312,12,3.0,0.714285714285714,"(-10878732.025113532, 3554626.7840391384)",1.0266991373704648
1312,13,3.0,1.14285714285714,"(-10878732.025113532, 3554626.7840391384)",1.0266991373704648
1312,14,3.0,1.14285714285714,"(-10878732.025113532, 3554626.7840391384)",1.0266991373704648
1312,15,3.0,0.714285714285714,"(-10878732.025113532, 3554626.7840391384)",1.0266991373704648
1312,16,3.0,0.571428571428571,"(-10878732.025113532, 3554626.7840391384)",1.0266991373704648
1312,17,3.0,0.428571428571429,"(-10878732.025113532, 3554626.7840391384)",1.0266991373704648
1312,18,3.0,0.714285714285714,"(-10878732.025113532, 3554626.7840391384)",1.0266991373704648
1312,19,3.0,1.28571428571429,"(-10878732.025113532, 3554626.7840391384)",1.0266991373704648
1312,20,3.0,1.28571428571429,"(-10878732.025113532, 3554626.7840391384)",1.0266991373704648
1312,21,3.0,1.0,"(-10878732.025113532, 3554626.7840391384)",1.0266991373704648
1312,22,3.0,0.857142857142857,"(-10878732.025113532, 3554626.7840391384)",1.0266991373704648
1312,23,3.0,0.714285714285714,"(-10878732.025113532, 3554626.7840391384)",1.0266991373704648
1313,0,16.0,3.0,"(-10878732.025113532, 3556191.7274843166)",1.0266991373704648
1313,1,16.0,3.57142857142857,"(-10878732.025113532, 3556191.7274843166)",1.0266991373704648
1313,2,16.0,5.71428571428571,"(-10878732.025113532, 3556191.7274843166)",1.0266991373704648
1313,3,16.0,6.0,"(-10878732.025113532, 3556191.7274843166)",1.0266991373704648
1313,4,16.0,5.42857142857143,"(-10878732.025113532, 3556191.7274843166)",1.0266991373704648
1313,5,16.0,4.14285714285714,"(-10878732.025113532, 3556191.7274843166)",1.0266991373704648
1313,6,16.0,4.0,"(-10878732.025113532, 3556191.7274843166)",1.0266991373704648
1313,7,16.0,4.85714285714286,"(-10878732.025113532, 3556191.7274843166)",1.0266991373704648
1313,8,16.0,4.42857142857143,"(-10878732.025113532, 3556191.7274843166)",1.0266991373704648
1313,9,16.0,3.85714285714286,"(-10878732.025113532, 3556191.7274843166)",1.0266991373704648
1313,10,16.0,2.28571428571429,"(-10878732.025113532, 3556191.7274843166)",1.0266991373704648
1313,11,16.0,2.57142857142857,"(-10878732.025113532, 3556191.7274843166)",1.0266991373704648
1313,12,16.0,1.42857142857143,"(-10878732.025113532, 3556191.7274843166)",1.0266991373704648
1313,13,16.0,2.71428571428571,"(-10878732.025113532, 3556191.7274843166)",1.0266991373704648
1313,14,16.0,3.71428571428571,"(-10878732.025113532, 3556191.7274843166)",1.0266991373704648
1313,15,16.0,5.71428571428571,"(-10878732.025113532, 3556191.7274843166)",1.0266991373704648
1313,16,16.0,5.71428571428571,"(-10878732.025113532, 3556191.7274843166)",1.0266991373704648
1313,17,16.0,6.0,"(-10878732.025113532, 3556191.7274843166)",1.0266991373704648
1313,18,16.0,6.14285714285714,"(-10878732.025113532, 3556191.7274843166)",1.0266991373704648
1313,19,16.0,3.85714285714286,"(-10878732.025113532, 3556191.7274843166)",1.0266991373704648
1313,20,16.0,3.42857142857143,"(-10878732.025113532, 3556191.7274843166)",1.0266991373704648
1313,21,16.0,4.14285714285714,"(-10878732.025113532, 3556191.7274843166)",1.0266991373704648
1313,22,16.0,3.28571428571429,"(-10878732.025113532, 3556191.7274843166)",1.0266991373704648
1313,23,16.0,3.0,"(-10878732.025113532, 3556191.7274843166)",1.0266991373704648
1314,0,16.0,2.71428571428571,"(-10878662.450431786, 3555385.0313387047)",1.0266991373704648
1314,1,16.0,3.28571428571429,"(-10878662.450431786, 3555385.0313387047)",1.0266991373704648
1314,2,16.0,3.0,"(-10878662.450431786, 3555385.0313387047)",1.0266991373704648
1314,3,16.0,3.28571428571429,"(-10878662.450431786, 3555385.0313387047)",1.0266991373704648
1314,4,16.0,3.28571428571429,"(-10878662.450431786, 3555385.0313387047)",1.0266991373704648
1314,5,16.0,4.71428571428571,"(-10878662.450431786, 3555385.0313387047)",1.0266991373704648
1314,6,16.0,4.42857142857143,"(-10878662.450431786, 3555385.0313387047)",1.0266991373704648
1314,7,16.0,3.57142857142857,"(-10878662.450431786, 3555385.0313387047)",1.0266991373704648
1314,8,16.0,2.28571428571429,"(-10878662.450431786, 3555385.0313387047)",1.0266991373704648
1314,9,16.0,1.85714285714286,"(-10878662.450431786, 3555385.0313387047)",1.0266991373704648
1314,10,16.0,2.71428571428571,"(-10878662.450431786, 3555385.0313387047)",1.0266991373704648
1314,11,16.0,5.28571428571429,"(-10878662.450431786, 3555385.0313387047)",1.0266991373704648
1314,12,16.0,6.0,"(-10878662.450431786, 3555385.0313387047)",1.0266991373704648
1314,13,16.0,5.57142857142857,"(-10878662.450431786, 3555385.0313387047)",1.0266991373704648
1314,14,16.0,6.71428571428571,"(-10878662.450431786, 3555385.0313387047)",1.0266991373704648
1314,15,16.0,7.28571428571429,"(-10878662.450431786, 3555385.0313387047)",1.0266991373704648
1314,16,16.0,8.14285714285714,"(-10878662.450431786, 3555385.0313387047)",1.0266991373704648
1314,17,16.0,8.57142857142857,"(-10878662.450431786, 3555385.0313387047)",1.0266991373704648
1314,18,16.0,8.57142857142857,"(-10878662.450431786, 3555385.0313387047)",1.0266991373704648
1314,19,16.0,8.85714285714286,"(-10878662.450431786, 3555385.0313387047)",1.0266991373704648
1314,20,16.0,7.42857142857143,"(-10878662.450431786, 3555385.0313387047)",1.0266991373704648
1314,21,16.0,3.71428571428571,"(-10878662.450431786, 3555385.0313387047)",1.0266991373704648
1314,22,16.0,2.71428571428571,"(-10878662.450431786, 3555385.0313387047)",1.0266991373704648
1314,23,16.0,2.28571428571429,"(-10878662.450431786, 3555385.0313387047)",1.0266991373704648
1315,0,4.0,0.428571428571429,"(-10882057.694900982, 3558870.329149104)",1.0245318471806661
1315,1,4.0,0.714285714285714,"(-10882057.694900982, 3558870.329149104)",1.0245318471806661
1315,2,4.0,0.714285714285714,"(-10882057.694900982, 3558870.329149104)",1.0245318471806661
1315,3,4.0,0.428571428571429,"(-10882057.694900982, 3558870.329149104)",1.0245318471806661
1315,4,4.0,0.714285714285714,"(-10882057.694900982, 3558870.329149104)",1.0245318471806661
1315,5,4.0,0.714285714285714,"(-10882057.694900982, 3558870.329149104)",1.0245318471806661
1315,6,4.0,0.857142857142857,"(-10882057.694900982, 3558870.329149104)",1.0245318471806661
1315,7,4.0,1.28571428571429,"(-10882057.694900982, 3558870.329149104)",1.0245318471806661
1315,8,4.0,1.42857142857143,"(-10882057.694900982, 3558870.329149104)",1.0245318471806661
1315,9,4.0,1.57142857142857,"(-10882057.694900982, 3558870.329149104)",1.0245318471806661
1315,10,4.0,1.42857142857143,"(-10882057.694900982, 3558870.329149104)",1.0245318471806661
1315,11,4.0,1.14285714285714,"(-10882057.694900982, 3558870.329149104)",1.0245318471806661
1315,12,4.0,1.14285714285714,"(-10882057.694900982, 3558870.329149104)",1.0245318471806661
1315,13,4.0,0.857142857142857,"(-10882057.694900982, 3558870.329149104)",1.0245318471806661
1315,14,4.0,0.857142857142857,"(-10882057.694900982, 3558870.329149104)",1.0245318471806661
1315,15,4.0,1.0,"(-10882057.694900982, 3558870.329149104)",1.0245318471806661
1315,16,4.0,1.14285714285714,"(-10882057.694900982, 3558870.329149104)",1.0245318471806661
1315,17,4.0,1.28571428571429,"(-10882057.694900982, 3558870.329149104)",1.0245318471806661
1315,18,4.0,1.28571428571429,"(-10882057.694900982, 3558870.329149104)",1.0245318471806661
1315,19,4.0,0.857142857142857,"(-10882057.694900982, 3558870.329149104)",1.0245318471806661
1315,20,4.0,0.714285714285714,"(-10882057.694900982, 3558870.329149104)",1.0245318471806661
1315,21,4.0,0.571428571428571,"(-10882057.694900982, 3558870.329149104)",1.0245318471806661
1315,22,4.0,0.571428571428571,"(-10882057.694900982, 3558870.329149104)",1.0245318471806661
1315,23,4.0,0.428571428571429,"(-10882057.694900982, 3558870.329149104)",1.0245318471806661
1316,0,6.0,0.857142857142857,"(-10872275.494647522, 3530725.0146090416)",1.0342523602844744
1316,1,6.0,1.0,"(-10872275.494647522, 3530725.0146090416)",1.0342523602844744
1316,2,6.0,1.28571428571429,"(-10872275.494647522, 3530725.0146090416)",1.0342523602844744
1316,3,6.0,1.71428571428571,"(-10872275.494647522, 3530725.0146090416)",1.0342523602844744
1316,4,6.0,3.14285714285714,"(-10872275.494647522, 3530725.0146090416)",1.0342523602844744
1316,5,6.0,2.57142857142857,"(-10872275.494647522, 3530725.0146090416)",1.0342523602844744
1316,6,6.0,2.28571428571429,"(-10872275.494647522, 3530725.0146090416)",1.0342523602844744
1316,7,6.0,2.14285714285714,"(-10872275.494647522, 3530725.0146090416)",1.0342523602844744
1316,8,6.0,1.71428571428571,"(-10872275.494647522, 3530725.0146090416)",1.0342523602844744
1316,9,6.0,1.14285714285714,"(-10872275.494647522, 3530725.0146090416)",1.0342523602844744
1316,10,6.0,1.14285714285714,"(-10872275.494647522, 3530725.0146090416)",1.0342523602844744
1316,11,6.0,1.28571428571429,"(-10872275.494647522, 3530725.0146090416)",1.0342523602844744
1316,12,6.0,1.71428571428571,"(-10872275.494647522, 3530725.0146090416)",1.0342523602844744
1316,13,6.0,1.42857142857143,"(-10872275.494647522, 3530725.0146090416)",1.0342523602844744
1316,14,6.0,1.57142857142857,"(-10872275.494647522, 3530725.0146090416)",1.0342523602844744
1316,15,6.0,1.42857142857143,"(-10872275.494647522, 3530725.0146090416)",1.0342523602844744
1316,16,6.0,2.28571428571429,"(-10872275.494647522, 3530725.0146090416)",1.0342523602844744
1316,17,6.0,1.71428571428571,"(-10872275.494647522, 3530725.0146090416)",1.0342523602844744
1316,18,6.0,2.28571428571429,"(-10872275.494647522, 3530725.0146090416)",1.0342523602844744
1316,19,6.0,1.28571428571429,"(-10872275.494647522, 3530725.0146090416)",1.0342523602844744
1316,20,6.0,1.0,"(-10872275.494647522, 3530725.0146090416)",1.0342523602844744
1316,21,6.0,1.28571428571429,"(-10872275.494647522, 3530725.0146090416)",1.0342523602844744
1316,22,6.0,1.57142857142857,"(-10872275.494647522, 3530725.0146090416)",1.0342523602844744
1316,23,6.0,1.85714285714286,"(-10872275.494647522, 3530725.0146090416)",1.0342523602844744
1317,0,12.0,1.42857142857143,"(-10875684.654053066, 3542468.786879635)",1.0270271026538165
1317,1,12.0,1.42857142857143,"(-10875684.654053066, 3542468.786879635)",1.0270271026538165
1317,2,12.0,1.0,"(-10875684.654053066, 3542468.786879635)",1.0270271026538165
1317,3,12.0,1.71428571428571,"(-10875684.654053066, 3542468.786879635)",1.0270271026538165
1317,4,12.0,2.85714285714286,"(-10875684.654053066, 3542468.786879635)",1.0270271026538165
1317,5,12.0,1.71428571428571,"(-10875684.654053066, 3542468.786879635)",1.0270271026538165
1317,6,12.0,2.57142857142857,"(-10875684.654053066, 3542468.786879635)",1.0270271026538165
1317,7,12.0,3.0,"(-10875684.654053066, 3542468.786879635)",1.0270271026538165
1317,8,12.0,3.28571428571429,"(-10875684.654053066, 3542468.786879635)",1.0270271026538165
1317,9,12.0,3.85714285714286,"(-10875684.654053066, 3542468.786879635)",1.0270271026538165
1317,10,12.0,4.42857142857143,"(-10875684.654053066, 3542468.786879635)",1.0270271026538165
1317,11,12.0,4.0,"(-10875684.654053066, 3542468.786879635)",1.0270271026538165
1317,12,12.0,2.57142857142857,"(-10875684.654053066, 3542468.786879635)",1.0270271026538165
1317,13,12.0,2.57142857142857,"(-10875684.654053066, 3542468.786879635)",1.0270271026538165
1317,14,12.0,3.0,"(-10875684.654053066, 3542468.786879635)",1.0270271026538165
1317,15,12.0,2.85714285714286,"(-10875684.654053066, 3542468.786879635)",1.0270271026538165
1317,16,12.0,5.0,"(-10875684.654053066, 3542468.786879635)",1.0270271026538165
1317,17,12.0,6.14285714285714,"(-10875684.654053066, 3542468.786879635)",1.0270271026538165
1317,18,12.0,6.28571428571429,"(-10875684.654053066, 3542468.786879635)",1.0270271026538165
1317,19,12.0,6.14285714285714,"(-10875684.654053066, 3542468.786879635)",1.0270271026538165
1317,20,12.0,5.28571428571429,"(-10875684.654053066, 3542468.786879635)",1.0270271026538165
1317,21,12.0,3.57142857142857,"(-10875684.654053066, 3542468.786879635)",1.0270271026538165
1317,22,12.0,2.14285714285714,"(-10875684.654053066, 3542468.786879635)",1.0270271026538165
1317,23,12.0,1.28571428571429,"(-10875684.654053066, 3542468.786879635)",1.0270271026538165
1318,0,8.0,2.14285714285714,"(-10876616.954788461, 3545950.5180578455)",1.0241178054171889
1318,1,8.0,2.57142857142857,"(-10876616.954788461, 3545950.5180578455)",1.0241178054171889
1318,2,8.0,2.85714285714286,"(-10876616.954788461, 3545950.5180578455)",1.0241178054171889
1318,3,8.0,2.42857142857143,"(-10876616.954788461, 3545950.5180578455)",1.0241178054171889
1318,4,8.0,2.0,"(-10876616.954788461, 3545950.5180578455)",1.0241178054171889
1318,5,8.0,1.28571428571429,"(-10876616.954788461, 3545950.5180578455)",1.0241178054171889
1318,6,8.0,0.714285714285714,"(-10876616.954788461, 3545950.5180578455)",1.0241178054171889
1318,7,8.0,0.857142857142857,"(-10876616.954788461, 3545950.5180578455)",1.0241178054171889
1318,8,8.0,0.428571428571429,"(-10876616.954788461, 3545950.5180578455)",1.0241178054171889
1318,9,8.0,0.571428571428571,"(-10876616.954788461, 3545950.5180578455)",1.0241178054171889
1318,10,8.0,0.857142857142857,"(-10876616.954788461, 3545950.5180578455)",1.0241178054171889
1318,11,8.0,1.0,"(-10876616.954788461, 3545950.5180578455)",1.0241178054171889
1318,12,8.0,1.42857142857143,"(-10876616.954788461, 3545950.5180578455)",1.0241178054171889
1318,13,8.0,2.14285714285714,"(-10876616.954788461, 3545950.5180578455)",1.0241178054171889
1318,14,8.0,2.57142857142857,"(-10876616.954788461, 3545950.5180578455)",1.0241178054171889
1318,15,8.0,2.85714285714286,"(-10876616.954788461, 3545950.5180578455)",1.0241178054171889
1318,16,8.0,3.42857142857143,"(-10876616.954788461, 3545950.5180578455)",1.0241178054171889
1318,17,8.0,3.57142857142857,"(-10876616.954788461, 3545950.5180578455)",1.0241178054171889
1318,18,8.0,4.0,"(-10876616.954788461, 3545950.5180578455)",1.0241178054171889
1318,19,8.0,3.71428571428571,"(-10876616.954788461, 3545950.5180578455)",1.0241178054171889
1318,20,8.0,3.71428571428571,"(-10876616.954788461, 3545950.5180578455)",1.0241178054171889
1318,21,8.0,3.28571428571429,"(-10876616.954788461, 3545950.5180578455)",1.0241178054171889
1318,22,8.0,3.28571428571429,"(-10876616.954788461, 3545950.5180578455)",1.0241178054171889
1318,23,8.0,2.71428571428571,"(-10876616.954788461, 3545950.5180578455)",1.0241178054171889
1319,0,10.0,1.71428571428571,"(-10879692.155721623, 3537554.085844867)",1.0244001332610029
1319,1,10.0,1.14285714285714,"(-10879692.155721623, 3537554.085844867)",1.0244001332610029
1319,2,10.0,1.14285714285714,"(-10879692.155721623, 3537554.085844867)",1.0244001332610029
1319,3,10.0,0.571428571428571,"(-10879692.155721623, 3537554.085844867)",1.0244001332610029
1319,4,10.0,1.28571428571429,"(-10879692.155721623, 3537554.085844867)",1.0244001332610029
1319,5,10.0,1.42857142857143,"(-10879692.155721623, 3537554.085844867)",1.0244001332610029
1319,6,10.0,1.28571428571429,"(-10879692.155721623, 3537554.085844867)",1.0244001332610029
1319,7,10.0,1.14285714285714,"(-10879692.155721623, 3537554.085844867)",1.0244001332610029
1319,8,10.0,0.571428571428571,"(-10879692.155721623, 3537554.085844867)",1.0244001332610029
1319,9,10.0,0.571428571428571,"(-10879692.155721623, 3537554.085844867)",1.0244001332610029
1319,10,10.0,1.42857142857143,"(-10879692.155721623, 3537554.085844867)",1.0244001332610029
1319,11,10.0,2.57142857142857,"(-10879692.155721623, 3537554.085844867)",1.0244001332610029
1319,12,10.0,4.42857142857143,"(-10879692.155721623, 3537554.085844867)",1.0244001332610029
1319,13,10.0,4.42857142857143,"(-10879692.155721623, 3537554.085844867)",1.0244001332610029
1319,14,10.0,4.14285714285714,"(-10879692.155721623, 3537554.085844867)",1.0244001332610029
1319,15,10.0,2.85714285714286,"(-10879692.155721623, 3537554.085844867)",1.0244001332610029
1319,16,10.0,2.85714285714286,"(-10879692.155721623, 3537554.085844867)",1.0244001332610029
1319,17,10.0,2.28571428571429,"(-10879692.155721623, 3537554.085844867)",1.0244001332610029
1319,18,10.0,1.14285714285714,"(-10879692.155721623, 3537554.085844867)",1.0244001332610029
1319,19,10.0,0.857142857142857,"(-10879692.155721623, 3537554.085844867)",1.0244001332610029
1319,20,10.0,1.57142857142857,"(-10879692.155721623, 3537554.085844867)",1.0244001332610029
1319,21,10.0,2.0,"(-10879692.155721623, 3537554.085844867)",1.0244001332610029
1319,22,10.0,2.85714285714286,"(-10879692.155721623, 3537554.085844867)",1.0244001332610029
1319,23,10.0,3.0,"(-10879692.155721623, 3537554.085844867)",1.0244001332610029
1320,0,8.0,0.857142857142857,"(-10875128.056599101, 3547320.906907042)",1.0241178054171889
1320,1,8.0,0.857142857142857,"(-10875128.056599101, 3547320.906907042)",1.0241178054171889
1320,2,8.0,1.28571428571429,"(-10875128.056599101, 3547320.906907042)",1.0241178054171889
1320,3,8.0,1.42857142857143,"(-10875128.056599101, 3547320.906907042)",1.0241178054171889
1320,4,8.0,1.57142857142857,"(-10875128.056599101, 3547320.906907042)",1.0241178054171889
1320,5,8.0,1.42857142857143,"(-10875128.056599101, 3547320.906907042)",1.0241178054171889
1320,6,8.0,1.71428571428571,"(-10875128.056599101, 3547320.906907042)",1.0241178054171889
1320,7,8.0,2.14285714285714,"(-10875128.056599101, 3547320.906907042)",1.0241178054171889
1320,8,8.0,2.42857142857143,"(-10875128.056599101, 3547320.906907042)",1.0241178054171889
1320,9,8.0,3.28571428571429,"(-10875128.056599101, 3547320.906907042)",1.0241178054171889
1320,10,8.0,3.0,"(-10875128.056599101, 3547320.906907042)",1.0241178054171889
1320,11,8.0,2.0,"(-10875128.056599101, 3547320.906907042)",1.0241178054171889
1320,12,8.0,2.14285714285714,"(-10875128.056599101, 3547320.906907042)",1.0241178054171889
1320,13,8.0,2.28571428571429,"(-10875128.056599101, 3547320.906907042)",1.0241178054171889
1320,14,8.0,3.14285714285714,"(-10875128.056599101, 3547320.906907042)",1.0241178054171889
1320,15,8.0,3.0,"(-10875128.056599101, 3547320.906907042)",1.0241178054171889
1320,16,8.0,2.28571428571429,"(-10875128.056599101, 3547320.906907042)",1.0241178054171889
1320,17,8.0,1.57142857142857,"(-10875128.056599101, 3547320.906907042)",1.0241178054171889
1320,18,8.0,1.28571428571429,"(-10875128.056599101, 3547320.906907042)",1.0241178054171889
1320,19,8.0,1.28571428571429,"(-10875128.056599101, 3547320.906907042)",1.0241178054171889
1320,20,8.0,2.71428571428571,"(-10875128.056599101, 3547320.906907042)",1.0241178054171889
1320,21,8.0,2.71428571428571,"(-10875128.056599101, 3547320.906907042)",1.0241178054171889
1320,22,8.0,3.14285714285714,"(-10875128.056599101, 3547320.906907042)",1.0241178054171889
1320,23,8.0,2.0,"(-10875128.056599101, 3547320.906907042)",1.0241178054171889
1321,0,8.0,0.714285714285714,"(-10870438.723049434, 3530000.4471257045)",1.0342523602844744
1321,1,8.0,1.42857142857143,"(-10870438.723049434, 3530000.4471257045)",1.0342523602844744
1321,2,8.0,1.57142857142857,"(-10870438.723049434, 3530000.4471257045)",1.0342523602844744
1321,3,8.0,2.14285714285714,"(-10870438.723049434, 3530000.4471257045)",1.0342523602844744
1321,4,8.0,1.85714285714286,"(-10870438.723049434, 3530000.4471257045)",1.0342523602844744
1321,5,8.0,2.0,"(-10870438.723049434, 3530000.4471257045)",1.0342523602844744
1321,6,8.0,1.57142857142857,"(-10870438.723049434, 3530000.4471257045)",1.0342523602844744
1321,7,8.0,1.14285714285714,"(-10870438.723049434, 3530000.4471257045)",1.0342523602844744
1321,8,8.0,1.42857142857143,"(-10870438.723049434, 3530000.4471257045)",1.0342523602844744
1321,9,8.0,1.85714285714286,"(-10870438.723049434, 3530000.4471257045)",1.0342523602844744
1321,10,8.0,2.28571428571429,"(-10870438.723049434, 3530000.4471257045)",1.0342523602844744
1321,11,8.0,2.0,"(-10870438.723049434, 3530000.4471257045)",1.0342523602844744
1321,12,8.0,1.42857142857143,"(-10870438.723049434, 3530000.4471257045)",1.0342523602844744
1321,13,8.0,1.14285714285714,"(-10870438.723049434, 3530000.4471257045)",1.0342523602844744
1321,14,8.0,0.857142857142857,"(-10870438.723049434, 3530000.4471257045)",1.0342523602844744
1321,15,8.0,0.857142857142857,"(-10870438.723049434, 3530000.4471257045)",1.0342523602844744
1321,16,8.0,0.714285714285714,"(-10870438.723049434, 3530000.4471257045)",1.0342523602844744
1321,17,8.0,1.0,"(-10870438.723049434, 3530000.4471257045)",1.0342523602844744
1321,18,8.0,1.0,"(-10870438.723049434, 3530000.4471257045)",1.0342523602844744
1321,19,8.0,1.0,"(-10870438.723049434, 3530000.4471257045)",1.0342523602844744
1321,20,8.0,1.0,"(-10870438.723049434, 3530000.4471257045)",1.0342523602844744
1321,21,8.0,1.0,"(-10870438.723049434, 3530000.4471257045)",1.0342523602844744
1321,22,8.0,0.857142857142857,"(-10870438.723049434, 3530000.4471257045)",1.0342523602844744
1321,23,8.0,0.428571428571429,"(-10870438.723049434, 3530000.4471257045)",1.0342523602844744
1322,0,8.0,1.42857142857143,"(-10872484.21869276, 3529871.6394641856)",1.0342523602844744
1322,1,8.0,0.714285714285714,"(-10872484.21869276, 3529871.6394641856)",1.0342523602844744
1322,2,8.0,0.857142857142857,"(-10872484.21869276, 3529871.6394641856)",1.0342523602844744
1322,3,8.0,1.0,"(-10872484.21869276, 3529871.6394641856)",1.0342523602844744
1322,4,8.0,1.14285714285714,"(-10872484.21869276, 3529871.6394641856)",1.0342523602844744
1322,5,8.0,1.28571428571429,"(-10872484.21869276, 3529871.6394641856)",1.0342523602844744
1322,6,8.0,3.0,"(-10872484.21869276, 3529871.6394641856)",1.0342523602844744
1322,7,8.0,2.42857142857143,"(-10872484.21869276, 3529871.6394641856)",1.0342523602844744
1322,8,8.0,2.28571428571429,"(-10872484.21869276, 3529871.6394641856)",1.0342523602844744
1322,9,8.0,1.71428571428571,"(-10872484.21869276, 3529871.6394641856)",1.0342523602844744
1322,10,8.0,2.14285714285714,"(-10872484.21869276, 3529871.6394641856)",1.0342523602844744
1322,11,8.0,1.28571428571429,"(-10872484.21869276, 3529871.6394641856)",1.0342523602844744
1322,12,8.0,1.0,"(-10872484.21869276, 3529871.6394641856)",1.0342523602844744
1322,13,8.0,2.0,"(-10872484.21869276, 3529871.6394641856)",1.0342523602844744
1322,14,8.0,3.42857142857143,"(-10872484.21869276, 3529871.6394641856)",1.0342523602844744
1322,15,8.0,2.85714285714286,"(-10872484.21869276, 3529871.6394641856)",1.0342523602844744
1322,16,8.0,3.42857142857143,"(-10872484.21869276, 3529871.6394641856)",1.0342523602844744
1322,17,8.0,1.85714285714286,"(-10872484.21869276, 3529871.6394641856)",1.0342523602844744
1322,18,8.0,2.0,"(-10872484.21869276, 3529871.6394641856)",1.0342523602844744
1322,19,8.0,1.42857142857143,"(-10872484.21869276, 3529871.6394641856)",1.0342523602844744
1322,20,8.0,1.0,"(-10872484.21869276, 3529871.6394641856)",1.0342523602844744
1322,21,8.0,0.857142857142857,"(-10872484.21869276, 3529871.6394641856)",1.0342523602844744
1322,22,8.0,1.14285714285714,"(-10872484.21869276, 3529871.6394641856)",1.0342523602844744
1322,23,8.0,1.71428571428571,"(-10872484.21869276, 3529871.6394641856)",1.0342523602844744
1323,0,4.0,0.285714285714286,"(-10843276.767295875, 3549094.5721136555)",1.0075900411062544
1323,1,4.0,0.142857142857143,"(-10843276.767295875, 3549094.5721136555)",1.0075900411062544
1323,2,4.0,0.142857142857143,"(-10843276.767295875, 3549094.5721136555)",1.0075900411062544
1323,3,4.0,0.428571428571429,"(-10843276.767295875, 3549094.5721136555)",1.0075900411062544
1323,4,4.0,0.571428571428571,"(-10843276.767295875, 3549094.5721136555)",1.0075900411062544
1323,5,4.0,0.285714285714286,"(-10843276.767295875, 3549094.5721136555)",1.0075900411062544
1323,6,4.0,0.428571428571429,"(-10843276.767295875, 3549094.5721136555)",1.0075900411062544
1323,7,4.0,0.571428571428571,"(-10843276.767295875, 3549094.5721136555)",1.0075900411062544
1323,8,4.0,0.857142857142857,"(-10843276.767295875, 3549094.5721136555)",1.0075900411062544
1323,9,4.0,0.857142857142857,"(-10843276.767295875, 3549094.5721136555)",1.0075900411062544
1323,10,4.0,1.0,"(-10843276.767295875, 3549094.5721136555)",1.0075900411062544
1323,11,4.0,0.714285714285714,"(-10843276.767295875, 3549094.5721136555)",1.0075900411062544
1323,12,4.0,0.428571428571429,"(-10843276.767295875, 3549094.5721136555)",1.0075900411062544
1323,13,4.0,0.285714285714286,"(-10843276.767295875, 3549094.5721136555)",1.0075900411062544
1323,14,4.0,0.714285714285714,"(-10843276.767295875, 3549094.5721136555)",1.0075900411062544
1323,15,4.0,1.14285714285714,"(-10843276.767295875, 3549094.5721136555)",1.0075900411062544
1323,16,4.0,1.57142857142857,"(-10843276.767295875, 3549094.5721136555)",1.0075900411062544
1323,17,4.0,1.57142857142857,"(-10843276.767295875, 3549094.5721136555)",1.0075900411062544
1323,18,4.0,1.0,"(-10843276.767295875, 3549094.5721136555)",1.0075900411062544
1323,19,4.0,1.0,"(-10843276.767295875, 3549094.5721136555)",1.0075900411062544
1323,20,4.0,0.571428571428571,"(-10843276.767295875, 3549094.5721136555)",1.0075900411062544
1323,21,4.0,0.714285714285714,"(-10843276.767295875, 3549094.5721136555)",1.0075900411062544
1323,22,4.0,0.714285714285714,"(-10843276.767295875, 3549094.5721136555)",1.0075900411062544
1323,23,4.0,0.428571428571429,"(-10843276.767295875, 3549094.5721136555)",1.0075900411062544
1324,0,4.0,0.714285714285714,"(-10871551.917957367, 3530531.792563925)",1.0342523602844744
1324,1,4.0,0.428571428571429,"(-10871551.917957367, 3530531.792563925)",1.0342523602844744
1324,2,4.0,0.142857142857143,"(-10871551.917957367, 3530531.792563925)",1.0342523602844744
1324,3,4.0,0.0,"(-10871551.917957367, 3530531.792563925)",1.0342523602844744
1324,4,4.0,0.142857142857143,"(-10871551.917957367, 3530531.792563925)",1.0342523602844744
1324,5,4.0,0.285714285714286,"(-10871551.917957367, 3530531.792563925)",1.0342523602844744
1324,6,4.0,0.857142857142857,"(-10871551.917957367, 3530531.792563925)",1.0342523602844744
1324,7,4.0,1.28571428571429,"(-10871551.917957367, 3530531.792563925)",1.0342523602844744
1324,8,4.0,1.14285714285714,"(-10871551.917957367, 3530531.792563925)",1.0342523602844744
1324,9,4.0,0.857142857142857,"(-10871551.917957367, 3530531.792563925)",1.0342523602844744
1324,10,4.0,0.428571428571429,"(-10871551.917957367, 3530531.792563925)",1.0342523602844744
1324,11,4.0,0.428571428571429,"(-10871551.917957367, 3530531.792563925)",1.0342523602844744
1324,12,4.0,0.857142857142857,"(-10871551.917957367, 3530531.792563925)",1.0342523602844744
1324,13,4.0,0.571428571428571,"(-10871551.917957367, 3530531.792563925)",1.0342523602844744
1324,14,4.0,0.428571428571429,"(-10871551.917957367, 3530531.792563925)",1.0342523602844744
1324,15,4.0,0.857142857142857,"(-10871551.917957367, 3530531.792563925)",1.0342523602844744
1324,16,4.0,1.42857142857143,"(-10871551.917957367, 3530531.792563925)",1.0342523602844744
1324,17,4.0,1.42857142857143,"(-10871551.917957367, 3530531.792563925)",1.0342523602844744
1324,18,4.0,0.857142857142857,"(-10871551.917957367, 3530531.792563925)",1.0342523602844744
1324,19,4.0,0.571428571428571,"(-10871551.917957367, 3530531.792563925)",1.0342523602844744
1324,20,4.0,0.714285714285714,"(-10871551.917957367, 3530531.792563925)",1.0342523602844744
1324,21,4.0,0.714285714285714,"(-10871551.917957367, 3530531.792563925)",1.0342523602844744
1324,22,4.0,1.0,"(-10871551.917957367, 3530531.792563925)",1.0342523602844744
1324,23,4.0,1.57142857142857,"(-10871551.917957367, 3530531.792563925)",1.0342523602844744
1325,0,11.0,2.42857142857143,"(-10879065.983585913, 3537473.53288019)",1.0255647935057728
1325,1,11.0,1.85714285714286,"(-10879065.983585913, 3537473.53288019)",1.0255647935057728
1325,2,11.0,2.28571428571429,"(-10879065.983585913, 3537473.53288019)",1.0255647935057728
1325,3,11.0,3.0,"(-10879065.983585913, 3537473.53288019)",1.0255647935057728
1325,4,11.0,3.57142857142857,"(-10879065.983585913, 3537473.53288019)",1.0255647935057728
1325,5,11.0,4.28571428571429,"(-10879065.983585913, 3537473.53288019)",1.0255647935057728
1325,6,11.0,2.42857142857143,"(-10879065.983585913, 3537473.53288019)",1.0255647935057728
1325,7,11.0,1.42857142857143,"(-10879065.983585913, 3537473.53288019)",1.0255647935057728
1325,8,11.0,0.714285714285714,"(-10879065.983585913, 3537473.53288019)",1.0255647935057728
1325,9,11.0,1.0,"(-10879065.983585913, 3537473.53288019)",1.0255647935057728
1325,10,11.0,0.571428571428571,"(-10879065.983585913, 3537473.53288019)",1.0255647935057728
1325,11,11.0,0.571428571428571,"(-10879065.983585913, 3537473.53288019)",1.0255647935057728
1325,12,11.0,1.57142857142857,"(-10879065.983585913, 3537473.53288019)",1.0255647935057728
1325,13,11.0,2.0,"(-10879065.983585913, 3537473.53288019)",1.0255647935057728
1325,14,11.0,1.57142857142857,"(-10879065.983585913, 3537473.53288019)",1.0255647935057728
1325,15,11.0,1.85714285714286,"(-10879065.983585913, 3537473.53288019)",1.0255647935057728
1325,16,11.0,2.28571428571429,"(-10879065.983585913, 3537473.53288019)",1.0255647935057728
1325,17,11.0,1.85714285714286,"(-10879065.983585913, 3537473.53288019)",1.0255647935057728
1325,18,11.0,2.71428571428571,"(-10879065.983585913, 3537473.53288019)",1.0255647935057728
1325,19,11.0,2.85714285714286,"(-10879065.983585913, 3537473.53288019)",1.0255647935057728
1325,20,11.0,3.0,"(-10879065.983585913, 3537473.53288019)",1.0255647935057728
1325,21,11.0,1.28571428571429,"(-10879065.983585913, 3537473.53288019)",1.0255647935057728
1325,22,11.0,1.14285714285714,"(-10879065.983585913, 3537473.53288019)",1.0255647935057728
1325,23,11.0,1.14285714285714,"(-10879065.983585913, 3537473.53288019)",1.0255647935057728
1326,0,8.0,2.28571428571429,"(-10879149.473204007, 3534670.608978566)",1.0255647935057728
1326,1,8.0,3.14285714285714,"(-10879149.473204007, 3534670.608978566)",1.0255647935057728
1326,2,8.0,3.28571428571429,"(-10879149.473204007, 3534670.608978566)",1.0255647935057728
1326,3,8.0,2.71428571428571,"(-10879149.473204007, 3534670.608978566)",1.0255647935057728
1326,4,8.0,1.85714285714286,"(-10879149.473204007, 3534670.608978566)",1.0255647935057728
1326,5,8.0,2.71428571428571,"(-10879149.473204007, 3534670.608978566)",1.0255647935057728
1326,6,8.0,3.85714285714286,"(-10879149.473204007, 3534670.608978566)",1.0255647935057728
1326,7,8.0,2.57142857142857,"(-10879149.473204007, 3534670.608978566)",1.0255647935057728
1326,8,8.0,0.857142857142857,"(-10879149.473204007, 3534670.608978566)",1.0255647935057728
1326,9,8.0,1.28571428571429,"(-10879149.473204007, 3534670.608978566)",1.0255647935057728
1326,10,8.0,1.28571428571429,"(-10879149.473204007, 3534670.608978566)",1.0255647935057728
1326,11,8.0,1.14285714285714,"(-10879149.473204007, 3534670.608978566)",1.0255647935057728
1326,12,8.0,0.857142857142857,"(-10879149.473204007, 3534670.608978566)",1.0255647935057728
1326,13,8.0,1.85714285714286,"(-10879149.473204007, 3534670.608978566)",1.0255647935057728
1326,14,8.0,1.85714285714286,"(-10879149.473204007, 3534670.608978566)",1.0255647935057728
1326,15,8.0,2.85714285714286,"(-10879149.473204007, 3534670.608978566)",1.0255647935057728
1326,16,8.0,2.28571428571429,"(-10879149.473204007, 3534670.608978566)",1.0255647935057728
1326,17,8.0,2.71428571428571,"(-10879149.473204007, 3534670.608978566)",1.0255647935057728
1326,18,8.0,2.42857142857143,"(-10879149.473204007, 3534670.608978566)",1.0255647935057728
1326,19,8.0,2.85714285714286,"(-10879149.473204007, 3534670.608978566)",1.0255647935057728
1326,20,8.0,4.57142857142857,"(-10879149.473204007, 3534670.608978566)",1.0255647935057728
1326,21,8.0,3.14285714285714,"(-10879149.473204007, 3534670.608978566)",1.0255647935057728
1326,22,8.0,2.85714285714286,"(-10879149.473204007, 3534670.608978566)",1.0255647935057728
1326,23,8.0,1.57142857142857,"(-10879149.473204007, 3534670.608978566)",1.0255647935057728
1327,0,2.0,0.428571428571429,"(-10879191.218013056, 3533382.1165159084)",1.0244001332610029
1327,1,2.0,0.714285714285714,"(-10879191.218013056, 3533382.1165159084)",1.0244001332610029
1327,2,2.0,0.428571428571429,"(-10879191.218013056, 3533382.1165159084)",1.0244001332610029
1327,3,2.0,0.428571428571429,"(-10879191.218013056, 3533382.1165159084)",1.0244001332610029
1327,4,2.0,0.285714285714286,"(-10879191.218013056, 3533382.1165159084)",1.0244001332610029
1327,5,2.0,0.285714285714286,"(-10879191.218013056, 3533382.1165159084)",1.0244001332610029
1327,6,2.0,0.0,"(-10879191.218013056, 3533382.1165159084)",1.0244001332610029
1327,7,2.0,0.142857142857143,"(-10879191.218013056, 3533382.1165159084)",1.0244001332610029
1327,8,2.0,0.428571428571429,"(-10879191.218013056, 3533382.1165159084)",1.0244001332610029
1327,9,2.0,0.142857142857143,"(-10879191.218013056, 3533382.1165159084)",1.0244001332610029
1327,10,2.0,0.142857142857143,"(-10879191.218013056, 3533382.1165159084)",1.0244001332610029
1327,11,2.0,0.428571428571429,"(-10879191.218013056, 3533382.1165159084)",1.0244001332610029
1327,12,2.0,0.428571428571429,"(-10879191.218013056, 3533382.1165159084)",1.0244001332610029
1327,13,2.0,0.714285714285714,"(-10879191.218013056, 3533382.1165159084)",1.0244001332610029
1327,14,2.0,0.428571428571429,"(-10879191.218013056, 3533382.1165159084)",1.0244001332610029
1327,15,2.0,0.285714285714286,"(-10879191.218013056, 3533382.1165159084)",1.0244001332610029
1327,16,2.0,0.285714285714286,"(-10879191.218013056, 3533382.1165159084)",1.0244001332610029
1327,17,2.0,0.285714285714286,"(-10879191.218013056, 3533382.1165159084)",1.0244001332610029
1327,18,2.0,0.142857142857143,"(-10879191.218013056, 3533382.1165159084)",1.0244001332610029
1327,19,2.0,0.0,"(-10879191.218013056, 3533382.1165159084)",1.0244001332610029
1327,20,2.0,0.142857142857143,"(-10879191.218013056, 3533382.1165159084)",1.0244001332610029
1327,21,2.0,0.142857142857143,"(-10879191.218013056, 3533382.1165159084)",1.0244001332610029
1327,22,2.0,0.142857142857143,"(-10879191.218013056, 3533382.1165159084)",1.0244001332610029
1327,23,2.0,0.285714285714286,"(-10879191.218013056, 3533382.1165159084)",1.0244001332610029
1328,0,6.0,0.428571428571429,"(-10878523.301068297, 3537231.8770624017)",1.0255647935057728
1328,1,6.0,0.142857142857143,"(-10878523.301068297, 3537231.8770624017)",1.0255647935057728
1328,2,6.0,0.857142857142857,"(-10878523.301068297, 3537231.8770624017)",1.0255647935057728
1328,3,6.0,1.71428571428571,"(-10878523.301068297, 3537231.8770624017)",1.0255647935057728
1328,4,6.0,2.71428571428571,"(-10878523.301068297, 3537231.8770624017)",1.0255647935057728
1328,5,6.0,1.85714285714286,"(-10878523.301068297, 3537231.8770624017)",1.0255647935057728
1328,6,6.0,1.42857142857143,"(-10878523.301068297, 3537231.8770624017)",1.0255647935057728
1328,7,6.0,0.857142857142857,"(-10878523.301068297, 3537231.8770624017)",1.0255647935057728
1328,8,6.0,1.14285714285714,"(-10878523.301068297, 3537231.8770624017)",1.0255647935057728
1328,9,6.0,0.571428571428571,"(-10878523.301068297, 3537231.8770624017)",1.0255647935057728
1328,10,6.0,1.14285714285714,"(-10878523.301068297, 3537231.8770624017)",1.0255647935057728
1328,11,6.0,0.857142857142857,"(-10878523.301068297, 3537231.8770624017)",1.0255647935057728
1328,12,6.0,1.0,"(-10878523.301068297, 3537231.8770624017)",1.0255647935057728
1328,13,6.0,0.285714285714286,"(-10878523.301068297, 3537231.8770624017)",1.0255647935057728
1328,14,6.0,0.142857142857143,"(-10878523.301068297, 3537231.8770624017)",1.0255647935057728
1328,15,6.0,0.142857142857143,"(-10878523.301068297, 3537231.8770624017)",1.0255647935057728
1328,16,6.0,0.142857142857143,"(-10878523.301068297, 3537231.8770624017)",1.0255647935057728
1328,17,6.0,0.428571428571429,"(-10878523.301068297, 3537231.8770624017)",1.0255647935057728
1328,18,6.0,1.0,"(-10878523.301068297, 3537231.8770624017)",1.0255647935057728
1328,19,6.0,1.0,"(-10878523.301068297, 3537231.8770624017)",1.0255647935057728
1328,20,6.0,1.14285714285714,"(-10878523.301068297, 3537231.8770624017)",1.0255647935057728
1328,21,6.0,1.57142857142857,"(-10878523.301068297, 3537231.8770624017)",1.0255647935057728
1328,22,6.0,1.14285714285714,"(-10878523.301068297, 3537231.8770624017)",1.0255647935057728
1328,23,6.0,1.14285714285714,"(-10878523.301068297, 3537231.8770624017)",1.0255647935057728
1329,0,24.0,6.28571428571429,"(-10877243.126924174, 3545450.766184356)",1.0241178054171889
1329,1,24.0,4.71428571428571,"(-10877243.126924174, 3545450.766184356)",1.0241178054171889
1329,2,24.0,4.14285714285714,"(-10877243.126924174, 3545450.766184356)",1.0241178054171889
1329,3,24.0,4.42857142857143,"(-10877243.126924174, 3545450.766184356)",1.0241178054171889
1329,4,24.0,5.42857142857143,"(-10877243.126924174, 3545450.766184356)",1.0241178054171889
1329,5,24.0,5.57142857142857,"(-10877243.126924174, 3545450.766184356)",1.0241178054171889
1329,6,24.0,5.85714285714286,"(-10877243.126924174, 3545450.766184356)",1.0241178054171889
1329,7,24.0,3.42857142857143,"(-10877243.126924174, 3545450.766184356)",1.0241178054171889
1329,8,24.0,3.28571428571429,"(-10877243.126924174, 3545450.766184356)",1.0241178054171889
1329,9,24.0,2.42857142857143,"(-10877243.126924174, 3545450.766184356)",1.0241178054171889
1329,10,24.0,5.0,"(-10877243.126924174, 3545450.766184356)",1.0241178054171889
1329,11,24.0,4.14285714285714,"(-10877243.126924174, 3545450.766184356)",1.0241178054171889
1329,12,24.0,6.71428571428571,"(-10877243.126924174, 3545450.766184356)",1.0241178054171889
1329,13,24.0,5.57142857142857,"(-10877243.126924174, 3545450.766184356)",1.0241178054171889
1329,14,24.0,5.85714285714286,"(-10877243.126924174, 3545450.766184356)",1.0241178054171889
1329,15,24.0,6.57142857142857,"(-10877243.126924174, 3545450.766184356)",1.0241178054171889
1329,16,24.0,5.85714285714286,"(-10877243.126924174, 3545450.766184356)",1.0241178054171889
1329,17,24.0,8.57142857142857,"(-10877243.126924174, 3545450.766184356)",1.0241178054171889
1329,18,24.0,6.85714285714286,"(-10877243.126924174, 3545450.766184356)",1.0241178054171889
1329,19,24.0,8.0,"(-10877243.126924174, 3545450.766184356)",1.0241178054171889
1329,20,24.0,5.71428571428571,"(-10877243.126924174, 3545450.766184356)",1.0241178054171889
1329,21,24.0,6.42857142857143,"(-10877243.126924174, 3545450.766184356)",1.0241178054171889
1329,22,24.0,5.0,"(-10877243.126924174, 3545450.766184356)",1.0241178054171889
1329,23,24.0,6.42857142857143,"(-10877243.126924174, 3545450.766184356)",1.0241178054171889
1330,0,8.0,2.14285714285714,"(-10879010.323840516, 3537151.3261485)",1.0255647935057728
1330,1,8.0,1.85714285714286,"(-10879010.323840516, 3537151.3261485)",1.0255647935057728
1330,2,8.0,1.71428571428571,"(-10879010.323840516, 3537151.3261485)",1.0255647935057728
1330,3,8.0,1.0,"(-10879010.323840516, 3537151.3261485)",1.0255647935057728
1330,4,8.0,1.57142857142857,"(-10879010.323840516, 3537151.3261485)",1.0255647935057728
1330,5,8.0,2.14285714285714,"(-10879010.323840516, 3537151.3261485)",1.0255647935057728
1330,6,8.0,1.71428571428571,"(-10879010.323840516, 3537151.3261485)",1.0255647935057728
1330,7,8.0,1.14285714285714,"(-10879010.323840516, 3537151.3261485)",1.0255647935057728
1330,8,8.0,1.14285714285714,"(-10879010.323840516, 3537151.3261485)",1.0255647935057728
1330,9,8.0,1.0,"(-10879010.323840516, 3537151.3261485)",1.0255647935057728
1330,10,8.0,1.14285714285714,"(-10879010.323840516, 3537151.3261485)",1.0255647935057728
1330,11,8.0,1.14285714285714,"(-10879010.323840516, 3537151.3261485)",1.0255647935057728
1330,12,8.0,1.57142857142857,"(-10879010.323840516, 3537151.3261485)",1.0255647935057728
1330,13,8.0,3.14285714285714,"(-10879010.323840516, 3537151.3261485)",1.0255647935057728
1330,14,8.0,3.42857142857143,"(-10879010.323840516, 3537151.3261485)",1.0255647935057728
1330,15,8.0,3.42857142857143,"(-10879010.323840516, 3537151.3261485)",1.0255647935057728
1330,16,8.0,1.85714285714286,"(-10879010.323840516, 3537151.3261485)",1.0255647935057728
1330,17,8.0,1.14285714285714,"(-10879010.323840516, 3537151.3261485)",1.0255647935057728
1330,18,8.0,0.714285714285714,"(-10879010.323840516, 3537151.3261485)",1.0255647935057728
1330,19,8.0,1.28571428571429,"(-10879010.323840516, 3537151.3261485)",1.0255647935057728
1330,20,8.0,2.0,"(-10879010.323840516, 3537151.3261485)",1.0255647935057728
1330,21,8.0,2.57142857142857,"(-10879010.323840516, 3537151.3261485)",1.0255647935057728
1330,22,8.0,2.42857142857143,"(-10879010.323840516, 3537151.3261485)",1.0255647935057728
1330,23,8.0,1.57142857142857,"(-10879010.323840516, 3537151.3261485)",1.0255647935057728
1331,0,2.0,0.142857142857143,"(-10870550.042540228, 3552594.2609457094)",1.027270681743056
1331,1,2.0,0.0,"(-10870550.042540228, 3552594.2609457094)",1.027270681743056
1331,2,2.0,0.285714285714286,"(-10870550.042540228, 3552594.2609457094)",1.027270681743056
1331,3,2.0,0.142857142857143,"(-10870550.042540228, 3552594.2609457094)",1.027270681743056
1331,4,2.0,0.571428571428571,"(-10870550.042540228, 3552594.2609457094)",1.027270681743056
1331,5,2.0,0.571428571428571,"(-10870550.042540228, 3552594.2609457094)",1.027270681743056
1331,6,2.0,0.285714285714286,"(-10870550.042540228, 3552594.2609457094)",1.027270681743056
1331,7,2.0,0.142857142857143,"(-10870550.042540228, 3552594.2609457094)",1.027270681743056
1331,8,2.0,0.142857142857143,"(-10870550.042540228, 3552594.2609457094)",1.027270681743056
1331,9,2.0,0.428571428571429,"(-10870550.042540228, 3552594.2609457094)",1.027270681743056
1331,10,2.0,0.285714285714286,"(-10870550.042540228, 3552594.2609457094)",1.027270681743056
1331,11,2.0,0.142857142857143,"(-10870550.042540228, 3552594.2609457094)",1.027270681743056
1331,12,2.0,0.285714285714286,"(-10870550.042540228, 3552594.2609457094)",1.027270681743056
1331,13,2.0,0.428571428571429,"(-10870550.042540228, 3552594.2609457094)",1.027270681743056
1331,14,2.0,0.428571428571429,"(-10870550.042540228, 3552594.2609457094)",1.027270681743056
1331,15,2.0,0.428571428571429,"(-10870550.042540228, 3552594.2609457094)",1.027270681743056
1331,16,2.0,0.285714285714286,"(-10870550.042540228, 3552594.2609457094)",1.027270681743056
1331,17,2.0,0.285714285714286,"(-10870550.042540228, 3552594.2609457094)",1.027270681743056
1331,18,2.0,0.142857142857143,"(-10870550.042540228, 3552594.2609457094)",1.027270681743056
1331,19,2.0,0.0,"(-10870550.042540228, 3552594.2609457094)",1.027270681743056
1331,20,2.0,0.285714285714286,"(-10870550.042540228, 3552594.2609457094)",1.027270681743056
1331,21,2.0,0.142857142857143,"(-10870550.042540228, 3552594.2609457094)",1.027270681743056
1331,22,2.0,0.142857142857143,"(-10870550.042540228, 3552594.2609457094)",1.027270681743056
1331,23,2.0,0.285714285714286,"(-10870550.042540228, 3552594.2609457094)",1.027270681743056
1332,0,2.0,0.0,"(-10879288.622567499, 3534509.5402518837)",1.0244001332610029
1332,1,2.0,0.142857142857143,"(-10879288.622567499, 3534509.5402518837)",1.0244001332610029
1332,2,2.0,0.142857142857143,"(-10879288.622567499, 3534509.5402518837)",1.0244001332610029
1332,3,2.0,0.285714285714286,"(-10879288.622567499, 3534509.5402518837)",1.0244001332610029
1332,4,2.0,0.571428571428571,"(-10879288.622567499, 3534509.5402518837)",1.0244001332610029
1332,5,2.0,0.285714285714286,"(-10879288.622567499, 3534509.5402518837)",1.0244001332610029
1332,6,2.0,0.285714285714286,"(-10879288.622567499, 3534509.5402518837)",1.0244001332610029
1332,7,2.0,0.142857142857143,"(-10879288.622567499, 3534509.5402518837)",1.0244001332610029
1332,8,2.0,0.428571428571429,"(-10879288.622567499, 3534509.5402518837)",1.0244001332610029
1332,9,2.0,0.285714285714286,"(-10879288.622567499, 3534509.5402518837)",1.0244001332610029
1332,10,2.0,0.0,"(-10879288.622567499, 3534509.5402518837)",1.0244001332610029
1332,11,2.0,0.0,"(-10879288.622567499, 3534509.5402518837)",1.0244001332610029
1332,12,2.0,0.0,"(-10879288.622567499, 3534509.5402518837)",1.0244001332610029
1332,13,2.0,0.142857142857143,"(-10879288.622567499, 3534509.5402518837)",1.0244001332610029
1332,14,2.0,0.285714285714286,"(-10879288.622567499, 3534509.5402518837)",1.0244001332610029
1332,15,2.0,0.142857142857143,"(-10879288.622567499, 3534509.5402518837)",1.0244001332610029
1332,16,2.0,0.0,"(-10879288.622567499, 3534509.5402518837)",1.0244001332610029
1332,17,2.0,0.0,"(-10879288.622567499, 3534509.5402518837)",1.0244001332610029
1332,18,2.0,0.0,"(-10879288.622567499, 3534509.5402518837)",1.0244001332610029
1332,19,2.0,0.142857142857143,"(-10879288.622567499, 3534509.5402518837)",1.0244001332610029
1332,20,2.0,0.142857142857143,"(-10879288.622567499, 3534509.5402518837)",1.0244001332610029
1332,21,2.0,0.142857142857143,"(-10879288.622567499, 3534509.5402518837)",1.0244001332610029
1332,22,2.0,0.142857142857143,"(-10879288.622567499, 3534509.5402518837)",1.0244001332610029
1332,23,2.0,0.285714285714286,"(-10879288.622567499, 3534509.5402518837)",1.0244001332610029
1333,0,12.0,3.14285714285714,"(-10869186.378778009, 3552223.2801824696)",1.027270681743056
1333,1,12.0,2.71428571428571,"(-10869186.378778009, 3552223.2801824696)",1.027270681743056
1333,2,12.0,2.57142857142857,"(-10869186.378778009, 3552223.2801824696)",1.027270681743056
1333,3,12.0,1.71428571428571,"(-10869186.378778009, 3552223.2801824696)",1.027270681743056
1333,4,12.0,1.42857142857143,"(-10869186.378778009, 3552223.2801824696)",1.027270681743056
1333,5,12.0,1.57142857142857,"(-10869186.378778009, 3552223.2801824696)",1.027270681743056
1333,6,12.0,1.57142857142857,"(-10869186.378778009, 3552223.2801824696)",1.027270681743056
1333,7,12.0,2.85714285714286,"(-10869186.378778009, 3552223.2801824696)",1.027270681743056
1333,8,12.0,2.57142857142857,"(-10869186.378778009, 3552223.2801824696)",1.027270681743056
1333,9,12.0,4.57142857142857,"(-10869186.378778009, 3552223.2801824696)",1.027270681743056
1333,10,12.0,5.57142857142857,"(-10869186.378778009, 3552223.2801824696)",1.027270681743056
1333,11,12.0,6.57142857142857,"(-10869186.378778009, 3552223.2801824696)",1.027270681743056
1333,12,12.0,3.85714285714286,"(-10869186.378778009, 3552223.2801824696)",1.027270681743056
1333,13,12.0,3.71428571428571,"(-10869186.378778009, 3552223.2801824696)",1.027270681743056
1333,14,12.0,4.71428571428571,"(-10869186.378778009, 3552223.2801824696)",1.027270681743056
1333,15,12.0,4.85714285714286,"(-10869186.378778009, 3552223.2801824696)",1.027270681743056
1333,16,12.0,4.85714285714286,"(-10869186.378778009, 3552223.2801824696)",1.027270681743056
1333,17,12.0,2.85714285714286,"(-10869186.378778009, 3552223.2801824696)",1.027270681743056
1333,18,12.0,3.14285714285714,"(-10869186.378778009, 3552223.2801824696)",1.027270681743056
1333,19,12.0,3.57142857142857,"(-10869186.378778009, 3552223.2801824696)",1.027270681743056
1333,20,12.0,4.28571428571429,"(-10869186.378778009, 3552223.2801824696)",1.027270681743056
1333,21,12.0,5.0,"(-10869186.378778009, 3552223.2801824696)",1.027270681743056
1333,22,12.0,5.0,"(-10869186.378778009, 3552223.2801824696)",1.027270681743056
1333,23,12.0,3.71428571428571,"(-10869186.378778009, 3552223.2801824696)",1.027270681743056
1334,0,4.0,0.857142857142857,"(-10879219.047885753, 3539149.1401484353)",1.0259872715644
1334,1,4.0,1.28571428571429,"(-10879219.047885753, 3539149.1401484353)",1.0259872715644
1334,2,4.0,1.28571428571429,"(-10879219.047885753, 3539149.1401484353)",1.0259872715644
1334,3,4.0,0.571428571428571,"(-10879219.047885753, 3539149.1401484353)",1.0259872715644
1334,4,4.0,0.714285714285714,"(-10879219.047885753, 3539149.1401484353)",1.0259872715644
1334,5,4.0,0.857142857142857,"(-10879219.047885753, 3539149.1401484353)",1.0259872715644
1334,6,4.0,0.714285714285714,"(-10879219.047885753, 3539149.1401484353)",1.0259872715644
1334,7,4.0,0.428571428571429,"(-10879219.047885753, 3539149.1401484353)",1.0259872715644
1334,8,4.0,0.714285714285714,"(-10879219.047885753, 3539149.1401484353)",1.0259872715644
1334,9,4.0,0.571428571428571,"(-10879219.047885753, 3539149.1401484353)",1.0259872715644
1334,10,4.0,0.857142857142857,"(-10879219.047885753, 3539149.1401484353)",1.0259872715644
1334,11,4.0,0.285714285714286,"(-10879219.047885753, 3539149.1401484353)",1.0259872715644
1334,12,4.0,0.285714285714286,"(-10879219.047885753, 3539149.1401484353)",1.0259872715644
1334,13,4.0,0.714285714285714,"(-10879219.047885753, 3539149.1401484353)",1.0259872715644
1334,14,4.0,0.857142857142857,"(-10879219.047885753, 3539149.1401484353)",1.0259872715644
1334,15,4.0,0.285714285714286,"(-10879219.047885753, 3539149.1401484353)",1.0259872715644
1334,16,4.0,0.142857142857143,"(-10879219.047885753, 3539149.1401484353)",1.0259872715644
1334,17,4.0,0.571428571428571,"(-10879219.047885753, 3539149.1401484353)",1.0259872715644
1334,18,4.0,0.285714285714286,"(-10879219.047885753, 3539149.1401484353)",1.0259872715644
1334,19,4.0,0.428571428571429,"(-10879219.047885753, 3539149.1401484353)",1.0259872715644
1334,20,4.0,0.571428571428571,"(-10879219.047885753, 3539149.1401484353)",1.0259872715644
1334,21,4.0,0.714285714285714,"(-10879219.047885753, 3539149.1401484353)",1.0259872715644
1334,22,4.0,1.0,"(-10879219.047885753, 3539149.1401484353)",1.0259872715644
1334,23,4.0,0.714285714285714,"(-10879219.047885753, 3539149.1401484353)",1.0259872715644
1335,0,2.0,0.285714285714286,"(-10878091.938041471, 3537215.7668386092)",1.0255647935057728
1335,1,2.0,0.285714285714286,"(-10878091.938041471, 3537215.7668386092)",1.0255647935057728
1335,2,2.0,0.428571428571429,"(-10878091.938041471, 3537215.7668386092)",1.0255647935057728
1335,3,2.0,0.714285714285714,"(-10878091.938041471, 3537215.7668386092)",1.0255647935057728
1335,4,2.0,0.285714285714286,"(-10878091.938041471, 3537215.7668386092)",1.0255647935057728
1335,5,2.0,0.142857142857143,"(-10878091.938041471, 3537215.7668386092)",1.0255647935057728
1335,6,2.0,0.285714285714286,"(-10878091.938041471, 3537215.7668386092)",1.0255647935057728
1335,7,2.0,0.285714285714286,"(-10878091.938041471, 3537215.7668386092)",1.0255647935057728
1335,8,2.0,0.428571428571429,"(-10878091.938041471, 3537215.7668386092)",1.0255647935057728
1335,9,2.0,0.285714285714286,"(-10878091.938041471, 3537215.7668386092)",1.0255647935057728
1335,10,2.0,0.571428571428571,"(-10878091.938041471, 3537215.7668386092)",1.0255647935057728
1335,11,2.0,0.428571428571429,"(-10878091.938041471, 3537215.7668386092)",1.0255647935057728
1335,12,2.0,0.285714285714286,"(-10878091.938041471, 3537215.7668386092)",1.0255647935057728
1335,13,2.0,0.285714285714286,"(-10878091.938041471, 3537215.7668386092)",1.0255647935057728
1335,14,2.0,0.285714285714286,"(-10878091.938041471, 3537215.7668386092)",1.0255647935057728
1335,15,2.0,0.0,"(-10878091.938041471, 3537215.7668386092)",1.0255647935057728
1335,16,2.0,0.142857142857143,"(-10878091.938041471, 3537215.7668386092)",1.0255647935057728
1335,17,2.0,0.571428571428571,"(-10878091.938041471, 3537215.7668386092)",1.0255647935057728
1335,18,2.0,0.285714285714286,"(-10878091.938041471, 3537215.7668386092)",1.0255647935057728
1335,19,2.0,0.285714285714286,"(-10878091.938041471, 3537215.7668386092)",1.0255647935057728
1335,20,2.0,0.142857142857143,"(-10878091.938041471, 3537215.7668386092)",1.0255647935057728
1335,21,2.0,0.285714285714286,"(-10878091.938041471, 3537215.7668386092)",1.0255647935057728
1335,22,2.0,0.285714285714286,"(-10878091.938041471, 3537215.7668386092)",1.0255647935057728
1335,23,2.0,0.428571428571429,"(-10878091.938041471, 3537215.7668386092)",1.0255647935057728
1336,0,2.0,0.857142857142857,"(-10878258.917277662, 3542065.8706617476)",1.0270271026538165
1336,1,2.0,0.714285714285714,"(-10878258.917277662, 3542065.8706617476)",1.0270271026538165
1336,2,2.0,0.428571428571429,"(-10878258.917277662, 3542065.8706617476)",1.0270271026538165
1336,3,2.0,0.714285714285714,"(-10878258.917277662, 3542065.8706617476)",1.0270271026538165
1336,4,2.0,0.285714285714286,"(-10878258.917277662, 3542065.8706617476)",1.0270271026538165
1336,5,2.0,0.142857142857143,"(-10878258.917277662, 3542065.8706617476)",1.0270271026538165
1336,6,2.0,0.0,"(-10878258.917277662, 3542065.8706617476)",1.0270271026538165
1336,7,2.0,0.142857142857143,"(-10878258.917277662, 3542065.8706617476)",1.0270271026538165
1336,8,2.0,0.285714285714286,"(-10878258.917277662, 3542065.8706617476)",1.0270271026538165
1336,9,2.0,0.142857142857143,"(-10878258.917277662, 3542065.8706617476)",1.0270271026538165
1336,10,2.0,0.142857142857143,"(-10878258.917277662, 3542065.8706617476)",1.0270271026538165
1336,11,2.0,0.0,"(-10878258.917277662, 3542065.8706617476)",1.0270271026538165
1336,12,2.0,0.142857142857143,"(-10878258.917277662, 3542065.8706617476)",1.0270271026538165
1336,13,2.0,0.142857142857143,"(-10878258.917277662, 3542065.8706617476)",1.0270271026538165
1336,14,2.0,0.142857142857143,"(-10878258.917277662, 3542065.8706617476)",1.0270271026538165
1336,15,2.0,0.0,"(-10878258.917277662, 3542065.8706617476)",1.0270271026538165
1336,16,2.0,0.142857142857143,"(-10878258.917277662, 3542065.8706617476)",1.0270271026538165
1336,17,2.0,0.0,"(-10878258.917277662, 3542065.8706617476)",1.0270271026538165
1336,18,2.0,0.142857142857143,"(-10878258.917277662, 3542065.8706617476)",1.0270271026538165
1336,19,2.0,0.285714285714286,"(-10878258.917277662, 3542065.8706617476)",1.0270271026538165
1336,20,2.0,0.142857142857143,"(-10878258.917277662, 3542065.8706617476)",1.0270271026538165
1336,21,2.0,0.142857142857143,"(-10878258.917277662, 3542065.8706617476)",1.0270271026538165
1336,22,2.0,0.285714285714286,"(-10878258.917277662, 3542065.8706617476)",1.0270271026538165
1336,23,2.0,0.571428571428571,"(-10878258.917277662, 3542065.8706617476)",1.0270271026538165
1337,0,4.0,1.28571428571429,"(-10877744.064632742, 3557934.3674413376)",1.03228315246104
1337,1,4.0,0.714285714285714,"(-10877744.064632742, 3557934.3674413376)",1.03228315246104
1337,2,4.0,0.285714285714286,"(-10877744.064632742, 3557934.3674413376)",1.03228315246104
1337,3,4.0,0.571428571428571,"(-10877744.064632742, 3557934.3674413376)",1.03228315246104
1337,4,4.0,0.857142857142857,"(-10877744.064632742, 3557934.3674413376)",1.03228315246104
1337,5,4.0,1.42857142857143,"(-10877744.064632742, 3557934.3674413376)",1.03228315246104
1337,6,4.0,1.85714285714286,"(-10877744.064632742, 3557934.3674413376)",1.03228315246104
1337,7,4.0,1.57142857142857,"(-10877744.064632742, 3557934.3674413376)",1.03228315246104
1337,8,4.0,1.57142857142857,"(-10877744.064632742, 3557934.3674413376)",1.03228315246104
1337,9,4.0,1.28571428571429,"(-10877744.064632742, 3557934.3674413376)",1.03228315246104
1337,10,4.0,1.14285714285714,"(-10877744.064632742, 3557934.3674413376)",1.03228315246104
1337,11,4.0,0.571428571428571,"(-10877744.064632742, 3557934.3674413376)",1.03228315246104
1337,12,4.0,0.857142857142857,"(-10877744.064632742, 3557934.3674413376)",1.03228315246104
1337,13,4.0,0.857142857142857,"(-10877744.064632742, 3557934.3674413376)",1.03228315246104
1337,14,4.0,1.28571428571429,"(-10877744.064632742, 3557934.3674413376)",1.03228315246104
1337,15,4.0,1.0,"(-10877744.064632742, 3557934.3674413376)",1.03228315246104
1337,16,4.0,0.571428571428571,"(-10877744.064632742, 3557934.3674413376)",1.03228315246104
1337,17,4.0,0.571428571428571,"(-10877744.064632742, 3557934.3674413376)",1.03228315246104
1337,18,4.0,1.14285714285714,"(-10877744.064632742, 3557934.3674413376)",1.03228315246104
1337,19,4.0,0.571428571428571,"(-10877744.064632742, 3557934.3674413376)",1.03228315246104
1337,20,4.0,0.714285714285714,"(-10877744.064632742, 3557934.3674413376)",1.03228315246104
1337,21,4.0,1.0,"(-10877744.064632742, 3557934.3674413376)",1.03228315246104
1337,22,4.0,1.28571428571429,"(-10877744.064632742, 3557934.3674413376)",1.03228315246104
1337,23,4.0,1.57142857142857,"(-10877744.064632742, 3557934.3674413376)",1.03228315246104
1338,0,18.0,1.71428571428571,"(-10880332.242793685, 3553691.137472009)",1.0245154757722024
1338,1,18.0,2.0,"(-10880332.242793685, 3553691.137472009)",1.0245154757722024
1338,2,18.0,3.14285714285714,"(-10880332.242793685, 3553691.137472009)",1.0245154757722024
1338,3,18.0,5.14285714285714,"(-10880332.242793685, 3553691.137472009)",1.0245154757722024
1338,4,18.0,7.0,"(-10880332.242793685, 3553691.137472009)",1.0245154757722024
1338,5,18.0,5.85714285714286,"(-10880332.242793685, 3553691.137472009)",1.0245154757722024
1338,6,18.0,5.0,"(-10880332.242793685, 3553691.137472009)",1.0245154757722024
1338,7,18.0,4.14285714285714,"(-10880332.242793685, 3553691.137472009)",1.0245154757722024
1338,8,18.0,2.42857142857143,"(-10880332.242793685, 3553691.137472009)",1.0245154757722024
1338,9,18.0,1.57142857142857,"(-10880332.242793685, 3553691.137472009)",1.0245154757722024
1338,10,18.0,2.0,"(-10880332.242793685, 3553691.137472009)",1.0245154757722024
1338,11,18.0,2.57142857142857,"(-10880332.242793685, 3553691.137472009)",1.0245154757722024
1338,12,18.0,3.28571428571429,"(-10880332.242793685, 3553691.137472009)",1.0245154757722024
1338,13,18.0,4.28571428571429,"(-10880332.242793685, 3553691.137472009)",1.0245154757722024
1338,14,18.0,4.14285714285714,"(-10880332.242793685, 3553691.137472009)",1.0245154757722024
1338,15,18.0,3.85714285714286,"(-10880332.242793685, 3553691.137472009)",1.0245154757722024
1338,16,18.0,4.85714285714286,"(-10880332.242793685, 3553691.137472009)",1.0245154757722024
1338,17,18.0,4.28571428571429,"(-10880332.242793685, 3553691.137472009)",1.0245154757722024
1338,18,18.0,4.71428571428571,"(-10880332.242793685, 3553691.137472009)",1.0245154757722024
1338,19,18.0,6.28571428571429,"(-10880332.242793685, 3553691.137472009)",1.0245154757722024
1338,20,18.0,5.14285714285714,"(-10880332.242793685, 3553691.137472009)",1.0245154757722024
1338,21,18.0,5.42857142857143,"(-10880332.242793685, 3553691.137472009)",1.0245154757722024
1338,22,18.0,5.57142857142857,"(-10880332.242793685, 3553691.137472009)",1.0245154757722024
1338,23,18.0,2.85714285714286,"(-10880332.242793685, 3553691.137472009)",1.0245154757722024
1339,0,16.0,2.71428571428571,"(-10878662.450431786, 3555385.0313387047)",1.0266991373704648
1339,1,16.0,3.57142857142857,"(-10878662.450431786, 3555385.0313387047)",1.0266991373704648
1339,2,16.0,3.0,"(-10878662.450431786, 3555385.0313387047)",1.0266991373704648
1339,3,16.0,3.28571428571429,"(-10878662.450431786, 3555385.0313387047)",1.0266991373704648
1339,4,16.0,3.28571428571429,"(-10878662.450431786, 3555385.0313387047)",1.0266991373704648
1339,5,16.0,4.71428571428571,"(-10878662.450431786, 3555385.0313387047)",1.0266991373704648
1339,6,16.0,4.42857142857143,"(-10878662.450431786, 3555385.0313387047)",1.0266991373704648
1339,7,16.0,3.57142857142857,"(-10878662.450431786, 3555385.0313387047)",1.0266991373704648
1339,8,16.0,2.28571428571429,"(-10878662.450431786, 3555385.0313387047)",1.0266991373704648
1339,9,16.0,1.85714285714286,"(-10878662.450431786, 3555385.0313387047)",1.0266991373704648
1339,10,16.0,2.71428571428571,"(-10878662.450431786, 3555385.0313387047)",1.0266991373704648
1339,11,16.0,5.28571428571429,"(-10878662.450431786, 3555385.0313387047)",1.0266991373704648
1339,12,16.0,6.0,"(-10878662.450431786, 3555385.0313387047)",1.0266991373704648
1339,13,16.0,5.57142857142857,"(-10878662.450431786, 3555385.0313387047)",1.0266991373704648
1339,14,16.0,6.71428571428571,"(-10878662.450431786, 3555385.0313387047)",1.0266991373704648
1339,15,16.0,7.28571428571429,"(-10878662.450431786, 3555385.0313387047)",1.0266991373704648
1339,16,16.0,8.14285714285714,"(-10878662.450431786, 3555385.0313387047)",1.0266991373704648
1339,17,16.0,8.57142857142857,"(-10878662.450431786, 3555385.0313387047)",1.0266991373704648
1339,18,16.0,8.57142857142857,"(-10878662.450431786, 3555385.0313387047)",1.0266991373704648
1339,19,16.0,8.85714285714286,"(-10878662.450431786, 3555385.0313387047)",1.0266991373704648
1339,20,16.0,7.42857142857143,"(-10878662.450431786, 3555385.0313387047)",1.0266991373704648
1339,21,16.0,4.0,"(-10878662.450431786, 3555385.0313387047)",1.0266991373704648
1339,22,16.0,2.71428571428571,"(-10878662.450431786, 3555385.0313387047)",1.0266991373704648
1339,23,16.0,2.71428571428571,"(-10878662.450431786, 3555385.0313387047)",1.0266991373704648
1340,0,16.0,6.71428571428571,"(-10874557.544208786, 3569235.1095790397)",0.9927521252209477
1340,1,16.0,4.14285714285714,"(-10874557.544208786, 3569235.1095790397)",0.9927521252209477
1340,2,16.0,2.85714285714286,"(-10874557.544208786, 3569235.1095790397)",0.9927521252209477
1340,3,16.0,2.42857142857143,"(-10874557.544208786, 3569235.1095790397)",0.9927521252209477
1340,4,16.0,3.0,"(-10874557.544208786, 3569235.1095790397)",0.9927521252209477
1340,5,16.0,2.42857142857143,"(-10874557.544208786, 3569235.1095790397)",0.9927521252209477
1340,6,16.0,2.0,"(-10874557.544208786, 3569235.1095790397)",0.9927521252209477
1340,7,16.0,1.57142857142857,"(-10874557.544208786, 3569235.1095790397)",0.9927521252209477
1340,8,16.0,1.28571428571429,"(-10874557.544208786, 3569235.1095790397)",0.9927521252209477
1340,9,16.0,1.71428571428571,"(-10874557.544208786, 3569235.1095790397)",0.9927521252209477
1340,10,16.0,2.71428571428571,"(-10874557.544208786, 3569235.1095790397)",0.9927521252209477
1340,11,16.0,4.28571428571429,"(-10874557.544208786, 3569235.1095790397)",0.9927521252209477
1340,12,16.0,6.57142857142857,"(-10874557.544208786, 3569235.1095790397)",0.9927521252209477
1340,13,16.0,7.42857142857143,"(-10874557.544208786, 3569235.1095790397)",0.9927521252209477
1340,14,16.0,8.28571428571429,"(-10874557.544208786, 3569235.1095790397)",0.9927521252209477
1340,15,16.0,8.85714285714286,"(-10874557.544208786, 3569235.1095790397)",0.9927521252209477
1340,16,16.0,7.71428571428571,"(-10874557.544208786, 3569235.1095790397)",0.9927521252209477
1340,17,16.0,8.57142857142857,"(-10874557.544208786, 3569235.1095790397)",0.9927521252209477
1340,18,16.0,8.0,"(-10874557.544208786, 3569235.1095790397)",0.9927521252209477
1340,19,16.0,8.85714285714286,"(-10874557.544208786, 3569235.1095790397)",0.9927521252209477
1340,20,16.0,8.85714285714286,"(-10874557.544208786, 3569235.1095790397)",0.9927521252209477
1340,21,16.0,9.57142857142857,"(-10874557.544208786, 3569235.1095790397)",0.9927521252209477
1340,22,16.0,10.0,"(-10874557.544208786, 3569235.1095790397)",0.9927521252209477
1340,23,16.0,9.71428571428571,"(-10874557.544208786, 3569235.1095790397)",0.9927521252209477
1341,0,16.0,3.0,"(-10878732.025113532, 3556191.7274843166)",1.0266991373704648
1341,1,16.0,3.57142857142857,"(-10878732.025113532, 3556191.7274843166)",1.0266991373704648
1341,2,16.0,5.71428571428571,"(-10878732.025113532, 3556191.7274843166)",1.0266991373704648
1341,3,16.0,6.0,"(-10878732.025113532, 3556191.7274843166)",1.0266991373704648
1341,4,16.0,5.42857142857143,"(-10878732.025113532, 3556191.7274843166)",1.0266991373704648
1341,5,16.0,4.14285714285714,"(-10878732.025113532, 3556191.7274843166)",1.0266991373704648
1341,6,16.0,4.0,"(-10878732.025113532, 3556191.7274843166)",1.0266991373704648
1341,7,16.0,4.85714285714286,"(-10878732.025113532, 3556191.7274843166)",1.0266991373704648
1341,8,16.0,4.42857142857143,"(-10878732.025113532, 3556191.7274843166)",1.0266991373704648
1341,9,16.0,3.85714285714286,"(-10878732.025113532, 3556191.7274843166)",1.0266991373704648
1341,10,16.0,2.28571428571429,"(-10878732.025113532, 3556191.7274843166)",1.0266991373704648
1341,11,16.0,2.57142857142857,"(-10878732.025113532, 3556191.7274843166)",1.0266991373704648
1341,12,16.0,1.42857142857143,"(-10878732.025113532, 3556191.7274843166)",1.0266991373704648
1341,13,16.0,2.71428571428571,"(-10878732.025113532, 3556191.7274843166)",1.0266991373704648
1341,14,16.0,3.71428571428571,"(-10878732.025113532, 3556191.7274843166)",1.0266991373704648
1341,15,16.0,5.71428571428571,"(-10878732.025113532, 3556191.7274843166)",1.0266991373704648
1341,16,16.0,5.71428571428571,"(-10878732.025113532, 3556191.7274843166)",1.0266991373704648
1341,17,16.0,6.0,"(-10878732.025113532, 3556191.7274843166)",1.0266991373704648
1341,18,16.0,6.14285714285714,"(-10878732.025113532, 3556191.7274843166)",1.0266991373704648
1341,19,16.0,3.85714285714286,"(-10878732.025113532, 3556191.7274843166)",1.0266991373704648
1341,20,16.0,3.42857142857143,"(-10878732.025113532, 3556191.7274843166)",1.0266991373704648
1341,21,16.0,4.14285714285714,"(-10878732.025113532, 3556191.7274843166)",1.0266991373704648
1341,22,16.0,3.28571428571429,"(-10878732.025113532, 3556191.7274843166)",1.0266991373704648
1341,23,16.0,3.0,"(-10878732.025113532, 3556191.7274843166)",1.0266991373704648
1342,0,12.0,1.14285714285714,"(-10877980.618550679, 3554449.328491847)",1.0266991373704648
1342,1,12.0,1.28571428571429,"(-10877980.618550679, 3554449.328491847)",1.0266991373704648
1342,2,12.0,1.42857142857143,"(-10877980.618550679, 3554449.328491847)",1.0266991373704648
1342,3,12.0,1.57142857142857,"(-10877980.618550679, 3554449.328491847)",1.0266991373704648
1342,4,12.0,2.28571428571429,"(-10877980.618550679, 3554449.328491847)",1.0266991373704648
1342,5,12.0,2.14285714285714,"(-10877980.618550679, 3554449.328491847)",1.0266991373704648
1342,6,12.0,2.42857142857143,"(-10877980.618550679, 3554449.328491847)",1.0266991373704648
1342,7,12.0,2.42857142857143,"(-10877980.618550679, 3554449.328491847)",1.0266991373704648
1342,8,12.0,2.71428571428571,"(-10877980.618550679, 3554449.328491847)",1.0266991373704648
1342,9,12.0,2.42857142857143,"(-10877980.618550679, 3554449.328491847)",1.0266991373704648
1342,10,12.0,2.14285714285714,"(-10877980.618550679, 3554449.328491847)",1.0266991373704648
1342,11,12.0,2.85714285714286,"(-10877980.618550679, 3554449.328491847)",1.0266991373704648
1342,12,12.0,2.14285714285714,"(-10877980.618550679, 3554449.328491847)",1.0266991373704648
1342,13,12.0,2.28571428571429,"(-10877980.618550679, 3554449.328491847)",1.0266991373704648
1342,14,12.0,2.14285714285714,"(-10877980.618550679, 3554449.328491847)",1.0266991373704648
1342,15,12.0,2.28571428571429,"(-10877980.618550679, 3554449.328491847)",1.0266991373704648
1342,16,12.0,1.57142857142857,"(-10877980.618550679, 3554449.328491847)",1.0266991373704648
1342,17,12.0,1.42857142857143,"(-10877980.618550679, 3554449.328491847)",1.0266991373704648
1342,18,12.0,0.714285714285714,"(-10877980.618550679, 3554449.328491847)",1.0266991373704648
1342,19,12.0,0.571428571428571,"(-10877980.618550679, 3554449.328491847)",1.0266991373704648
1342,20,12.0,0.571428571428571,"(-10877980.618550679, 3554449.328491847)",1.0266991373704648
1342,21,12.0,0.857142857142857,"(-10877980.618550679, 3554449.328491847)",1.0266991373704648
1342,22,12.0,1.42857142857143,"(-10877980.618550679, 3554449.328491847)",1.0266991373704648
1342,23,12.0,1.28571428571429,"(-10877980.618550679, 3554449.328491847)",1.0266991373704648
1343,0,12.0,1.57142857142857,"(-10878133.68285052, 3555272.0979988324)",1.0266991373704648
1343,1,12.0,1.42857142857143,"(-10878133.68285052, 3555272.0979988324)",1.0266991373704648
1343,2,12.0,1.28571428571429,"(-10878133.68285052, 3555272.0979988324)",1.0266991373704648
1343,3,12.0,1.71428571428571,"(-10878133.68285052, 3555272.0979988324)",1.0266991373704648
1343,4,12.0,3.71428571428571,"(-10878133.68285052, 3555272.0979988324)",1.0266991373704648
1343,5,12.0,3.57142857142857,"(-10878133.68285052, 3555272.0979988324)",1.0266991373704648
1343,6,12.0,4.57142857142857,"(-10878133.68285052, 3555272.0979988324)",1.0266991373704648
1343,7,12.0,3.0,"(-10878133.68285052, 3555272.0979988324)",1.0266991373704648
1343,8,12.0,1.85714285714286,"(-10878133.68285052, 3555272.0979988324)",1.0266991373704648
1343,9,12.0,0.857142857142857,"(-10878133.68285052, 3555272.0979988324)",1.0266991373704648
1343,10,12.0,1.71428571428571,"(-10878133.68285052, 3555272.0979988324)",1.0266991373704648
1343,11,12.0,3.0,"(-10878133.68285052, 3555272.0979988324)",1.0266991373704648
1343,12,12.0,4.42857142857143,"(-10878133.68285052, 3555272.0979988324)",1.0266991373704648
1343,13,12.0,3.85714285714286,"(-10878133.68285052, 3555272.0979988324)",1.0266991373704648
1343,14,12.0,3.28571428571429,"(-10878133.68285052, 3555272.0979988324)",1.0266991373704648
1343,15,12.0,3.0,"(-10878133.68285052, 3555272.0979988324)",1.0266991373704648
1343,16,12.0,2.0,"(-10878133.68285052, 3555272.0979988324)",1.0266991373704648
1343,17,12.0,2.28571428571429,"(-10878133.68285052, 3555272.0979988324)",1.0266991373704648
1343,18,12.0,1.85714285714286,"(-10878133.68285052, 3555272.0979988324)",1.0266991373704648
1343,19,12.0,2.57142857142857,"(-10878133.68285052, 3555272.0979988324)",1.0266991373704648
1343,20,12.0,2.71428571428571,"(-10878133.68285052, 3555272.0979988324)",1.0266991373704648
1343,21,12.0,2.42857142857143,"(-10878133.68285052, 3555272.0979988324)",1.0266991373704648
1343,22,12.0,2.42857142857143,"(-10878133.68285052, 3555272.0979988324)",1.0266991373704648
1343,23,12.0,2.0,"(-10878133.68285052, 3555272.0979988324)",1.0266991373704648
1344,0,2.0,0.142857142857143,"(-10878272.83221401, 3554610.6516134287)",1.0266991373704648
1344,1,2.0,0.285714285714286,"(-10878272.83221401, 3554610.6516134287)",1.0266991373704648
1344,2,2.0,0.285714285714286,"(-10878272.83221401, 3554610.6516134287)",1.0266991373704648
1344,3,2.0,0.142857142857143,"(-10878272.83221401, 3554610.6516134287)",1.0266991373704648
1344,4,2.0,0.142857142857143,"(-10878272.83221401, 3554610.6516134287)",1.0266991373704648
1344,5,2.0,0.428571428571429,"(-10878272.83221401, 3554610.6516134287)",1.0266991373704648
1344,6,2.0,0.714285714285714,"(-10878272.83221401, 3554610.6516134287)",1.0266991373704648
1344,7,2.0,0.428571428571429,"(-10878272.83221401, 3554610.6516134287)",1.0266991373704648
1344,8,2.0,0.142857142857143,"(-10878272.83221401, 3554610.6516134287)",1.0266991373704648
1344,9,2.0,0.142857142857143,"(-10878272.83221401, 3554610.6516134287)",1.0266991373704648
1344,10,2.0,0.0,"(-10878272.83221401, 3554610.6516134287)",1.0266991373704648
1344,11,2.0,0.285714285714286,"(-10878272.83221401, 3554610.6516134287)",1.0266991373704648
1344,12,2.0,0.142857142857143,"(-10878272.83221401, 3554610.6516134287)",1.0266991373704648
1344,13,2.0,0.285714285714286,"(-10878272.83221401, 3554610.6516134287)",1.0266991373704648
1344,14,2.0,0.285714285714286,"(-10878272.83221401, 3554610.6516134287)",1.0266991373704648
1344,15,2.0,0.285714285714286,"(-10878272.83221401, 3554610.6516134287)",1.0266991373704648
1344,16,2.0,0.428571428571429,"(-10878272.83221401, 3554610.6516134287)",1.0266991373704648
1344,17,2.0,0.285714285714286,"(-10878272.83221401, 3554610.6516134287)",1.0266991373704648
1344,18,2.0,0.142857142857143,"(-10878272.83221401, 3554610.6516134287)",1.0266991373704648
1344,19,2.0,0.0,"(-10878272.83221401, 3554610.6516134287)",1.0266991373704648
1344,20,2.0,0.285714285714286,"(-10878272.83221401, 3554610.6516134287)",1.0266991373704648
1344,21,2.0,0.428571428571429,"(-10878272.83221401, 3554610.6516134287)",1.0266991373704648
1344,22,2.0,0.142857142857143,"(-10878272.83221401, 3554610.6516134287)",1.0266991373704648
1344,23,2.0,0.0,"(-10878272.83221401, 3554610.6516134287)",1.0266991373704648
1345,0,4.0,0.571428571428571,"(-10878091.938041471, 3555739.9712808956)",1.0266991373704648
1345,1,4.0,0.142857142857143,"(-10878091.938041471, 3555739.9712808956)",1.0266991373704648
1345,2,4.0,0.142857142857143,"(-10878091.938041471, 3555739.9712808956)",1.0266991373704648
1345,3,4.0,0.428571428571429,"(-10878091.938041471, 3555739.9712808956)",1.0266991373704648
1345,4,4.0,1.28571428571429,"(-10878091.938041471, 3555739.9712808956)",1.0266991373704648
1345,5,4.0,0.857142857142857,"(-10878091.938041471, 3555739.9712808956)",1.0266991373704648
1345,6,4.0,0.571428571428571,"(-10878091.938041471, 3555739.9712808956)",1.0266991373704648
1345,7,4.0,0.714285714285714,"(-10878091.938041471, 3555739.9712808956)",1.0266991373704648
1345,8,4.0,0.857142857142857,"(-10878091.938041471, 3555739.9712808956)",1.0266991373704648
1345,9,4.0,0.714285714285714,"(-10878091.938041471, 3555739.9712808956)",1.0266991373704648
1345,10,4.0,0.571428571428571,"(-10878091.938041471, 3555739.9712808956)",1.0266991373704648
1345,11,4.0,0.714285714285714,"(-10878091.938041471, 3555739.9712808956)",1.0266991373704648
1345,12,4.0,0.857142857142857,"(-10878091.938041471, 3555739.9712808956)",1.0266991373704648
1345,13,4.0,0.571428571428571,"(-10878091.938041471, 3555739.9712808956)",1.0266991373704648
1345,14,4.0,0.571428571428571,"(-10878091.938041471, 3555739.9712808956)",1.0266991373704648
1345,15,4.0,0.714285714285714,"(-10878091.938041471, 3555739.9712808956)",1.0266991373704648
1345,16,4.0,0.857142857142857,"(-10878091.938041471, 3555739.9712808956)",1.0266991373704648
1345,17,4.0,1.0,"(-10878091.938041471, 3555739.9712808956)",1.0266991373704648
1345,18,4.0,0.714285714285714,"(-10878091.938041471, 3555739.9712808956)",1.0266991373704648
1345,19,4.0,1.0,"(-10878091.938041471, 3555739.9712808956)",1.0266991373704648
1345,20,4.0,1.28571428571429,"(-10878091.938041471, 3555739.9712808956)",1.0266991373704648
1345,21,4.0,1.28571428571429,"(-10878091.938041471, 3555739.9712808956)",1.0266991373704648
1345,22,4.0,1.0,"(-10878091.938041471, 3555739.9712808956)",1.0266991373704648
1345,23,4.0,0.714285714285714,"(-10878091.938041471, 3555739.9712808956)",1.0266991373704648
1346,0,2.0,0.285714285714286,"(-10871927.621238794, 3557321.1888588737)",1.025206245523815
1346,1,2.0,0.285714285714286,"(-10871927.621238794, 3557321.1888588737)",1.025206245523815
1346,2,2.0,0.142857142857143,"(-10871927.621238794, 3557321.1888588737)",1.025206245523815
1346,3,2.0,0.0,"(-10871927.621238794, 3557321.1888588737)",1.025206245523815
1346,4,2.0,0.142857142857143,"(-10871927.621238794, 3557321.1888588737)",1.025206245523815
1346,5,2.0,0.142857142857143,"(-10871927.621238794, 3557321.1888588737)",1.025206245523815
1346,6,2.0,0.142857142857143,"(-10871927.621238794, 3557321.1888588737)",1.025206245523815
1346,7,2.0,0.142857142857143,"(-10871927.621238794, 3557321.1888588737)",1.025206245523815
1346,8,2.0,0.285714285714286,"(-10871927.621238794, 3557321.1888588737)",1.025206245523815
1346,9,2.0,0.142857142857143,"(-10871927.621238794, 3557321.1888588737)",1.025206245523815
1346,10,2.0,0.0,"(-10871927.621238794, 3557321.1888588737)",1.025206245523815
1346,11,2.0,0.0,"(-10871927.621238794, 3557321.1888588737)",1.025206245523815
1346,12,2.0,0.142857142857143,"(-10871927.621238794, 3557321.1888588737)",1.025206245523815
1346,13,2.0,0.0,"(-10871927.621238794, 3557321.1888588737)",1.025206245523815
1346,14,2.0,0.142857142857143,"(-10871927.621238794, 3557321.1888588737)",1.025206245523815
1346,15,2.0,0.428571428571429,"(-10871927.621238794, 3557321.1888588737)",1.025206245523815
1346,16,2.0,0.285714285714286,"(-10871927.621238794, 3557321.1888588737)",1.025206245523815
1346,17,2.0,0.428571428571429,"(-10871927.621238794, 3557321.1888588737)",1.025206245523815
1346,18,2.0,0.428571428571429,"(-10871927.621238794, 3557321.1888588737)",1.025206245523815
1346,19,2.0,0.285714285714286,"(-10871927.621238794, 3557321.1888588737)",1.025206245523815
1346,20,2.0,0.285714285714286,"(-10871927.621238794, 3557321.1888588737)",1.025206245523815
1346,21,2.0,0.285714285714286,"(-10871927.621238794, 3557321.1888588737)",1.025206245523815
1346,22,2.0,0.428571428571429,"(-10871927.621238794, 3557321.1888588737)",1.025206245523815
1346,23,2.0,0.428571428571429,"(-10871927.621238794, 3557321.1888588737)",1.025206245523815
1347,0,2.0,0.142857142857143,"(-10877980.618550679, 3555707.7036003405)",1.0266991373704648
1347,1,2.0,0.285714285714286,"(-10877980.618550679, 3555707.7036003405)",1.0266991373704648
1347,2,2.0,0.714285714285714,"(-10877980.618550679, 3555707.7036003405)",1.0266991373704648
1347,3,2.0,0.571428571428571,"(-10877980.618550679, 3555707.7036003405)",1.0266991373704648
1347,4,2.0,0.571428571428571,"(-10877980.618550679, 3555707.7036003405)",1.0266991373704648
1347,5,2.0,0.285714285714286,"(-10877980.618550679, 3555707.7036003405)",1.0266991373704648
1347,6,2.0,0.142857142857143,"(-10877980.618550679, 3555707.7036003405)",1.0266991373704648
1347,7,2.0,0.285714285714286,"(-10877980.618550679, 3555707.7036003405)",1.0266991373704648
1347,8,2.0,0.285714285714286,"(-10877980.618550679, 3555707.7036003405)",1.0266991373704648
1347,9,2.0,0.571428571428571,"(-10877980.618550679, 3555707.7036003405)",1.0266991373704648
1347,10,2.0,0.428571428571429,"(-10877980.618550679, 3555707.7036003405)",1.0266991373704648
1347,11,2.0,0.142857142857143,"(-10877980.618550679, 3555707.7036003405)",1.0266991373704648
1347,12,2.0,0.285714285714286,"(-10877980.618550679, 3555707.7036003405)",1.0266991373704648
1347,13,2.0,0.285714285714286,"(-10877980.618550679, 3555707.7036003405)",1.0266991373704648
1347,14,2.0,0.142857142857143,"(-10877980.618550679, 3555707.7036003405)",1.0266991373704648
1347,15,2.0,0.0,"(-10877980.618550679, 3555707.7036003405)",1.0266991373704648
1347,16,2.0,0.142857142857143,"(-10877980.618550679, 3555707.7036003405)",1.0266991373704648
1347,17,2.0,0.428571428571429,"(-10877980.618550679, 3555707.7036003405)",1.0266991373704648
1347,18,2.0,0.571428571428571,"(-10877980.618550679, 3555707.7036003405)",1.0266991373704648
1347,19,2.0,0.285714285714286,"(-10877980.618550679, 3555707.7036003405)",1.0266991373704648
1347,20,2.0,0.285714285714286,"(-10877980.618550679, 3555707.7036003405)",1.0266991373704648
1347,21,2.0,0.285714285714286,"(-10877980.618550679, 3555707.7036003405)",1.0266991373704648
1347,22,2.0,0.857142857142857,"(-10877980.618550679, 3555707.7036003405)",1.0266991373704648
1347,23,2.0,0.285714285714286,"(-10877980.618550679, 3555707.7036003405)",1.0266991373704648
1348,0,2.0,0.0,"(-10878356.321832104, 3554368.667705244)",1.0266991373704648
1348,1,2.0,0.142857142857143,"(-10878356.321832104, 3554368.667705244)",1.0266991373704648
1348,2,2.0,0.0,"(-10878356.321832104, 3554368.667705244)",1.0266991373704648
1348,3,2.0,0.0,"(-10878356.321832104, 3554368.667705244)",1.0266991373704648
1348,4,2.0,0.142857142857143,"(-10878356.321832104, 3554368.667705244)",1.0266991373704648
1348,5,2.0,0.285714285714286,"(-10878356.321832104, 3554368.667705244)",1.0266991373704648
1348,6,2.0,0.428571428571429,"(-10878356.321832104, 3554368.667705244)",1.0266991373704648
1348,7,2.0,0.285714285714286,"(-10878356.321832104, 3554368.667705244)",1.0266991373704648
1348,8,2.0,0.428571428571429,"(-10878356.321832104, 3554368.667705244)",1.0266991373704648
1348,9,2.0,0.285714285714286,"(-10878356.321832104, 3554368.667705244)",1.0266991373704648
1348,10,2.0,0.0,"(-10878356.321832104, 3554368.667705244)",1.0266991373704648
1348,11,2.0,0.0,"(-10878356.321832104, 3554368.667705244)",1.0266991373704648
1348,12,2.0,0.0,"(-10878356.321832104, 3554368.667705244)",1.0266991373704648
1348,13,2.0,0.142857142857143,"(-10878356.321832104, 3554368.667705244)",1.0266991373704648
1348,14,2.0,0.0,"(-10878356.321832104, 3554368.667705244)",1.0266991373704648
1348,15,2.0,0.0,"(-10878356.321832104, 3554368.667705244)",1.0266991373704648
1348,16,2.0,0.142857142857143,"(-10878356.321832104, 3554368.667705244)",1.0266991373704648
1348,17,2.0,0.142857142857143,"(-10878356.321832104, 3554368.667705244)",1.0266991373704648
1348,18,2.0,0.285714285714286,"(-10878356.321832104, 3554368.667705244)",1.0266991373704648
1348,19,2.0,0.571428571428571,"(-10878356.321832104, 3554368.667705244)",1.0266991373704648
1348,20,2.0,0.285714285714286,"(-10878356.321832104, 3554368.667705244)",1.0266991373704648
1348,21,2.0,0.285714285714286,"(-10878356.321832104, 3554368.667705244)",1.0266991373704648
1348,22,2.0,0.0,"(-10878356.321832104, 3554368.667705244)",1.0266991373704648
1348,23,2.0,0.0,"(-10878356.321832104, 3554368.667705244)",1.0266991373704648
1349,0,4.0,1.85714285714286,"(-10878481.556259248, 3554610.6516134287)",1.0266991373704648
1349,1,4.0,1.57142857142857,"(-10878481.556259248, 3554610.6516134287)",1.0266991373704648
1349,2,4.0,0.857142857142857,"(-10878481.556259248, 3554610.6516134287)",1.0266991373704648
1349,3,4.0,0.428571428571429,"(-10878481.556259248, 3554610.6516134287)",1.0266991373704648
1349,4,4.0,0.571428571428571,"(-10878481.556259248, 3554610.6516134287)",1.0266991373704648
1349,5,4.0,0.857142857142857,"(-10878481.556259248, 3554610.6516134287)",1.0266991373704648
1349,6,4.0,1.0,"(-10878481.556259248, 3554610.6516134287)",1.0266991373704648
1349,7,4.0,0.857142857142857,"(-10878481.556259248, 3554610.6516134287)",1.0266991373704648
1349,8,4.0,0.571428571428571,"(-10878481.556259248, 3554610.6516134287)",1.0266991373704648
1349,9,4.0,0.571428571428571,"(-10878481.556259248, 3554610.6516134287)",1.0266991373704648
1349,10,4.0,0.571428571428571,"(-10878481.556259248, 3554610.6516134287)",1.0266991373704648
1349,11,4.0,0.571428571428571,"(-10878481.556259248, 3554610.6516134287)",1.0266991373704648
1349,12,4.0,0.714285714285714,"(-10878481.556259248, 3554610.6516134287)",1.0266991373704648
1349,13,4.0,0.571428571428571,"(-10878481.556259248, 3554610.6516134287)",1.0266991373704648
1349,14,4.0,0.857142857142857,"(-10878481.556259248, 3554610.6516134287)",1.0266991373704648
1349,15,4.0,1.57142857142857,"(-10878481.556259248, 3554610.6516134287)",1.0266991373704648
1349,16,4.0,1.42857142857143,"(-10878481.556259248, 3554610.6516134287)",1.0266991373704648
1349,17,4.0,1.0,"(-10878481.556259248, 3554610.6516134287)",1.0266991373704648
1349,18,4.0,1.0,"(-10878481.556259248, 3554610.6516134287)",1.0266991373704648
1349,19,4.0,0.857142857142857,"(-10878481.556259248, 3554610.6516134287)",1.0266991373704648
1349,20,4.0,1.14285714285714,"(-10878481.556259248, 3554610.6516134287)",1.0266991373704648
1349,21,4.0,1.0,"(-10878481.556259248, 3554610.6516134287)",1.0266991373704648
1349,22,4.0,1.42857142857143,"(-10878481.556259248, 3554610.6516134287)",1.0266991373704648
1349,23,4.0,1.71428571428571,"(-10878481.556259248, 3554610.6516134287)",1.0266991373704648
1350,0,4.0,0.857142857142857,"(-10878662.450431786, 3553707.268721097)",1.0266991373704648
1350,1,4.0,0.428571428571429,"(-10878662.450431786, 3553707.268721097)",1.0266991373704648
1350,2,4.0,0.285714285714286,"(-10878662.450431786, 3553707.268721097)",1.0266991373704648
1350,3,4.0,0.428571428571429,"(-10878662.450431786, 3553707.268721097)",1.0266991373704648
1350,4,4.0,1.0,"(-10878662.450431786, 3553707.268721097)",1.0266991373704648
1350,5,4.0,0.428571428571429,"(-10878662.450431786, 3553707.268721097)",1.0266991373704648
1350,6,4.0,0.571428571428571,"(-10878662.450431786, 3553707.268721097)",1.0266991373704648
1350,7,4.0,0.428571428571429,"(-10878662.450431786, 3553707.268721097)",1.0266991373704648
1350,8,4.0,0.857142857142857,"(-10878662.450431786, 3553707.268721097)",1.0266991373704648
1350,9,4.0,0.714285714285714,"(-10878662.450431786, 3553707.268721097)",1.0266991373704648
1350,10,4.0,1.0,"(-10878662.450431786, 3553707.268721097)",1.0266991373704648
1350,11,4.0,0.857142857142857,"(-10878662.450431786, 3553707.268721097)",1.0266991373704648
1350,12,4.0,1.14285714285714,"(-10878662.450431786, 3553707.268721097)",1.0266991373704648
1350,13,4.0,0.714285714285714,"(-10878662.450431786, 3553707.268721097)",1.0266991373704648
1350,14,4.0,0.714285714285714,"(-10878662.450431786, 3553707.268721097)",1.0266991373704648
1350,15,4.0,0.571428571428571,"(-10878662.450431786, 3553707.268721097)",1.0266991373704648
1350,16,4.0,0.285714285714286,"(-10878662.450431786, 3553707.268721097)",1.0266991373704648
1350,17,4.0,0.285714285714286,"(-10878662.450431786, 3553707.268721097)",1.0266991373704648
1350,18,4.0,0.428571428571429,"(-10878662.450431786, 3553707.268721097)",1.0266991373704648
1350,19,4.0,0.428571428571429,"(-10878662.450431786, 3553707.268721097)",1.0266991373704648
1350,20,4.0,0.285714285714286,"(-10878662.450431786, 3553707.268721097)",1.0266991373704648
1350,21,4.0,0.0,"(-10878662.450431786, 3553707.268721097)",1.0266991373704648
1350,22,4.0,0.285714285714286,"(-10878662.450431786, 3553707.268721097)",1.0266991373704648
1350,23,4.0,0.428571428571429,"(-10878662.450431786, 3553707.268721097)",1.0266991373704648
1351,0,2.0,0.142857142857143,"(-10869005.48460547, 3555772.2390440707)",1.027270681743056
1351,1,2.0,0.285714285714286,"(-10869005.48460547, 3555772.2390440707)",1.027270681743056
1351,2,2.0,0.285714285714286,"(-10869005.48460547, 3555772.2390440707)",1.027270681743056
1351,3,2.0,0.0,"(-10869005.48460547, 3555772.2390440707)",1.027270681743056
1351,4,2.0,0.142857142857143,"(-10869005.48460547, 3555772.2390440707)",1.027270681743056
1351,5,2.0,0.142857142857143,"(-10869005.48460547, 3555772.2390440707)",1.027270681743056
1351,6,2.0,0.285714285714286,"(-10869005.48460547, 3555772.2390440707)",1.027270681743056
1351,7,2.0,0.0,"(-10869005.48460547, 3555772.2390440707)",1.027270681743056
1351,8,2.0,0.285714285714286,"(-10869005.48460547, 3555772.2390440707)",1.027270681743056
1351,9,2.0,0.0,"(-10869005.48460547, 3555772.2390440707)",1.027270681743056
1351,10,2.0,0.0,"(-10869005.48460547, 3555772.2390440707)",1.027270681743056
1351,11,2.0,0.428571428571429,"(-10869005.48460547, 3555772.2390440707)",1.027270681743056
1351,12,2.0,0.285714285714286,"(-10869005.48460547, 3555772.2390440707)",1.027270681743056
1351,13,2.0,0.285714285714286,"(-10869005.48460547, 3555772.2390440707)",1.027270681743056
1351,14,2.0,0.428571428571429,"(-10869005.48460547, 3555772.2390440707)",1.027270681743056
1351,15,2.0,0.285714285714286,"(-10869005.48460547, 3555772.2390440707)",1.027270681743056
1351,16,2.0,0.285714285714286,"(-10869005.48460547, 3555772.2390440707)",1.027270681743056
1351,17,2.0,0.285714285714286,"(-10869005.48460547, 3555772.2390440707)",1.027270681743056
1351,18,2.0,0.142857142857143,"(-10869005.48460547, 3555772.2390440707)",1.027270681743056
1351,19,2.0,0.285714285714286,"(-10869005.48460547, 3555772.2390440707)",1.027270681743056
1351,20,2.0,0.428571428571429,"(-10869005.48460547, 3555772.2390440707)",1.027270681743056
1351,21,2.0,0.571428571428571,"(-10869005.48460547, 3555772.2390440707)",1.027270681743056
1351,22,2.0,0.285714285714286,"(-10869005.48460547, 3555772.2390440707)",1.027270681743056
1351,23,2.0,0.142857142857143,"(-10869005.48460547, 3555772.2390440707)",1.027270681743056
1352,0,18.0,3.42857142857143,"(-10878091.938041471, 3553352.3860085113)",1.0266991373704648
1352,1,18.0,3.71428571428571,"(-10878091.938041471, 3553352.3860085113)",1.0266991373704648
1352,2,18.0,3.85714285714286,"(-10878091.938041471, 3553352.3860085113)",1.0266991373704648
1352,3,18.0,5.28571428571429,"(-10878091.938041471, 3553352.3860085113)",1.0266991373704648
1352,4,18.0,4.14285714285714,"(-10878091.938041471, 3553352.3860085113)",1.0266991373704648
1352,5,18.0,5.71428571428571,"(-10878091.938041471, 3553352.3860085113)",1.0266991373704648
1352,6,18.0,5.71428571428571,"(-10878091.938041471, 3553352.3860085113)",1.0266991373704648
1352,7,18.0,5.14285714285714,"(-10878091.938041471, 3553352.3860085113)",1.0266991373704648
1352,8,18.0,5.14285714285714,"(-10878091.938041471, 3553352.3860085113)",1.0266991373704648
1352,9,18.0,3.71428571428571,"(-10878091.938041471, 3553352.3860085113)",1.0266991373704648
1352,10,18.0,3.0,"(-10878091.938041471, 3553352.3860085113)",1.0266991373704648
1352,11,18.0,4.28571428571429,"(-10878091.938041471, 3553352.3860085113)",1.0266991373704648
1352,12,18.0,3.0,"(-10878091.938041471, 3553352.3860085113)",1.0266991373704648
1352,13,18.0,2.71428571428571,"(-10878091.938041471, 3553352.3860085113)",1.0266991373704648
1352,14,18.0,3.28571428571429,"(-10878091.938041471, 3553352.3860085113)",1.0266991373704648
1352,15,18.0,3.85714285714286,"(-10878091.938041471, 3553352.3860085113)",1.0266991373704648
1352,16,18.0,4.0,"(-10878091.938041471, 3553352.3860085113)",1.0266991373704648
1352,17,18.0,3.42857142857143,"(-10878091.938041471, 3553352.3860085113)",1.0266991373704648
1352,18,18.0,2.0,"(-10878091.938041471, 3553352.3860085113)",1.0266991373704648
1352,19,18.0,1.57142857142857,"(-10878091.938041471, 3553352.3860085113)",1.0266991373704648
1352,20,18.0,2.57142857142857,"(-10878091.938041471, 3553352.3860085113)",1.0266991373704648
1352,21,18.0,2.28571428571429,"(-10878091.938041471, 3553352.3860085113)",1.0266991373704648
1352,22,18.0,2.71428571428571,"(-10878091.938041471, 3553352.3860085113)",1.0266991373704648
1352,23,18.0,2.71428571428571,"(-10878091.938041471, 3553352.3860085113)",1.0266991373704648
1353,0,4.0,0.571428571428571,"(-10877410.106160361, 3552691.0403308584)",1.0266991373704648
1353,1,4.0,0.571428571428571,"(-10877410.106160361, 3552691.0403308584)",1.0266991373704648
1353,2,4.0,0.142857142857143,"(-10877410.106160361, 3552691.0403308584)",1.0266991373704648
1353,3,4.0,0.285714285714286,"(-10877410.106160361, 3552691.0403308584)",1.0266991373704648
1353,4,4.0,0.571428571428571,"(-10877410.106160361, 3552691.0403308584)",1.0266991373704648
1353,5,4.0,0.571428571428571,"(-10877410.106160361, 3552691.0403308584)",1.0266991373704648
1353,6,4.0,0.428571428571429,"(-10877410.106160361, 3552691.0403308584)",1.0266991373704648
1353,7,4.0,0.428571428571429,"(-10877410.106160361, 3552691.0403308584)",1.0266991373704648
1353,8,4.0,0.857142857142857,"(-10877410.106160361, 3552691.0403308584)",1.0266991373704648
1353,9,4.0,0.714285714285714,"(-10877410.106160361, 3552691.0403308584)",1.0266991373704648
1353,10,4.0,0.714285714285714,"(-10877410.106160361, 3552691.0403308584)",1.0266991373704648
1353,11,4.0,0.714285714285714,"(-10877410.106160361, 3552691.0403308584)",1.0266991373704648
1353,12,4.0,1.0,"(-10877410.106160361, 3552691.0403308584)",1.0266991373704648
1353,13,4.0,0.571428571428571,"(-10877410.106160361, 3552691.0403308584)",1.0266991373704648
1353,14,4.0,0.285714285714286,"(-10877410.106160361, 3552691.0403308584)",1.0266991373704648
1353,15,4.0,0.285714285714286,"(-10877410.106160361, 3552691.0403308584)",1.0266991373704648
1353,16,4.0,0.285714285714286,"(-10877410.106160361, 3552691.0403308584)",1.0266991373704648
1353,17,4.0,0.857142857142857,"(-10877410.106160361, 3552691.0403308584)",1.0266991373704648
1353,18,4.0,1.28571428571429,"(-10877410.106160361, 3552691.0403308584)",1.0266991373704648
1353,19,4.0,1.42857142857143,"(-10877410.106160361, 3552691.0403308584)",1.0266991373704648
1353,20,4.0,1.0,"(-10877410.106160361, 3552691.0403308584)",1.0266991373704648
1353,21,4.0,0.571428571428571,"(-10877410.106160361, 3552691.0403308584)",1.0266991373704648
1353,22,4.0,0.428571428571429,"(-10877410.106160361, 3552691.0403308584)",1.0266991373704648
1353,23,4.0,0.571428571428571,"(-10877410.106160361, 3552691.0403308584)",1.0266991373704648
1354,0,12.0,3.85714285714286,"(-10889975.293683654, 3541050.578740198)",1.0171606543598108
1354,1,12.0,3.42857142857143,"(-10889975.293683654, 3541050.578740198)",1.0171606543598108
1354,2,12.0,2.28571428571429,"(-10889975.293683654, 3541050.578740198)",1.0171606543598108
1354,3,12.0,0.857142857142857,"(-10889975.293683654, 3541050.578740198)",1.0171606543598108
1354,4,12.0,0.714285714285714,"(-10889975.293683654, 3541050.578740198)",1.0171606543598108
1354,5,12.0,0.714285714285714,"(-10889975.293683654, 3541050.578740198)",1.0171606543598108
1354,6,12.0,0.571428571428571,"(-10889975.293683654, 3541050.578740198)",1.0171606543598108
1354,7,12.0,1.0,"(-10889975.293683654, 3541050.578740198)",1.0171606543598108
1354,8,12.0,2.14285714285714,"(-10889975.293683654, 3541050.578740198)",1.0171606543598108
1354,9,12.0,2.14285714285714,"(-10889975.293683654, 3541050.578740198)",1.0171606543598108
1354,10,12.0,2.57142857142857,"(-10889975.293683654, 3541050.578740198)",1.0171606543598108
1354,11,12.0,2.57142857142857,"(-10889975.293683654, 3541050.578740198)",1.0171606543598108
1354,12,12.0,3.14285714285714,"(-10889975.293683654, 3541050.578740198)",1.0171606543598108
1354,13,12.0,2.14285714285714,"(-10889975.293683654, 3541050.578740198)",1.0171606543598108
1354,14,12.0,2.0,"(-10889975.293683654, 3541050.578740198)",1.0171606543598108
1354,15,12.0,2.85714285714286,"(-10889975.293683654, 3541050.578740198)",1.0171606543598108
1354,16,12.0,3.42857142857143,"(-10889975.293683654, 3541050.578740198)",1.0171606543598108
1354,17,12.0,3.14285714285714,"(-10889975.293683654, 3541050.578740198)",1.0171606543598108
1354,18,12.0,2.0,"(-10889975.293683654, 3541050.578740198)",1.0171606543598108
1354,19,12.0,1.85714285714286,"(-10889975.293683654, 3541050.578740198)",1.0171606543598108
1354,20,12.0,1.14285714285714,"(-10889975.293683654, 3541050.578740198)",1.0171606543598108
1354,21,12.0,1.0,"(-10889975.293683654, 3541050.578740198)",1.0171606543598108
1354,22,12.0,2.0,"(-10889975.293683654, 3541050.578740198)",1.0171606543598108
1354,23,12.0,3.42857142857143,"(-10889975.293683654, 3541050.578740198)",1.0171606543598108
1355,0,16.0,5.57142857142857,"(-10881932.46047384, 3537892.4138957523)",1.0244001332610029
1355,1,16.0,6.85714285714286,"(-10881932.46047384, 3537892.4138957523)",1.0244001332610029
1355,2,16.0,6.57142857142857,"(-10881932.46047384, 3537892.4138957523)",1.0244001332610029
1355,3,16.0,6.14285714285714,"(-10881932.46047384, 3537892.4138957523)",1.0244001332610029
1355,4,16.0,3.85714285714286,"(-10881932.46047384, 3537892.4138957523)",1.0244001332610029
1355,5,16.0,2.28571428571429,"(-10881932.46047384, 3537892.4138957523)",1.0244001332610029
1355,6,16.0,2.57142857142857,"(-10881932.46047384, 3537892.4138957523)",1.0244001332610029
1355,7,16.0,4.0,"(-10881932.46047384, 3537892.4138957523)",1.0244001332610029
1355,8,16.0,5.14285714285714,"(-10881932.46047384, 3537892.4138957523)",1.0244001332610029
1355,9,16.0,4.71428571428571,"(-10881932.46047384, 3537892.4138957523)",1.0244001332610029
1355,10,16.0,4.0,"(-10881932.46047384, 3537892.4138957523)",1.0244001332610029
1355,11,16.0,3.0,"(-10881932.46047384, 3537892.4138957523)",1.0244001332610029
1355,12,16.0,3.14285714285714,"(-10881932.46047384, 3537892.4138957523)",1.0244001332610029
1355,13,16.0,3.0,"(-10881932.46047384, 3537892.4138957523)",1.0244001332610029
1355,14,16.0,3.57142857142857,"(-10881932.46047384, 3537892.4138957523)",1.0244001332610029
1355,15,16.0,2.85714285714286,"(-10881932.46047384, 3537892.4138957523)",1.0244001332610029
1355,16,16.0,3.57142857142857,"(-10881932.46047384, 3537892.4138957523)",1.0244001332610029
1355,17,16.0,5.0,"(-10881932.46047384, 3537892.4138957523)",1.0244001332610029
1355,18,16.0,4.71428571428571,"(-10881932.46047384, 3537892.4138957523)",1.0244001332610029
1355,19,16.0,4.85714285714286,"(-10881932.46047384, 3537892.4138957523)",1.0244001332610029
1355,20,16.0,3.57142857142857,"(-10881932.46047384, 3537892.4138957523)",1.0244001332610029
1355,21,16.0,4.0,"(-10881932.46047384, 3537892.4138957523)",1.0244001332610029
1355,22,16.0,4.0,"(-10881932.46047384, 3537892.4138957523)",1.0244001332610029
1355,23,16.0,6.42857142857143,"(-10881932.46047384, 3537892.4138957523)",1.0244001332610029
1356,0,3.0,0.714285714285714,"(-10880958.414929397, 3538456.314082973)",1.0259872715644
1356,1,3.0,0.714285714285714,"(-10880958.414929397, 3538456.314082973)",1.0259872715644
1356,2,3.0,0.285714285714286,"(-10880958.414929397, 3538456.314082973)",1.0259872715644
1356,3,3.0,0.857142857142857,"(-10880958.414929397, 3538456.314082973)",1.0259872715644
1356,4,3.0,0.428571428571429,"(-10880958.414929397, 3538456.314082973)",1.0259872715644
1356,5,3.0,0.428571428571429,"(-10880958.414929397, 3538456.314082973)",1.0259872715644
1356,6,3.0,0.571428571428571,"(-10880958.414929397, 3538456.314082973)",1.0259872715644
1356,7,3.0,0.428571428571429,"(-10880958.414929397, 3538456.314082973)",1.0259872715644
1356,8,3.0,0.285714285714286,"(-10880958.414929397, 3538456.314082973)",1.0259872715644
1356,9,3.0,0.571428571428571,"(-10880958.414929397, 3538456.314082973)",1.0259872715644
1356,10,3.0,0.571428571428571,"(-10880958.414929397, 3538456.314082973)",1.0259872715644
1356,11,3.0,0.571428571428571,"(-10880958.414929397, 3538456.314082973)",1.0259872715644
1356,12,3.0,0.428571428571429,"(-10880958.414929397, 3538456.314082973)",1.0259872715644
1356,13,3.0,0.142857142857143,"(-10880958.414929397, 3538456.314082973)",1.0259872715644
1356,14,3.0,0.428571428571429,"(-10880958.414929397, 3538456.314082973)",1.0259872715644
1356,15,3.0,1.14285714285714,"(-10880958.414929397, 3538456.314082973)",1.0259872715644
1356,16,3.0,1.14285714285714,"(-10880958.414929397, 3538456.314082973)",1.0259872715644
1356,17,3.0,0.857142857142857,"(-10880958.414929397, 3538456.314082973)",1.0259872715644
1356,18,3.0,0.285714285714286,"(-10880958.414929397, 3538456.314082973)",1.0259872715644
1356,19,3.0,0.428571428571429,"(-10880958.414929397, 3538456.314082973)",1.0259872715644
1356,20,3.0,0.714285714285714,"(-10880958.414929397, 3538456.314082973)",1.0259872715644
1356,21,3.0,0.714285714285714,"(-10880958.414929397, 3538456.314082973)",1.0259872715644
1356,22,3.0,0.714285714285714,"(-10880958.414929397, 3538456.314082973)",1.0259872715644
1356,23,3.0,0.571428571428571,"(-10880958.414929397, 3538456.314082973)",1.0259872715644
1357,0,2.0,0.857142857142857,"(-10889084.737757307, 3534960.5378492284)",1.0233727677681235
1357,1,2.0,0.571428571428571,"(-10889084.737757307, 3534960.5378492284)",1.0233727677681235
1357,2,2.0,0.285714285714286,"(-10889084.737757307, 3534960.5378492284)",1.0233727677681235
1357,3,2.0,0.142857142857143,"(-10889084.737757307, 3534960.5378492284)",1.0233727677681235
1357,4,2.0,0.571428571428571,"(-10889084.737757307, 3534960.5378492284)",1.0233727677681235
1357,5,2.0,0.571428571428571,"(-10889084.737757307, 3534960.5378492284)",1.0233727677681235
1357,6,2.0,0.285714285714286,"(-10889084.737757307, 3534960.5378492284)",1.0233727677681235
1357,7,2.0,0.142857142857143,"(-10889084.737757307, 3534960.5378492284)",1.0233727677681235
1357,8,2.0,0.428571428571429,"(-10889084.737757307, 3534960.5378492284)",1.0233727677681235
1357,9,2.0,0.571428571428571,"(-10889084.737757307, 3534960.5378492284)",1.0233727677681235
1357,10,2.0,0.142857142857143,"(-10889084.737757307, 3534960.5378492284)",1.0233727677681235
1357,11,2.0,0.142857142857143,"(-10889084.737757307, 3534960.5378492284)",1.0233727677681235
1357,12,2.0,0.0,"(-10889084.737757307, 3534960.5378492284)",1.0233727677681235
1357,13,2.0,0.0,"(-10889084.737757307, 3534960.5378492284)",1.0233727677681235
1357,14,2.0,0.428571428571429,"(-10889084.737757307, 3534960.5378492284)",1.0233727677681235
1357,15,2.0,0.285714285714286,"(-10889084.737757307, 3534960.5378492284)",1.0233727677681235
1357,16,2.0,0.142857142857143,"(-10889084.737757307, 3534960.5378492284)",1.0233727677681235
1357,17,2.0,0.142857142857143,"(-10889084.737757307, 3534960.5378492284)",1.0233727677681235
1357,18,2.0,0.428571428571429,"(-10889084.737757307, 3534960.5378492284)",1.0233727677681235
1357,19,2.0,1.0,"(-10889084.737757307, 3534960.5378492284)",1.0233727677681235
1357,20,2.0,0.714285714285714,"(-10889084.737757307, 3534960.5378492284)",1.0233727677681235
1357,21,2.0,0.428571428571429,"(-10889084.737757307, 3534960.5378492284)",1.0233727677681235
1357,22,2.0,0.285714285714286,"(-10889084.737757307, 3534960.5378492284)",1.0233727677681235
1357,23,2.0,0.714285714285714,"(-10889084.737757307, 3534960.5378492284)",1.0233727677681235
1358,0,2.0,0.714285714285714,"(-10892173.85362682, 3535314.904372883)",1.0086057440826435
1358,1,2.0,0.714285714285714,"(-10892173.85362682, 3535314.904372883)",1.0086057440826435
1358,2,2.0,0.857142857142857,"(-10892173.85362682, 3535314.904372883)",1.0086057440826435
1358,3,2.0,0.571428571428571,"(-10892173.85362682, 3535314.904372883)",1.0086057440826435
1358,4,2.0,0.285714285714286,"(-10892173.85362682, 3535314.904372883)",1.0086057440826435
1358,5,2.0,0.285714285714286,"(-10892173.85362682, 3535314.904372883)",1.0086057440826435
1358,6,2.0,0.142857142857143,"(-10892173.85362682, 3535314.904372883)",1.0086057440826435
1358,7,2.0,0.142857142857143,"(-10892173.85362682, 3535314.904372883)",1.0086057440826435
1358,8,2.0,0.285714285714286,"(-10892173.85362682, 3535314.904372883)",1.0086057440826435
1358,9,2.0,0.142857142857143,"(-10892173.85362682, 3535314.904372883)",1.0086057440826435
1358,10,2.0,0.0,"(-10892173.85362682, 3535314.904372883)",1.0086057440826435
1358,11,2.0,0.142857142857143,"(-10892173.85362682, 3535314.904372883)",1.0086057440826435
1358,12,2.0,0.0,"(-10892173.85362682, 3535314.904372883)",1.0086057440826435
1358,13,2.0,0.142857142857143,"(-10892173.85362682, 3535314.904372883)",1.0086057440826435
1358,14,2.0,0.285714285714286,"(-10892173.85362682, 3535314.904372883)",1.0086057440826435
1358,15,2.0,0.142857142857143,"(-10892173.85362682, 3535314.904372883)",1.0086057440826435
1358,16,2.0,0.142857142857143,"(-10892173.85362682, 3535314.904372883)",1.0086057440826435
1358,17,2.0,0.0,"(-10892173.85362682, 3535314.904372883)",1.0086057440826435
1358,18,2.0,0.0,"(-10892173.85362682, 3535314.904372883)",1.0086057440826435
1358,19,2.0,0.0,"(-10892173.85362682, 3535314.904372883)",1.0086057440826435
1358,20,2.0,0.0,"(-10892173.85362682, 3535314.904372883)",1.0086057440826435
1358,21,2.0,0.0,"(-10892173.85362682, 3535314.904372883)",1.0086057440826435
1358,22,2.0,0.142857142857143,"(-10892173.85362682, 3535314.904372883)",1.0086057440826435
1358,23,2.0,0.428571428571429,"(-10892173.85362682, 3535314.904372883)",1.0086057440826435
1359,0,4.0,0.428571428571429,"(-10882586.462482251, 3538714.105396133)",1.0259872715644
1359,1,4.0,0.142857142857143,"(-10882586.462482251, 3538714.105396133)",1.0259872715644
1359,2,4.0,0.285714285714286,"(-10882586.462482251, 3538714.105396133)",1.0259872715644
1359,3,4.0,0.142857142857143,"(-10882586.462482251, 3538714.105396133)",1.0259872715644
1359,4,4.0,0.285714285714286,"(-10882586.462482251, 3538714.105396133)",1.0259872715644
1359,5,4.0,0.571428571428571,"(-10882586.462482251, 3538714.105396133)",1.0259872715644
1359,6,4.0,1.0,"(-10882586.462482251, 3538714.105396133)",1.0259872715644
1359,7,4.0,0.428571428571429,"(-10882586.462482251, 3538714.105396133)",1.0259872715644
1359,8,4.0,0.285714285714286,"(-10882586.462482251, 3538714.105396133)",1.0259872715644
1359,9,4.0,0.285714285714286,"(-10882586.462482251, 3538714.105396133)",1.0259872715644
1359,10,4.0,0.142857142857143,"(-10882586.462482251, 3538714.105396133)",1.0259872715644
1359,11,4.0,0.142857142857143,"(-10882586.462482251, 3538714.105396133)",1.0259872715644
1359,12,4.0,0.0,"(-10882586.462482251, 3538714.105396133)",1.0259872715644
1359,13,4.0,0.285714285714286,"(-10882586.462482251, 3538714.105396133)",1.0259872715644
1359,14,4.0,0.142857142857143,"(-10882586.462482251, 3538714.105396133)",1.0259872715644
1359,15,4.0,0.142857142857143,"(-10882586.462482251, 3538714.105396133)",1.0259872715644
1359,16,4.0,0.285714285714286,"(-10882586.462482251, 3538714.105396133)",1.0259872715644
1359,17,4.0,0.0,"(-10882586.462482251, 3538714.105396133)",1.0259872715644
1359,18,4.0,0.142857142857143,"(-10882586.462482251, 3538714.105396133)",1.0259872715644
1359,19,4.0,0.285714285714286,"(-10882586.462482251, 3538714.105396133)",1.0259872715644
1359,20,4.0,0.428571428571429,"(-10882586.462482251, 3538714.105396133)",1.0259872715644
1359,21,4.0,0.428571428571429,"(-10882586.462482251, 3538714.105396133)",1.0259872715644
1359,22,4.0,0.714285714285714,"(-10882586.462482251, 3538714.105396133)",1.0259872715644
1359,23,4.0,0.571428571428571,"(-10882586.462482251, 3538714.105396133)",1.0259872715644
1360,0,2.0,0.428571428571429,"(-10880457.47722083, 3543258.5399233666)",1.0259872715644
1360,1,2.0,0.714285714285714,"(-10880457.47722083, 3543258.5399233666)",1.0259872715644
1360,2,2.0,0.571428571428571,"(-10880457.47722083, 3543258.5399233666)",1.0259872715644
1360,3,2.0,0.428571428571429,"(-10880457.47722083, 3543258.5399233666)",1.0259872715644
1360,4,2.0,0.142857142857143,"(-10880457.47722083, 3543258.5399233666)",1.0259872715644
1360,5,2.0,0.285714285714286,"(-10880457.47722083, 3543258.5399233666)",1.0259872715644
1360,6,2.0,0.428571428571429,"(-10880457.47722083, 3543258.5399233666)",1.0259872715644
1360,7,2.0,1.0,"(-10880457.47722083, 3543258.5399233666)",1.0259872715644
1360,8,2.0,0.571428571428571,"(-10880457.47722083, 3543258.5399233666)",1.0259872715644
1360,9,2.0,0.714285714285714,"(-10880457.47722083, 3543258.5399233666)",1.0259872715644
1360,10,2.0,0.285714285714286,"(-10880457.47722083, 3543258.5399233666)",1.0259872715644
1360,11,2.0,0.428571428571429,"(-10880457.47722083, 3543258.5399233666)",1.0259872715644
1360,12,2.0,0.285714285714286,"(-10880457.47722083, 3543258.5399233666)",1.0259872715644
1360,13,2.0,0.428571428571429,"(-10880457.47722083, 3543258.5399233666)",1.0259872715644
1360,14,2.0,0.142857142857143,"(-10880457.47722083, 3543258.5399233666)",1.0259872715644
1360,15,2.0,0.428571428571429,"(-10880457.47722083, 3543258.5399233666)",1.0259872715644
1360,16,2.0,0.285714285714286,"(-10880457.47722083, 3543258.5399233666)",1.0259872715644
1360,17,2.0,0.428571428571429,"(-10880457.47722083, 3543258.5399233666)",1.0259872715644
1360,18,2.0,0.714285714285714,"(-10880457.47722083, 3543258.5399233666)",1.0259872715644
1360,19,2.0,0.428571428571429,"(-10880457.47722083, 3543258.5399233666)",1.0259872715644
1360,20,2.0,0.428571428571429,"(-10880457.47722083, 3543258.5399233666)",1.0259872715644
1360,21,2.0,0.285714285714286,"(-10880457.47722083, 3543258.5399233666)",1.0259872715644
1360,22,2.0,0.0,"(-10880457.47722083, 3543258.5399233666)",1.0259872715644
1360,23,2.0,0.142857142857143,"(-10880457.47722083, 3543258.5399233666)",1.0259872715644
1361,0,4.0,0.857142857142857,"(-10882558.632609552, 3538536.873304105)",1.0259872715644
1361,1,4.0,0.428571428571429,"(-10882558.632609552, 3538536.873304105)",1.0259872715644
1361,2,4.0,0.571428571428571,"(-10882558.632609552, 3538536.873304105)",1.0259872715644
1361,3,4.0,0.714285714285714,"(-10882558.632609552, 3538536.873304105)",1.0259872715644
1361,4,4.0,1.0,"(-10882558.632609552, 3538536.873304105)",1.0259872715644
1361,5,4.0,1.0,"(-10882558.632609552, 3538536.873304105)",1.0259872715644
1361,6,4.0,0.857142857142857,"(-10882558.632609552, 3538536.873304105)",1.0259872715644
1361,7,4.0,0.714285714285714,"(-10882558.632609552, 3538536.873304105)",1.0259872715644
1361,8,4.0,0.857142857142857,"(-10882558.632609552, 3538536.873304105)",1.0259872715644
1361,9,4.0,0.571428571428571,"(-10882558.632609552, 3538536.873304105)",1.0259872715644
1361,10,4.0,0.571428571428571,"(-10882558.632609552, 3538536.873304105)",1.0259872715644
1361,11,4.0,0.571428571428571,"(-10882558.632609552, 3538536.873304105)",1.0259872715644
1361,12,4.0,0.857142857142857,"(-10882558.632609552, 3538536.873304105)",1.0259872715644
1361,13,4.0,0.571428571428571,"(-10882558.632609552, 3538536.873304105)",1.0259872715644
1361,14,4.0,0.714285714285714,"(-10882558.632609552, 3538536.873304105)",1.0259872715644
1361,15,4.0,0.857142857142857,"(-10882558.632609552, 3538536.873304105)",1.0259872715644
1361,16,4.0,0.714285714285714,"(-10882558.632609552, 3538536.873304105)",1.0259872715644
1361,17,4.0,0.857142857142857,"(-10882558.632609552, 3538536.873304105)",1.0259872715644
1361,18,4.0,1.0,"(-10882558.632609552, 3538536.873304105)",1.0259872715644
1361,19,4.0,1.14285714285714,"(-10882558.632609552, 3538536.873304105)",1.0259872715644
1361,20,4.0,0.857142857142857,"(-10882558.632609552, 3538536.873304105)",1.0259872715644
1361,21,4.0,1.14285714285714,"(-10882558.632609552, 3538536.873304105)",1.0259872715644
1361,22,4.0,1.28571428571429,"(-10882558.632609552, 3538536.873304105)",1.0259872715644
1361,23,4.0,1.28571428571429,"(-10882558.632609552, 3538536.873304105)",1.0259872715644
1362,0,2.0,0.571428571428571,"(-10881236.71365638, 3536974.115942432)",1.0244001332610029
1362,1,2.0,0.428571428571429,"(-10881236.71365638, 3536974.115942432)",1.0244001332610029
1362,2,2.0,0.571428571428571,"(-10881236.71365638, 3536974.115942432)",1.0244001332610029
1362,3,2.0,0.428571428571429,"(-10881236.71365638, 3536974.115942432)",1.0244001332610029
1362,4,2.0,0.428571428571429,"(-10881236.71365638, 3536974.115942432)",1.0244001332610029
1362,5,2.0,0.142857142857143,"(-10881236.71365638, 3536974.115942432)",1.0244001332610029
1362,6,2.0,0.142857142857143,"(-10881236.71365638, 3536974.115942432)",1.0244001332610029
1362,7,2.0,0.142857142857143,"(-10881236.71365638, 3536974.115942432)",1.0244001332610029
1362,8,2.0,0.142857142857143,"(-10881236.71365638, 3536974.115942432)",1.0244001332610029
1362,9,2.0,0.285714285714286,"(-10881236.71365638, 3536974.115942432)",1.0244001332610029
1362,10,2.0,0.0,"(-10881236.71365638, 3536974.115942432)",1.0244001332610029
1362,11,2.0,0.285714285714286,"(-10881236.71365638, 3536974.115942432)",1.0244001332610029
1362,12,2.0,0.428571428571429,"(-10881236.71365638, 3536974.115942432)",1.0244001332610029
1362,13,2.0,0.285714285714286,"(-10881236.71365638, 3536974.115942432)",1.0244001332610029
1362,14,2.0,0.142857142857143,"(-10881236.71365638, 3536974.115942432)",1.0244001332610029
1362,15,2.0,0.285714285714286,"(-10881236.71365638, 3536974.115942432)",1.0244001332610029
1362,16,2.0,0.285714285714286,"(-10881236.71365638, 3536974.115942432)",1.0244001332610029
1362,17,2.0,0.0,"(-10881236.71365638, 3536974.115942432)",1.0244001332610029
1362,18,2.0,0.285714285714286,"(-10881236.71365638, 3536974.115942432)",1.0244001332610029
1362,19,2.0,0.428571428571429,"(-10881236.71365638, 3536974.115942432)",1.0244001332610029
1362,20,2.0,0.142857142857143,"(-10881236.71365638, 3536974.115942432)",1.0244001332610029
1362,21,2.0,0.0,"(-10881236.71365638, 3536974.115942432)",1.0244001332610029
1362,22,2.0,0.0,"(-10881236.71365638, 3536974.115942432)",1.0244001332610029
1362,23,2.0,0.285714285714286,"(-10881236.71365638, 3536974.115942432)",1.0244001332610029
1363,0,6.0,1.71428571428571,"(-10881361.948083524, 3536603.5935287047)",1.0244001332610029
1363,1,6.0,1.14285714285714,"(-10881361.948083524, 3536603.5935287047)",1.0244001332610029
1363,2,6.0,0.857142857142857,"(-10881361.948083524, 3536603.5935287047)",1.0244001332610029
1363,3,6.0,1.14285714285714,"(-10881361.948083524, 3536603.5935287047)",1.0244001332610029
1363,4,6.0,1.42857142857143,"(-10881361.948083524, 3536603.5935287047)",1.0244001332610029
1363,5,6.0,1.0,"(-10881361.948083524, 3536603.5935287047)",1.0244001332610029
1363,6,6.0,0.857142857142857,"(-10881361.948083524, 3536603.5935287047)",1.0244001332610029
1363,7,6.0,1.57142857142857,"(-10881361.948083524, 3536603.5935287047)",1.0244001332610029
1363,8,6.0,1.28571428571429,"(-10881361.948083524, 3536603.5935287047)",1.0244001332610029
1363,9,6.0,1.14285714285714,"(-10881361.948083524, 3536603.5935287047)",1.0244001332610029
1363,10,6.0,1.42857142857143,"(-10881361.948083524, 3536603.5935287047)",1.0244001332610029
1363,11,6.0,0.714285714285714,"(-10881361.948083524, 3536603.5935287047)",1.0244001332610029
1363,12,6.0,1.0,"(-10881361.948083524, 3536603.5935287047)",1.0244001332610029
1363,13,6.0,0.428571428571429,"(-10881361.948083524, 3536603.5935287047)",1.0244001332610029
1363,14,6.0,0.857142857142857,"(-10881361.948083524, 3536603.5935287047)",1.0244001332610029
1363,15,6.0,0.857142857142857,"(-10881361.948083524, 3536603.5935287047)",1.0244001332610029
1363,16,6.0,0.857142857142857,"(-10881361.948083524, 3536603.5935287047)",1.0244001332610029
1363,17,6.0,0.428571428571429,"(-10881361.948083524, 3536603.5935287047)",1.0244001332610029
1363,18,6.0,0.428571428571429,"(-10881361.948083524, 3536603.5935287047)",1.0244001332610029
1363,19,6.0,0.571428571428571,"(-10881361.948083524, 3536603.5935287047)",1.0244001332610029
1363,20,6.0,0.714285714285714,"(-10881361.948083524, 3536603.5935287047)",1.0244001332610029
1363,21,6.0,0.571428571428571,"(-10881361.948083524, 3536603.5935287047)",1.0244001332610029
1363,22,6.0,0.714285714285714,"(-10881361.948083524, 3536603.5935287047)",1.0244001332610029
1363,23,6.0,1.28571428571429,"(-10881361.948083524, 3536603.5935287047)",1.0244001332610029
1364,0,10.0,1.71428571428571,"(-10880847.095438605, 3538134.0823274297)",1.0244001332610029
1364,1,10.0,1.0,"(-10880847.095438605, 3538134.0823274297)",1.0244001332610029
1364,2,10.0,0.714285714285714,"(-10880847.095438605, 3538134.0823274297)",1.0244001332610029
1364,3,10.0,0.857142857142857,"(-10880847.095438605, 3538134.0823274297)",1.0244001332610029
1364,4,10.0,1.0,"(-10880847.095438605, 3538134.0823274297)",1.0244001332610029
1364,5,10.0,1.0,"(-10880847.095438605, 3538134.0823274297)",1.0244001332610029
1364,6,10.0,0.571428571428571,"(-10880847.095438605, 3538134.0823274297)",1.0244001332610029
1364,7,10.0,1.0,"(-10880847.095438605, 3538134.0823274297)",1.0244001332610029
1364,8,10.0,0.571428571428571,"(-10880847.095438605, 3538134.0823274297)",1.0244001332610029
1364,9,10.0,1.42857142857143,"(-10880847.095438605, 3538134.0823274297)",1.0244001332610029
1364,10,10.0,1.14285714285714,"(-10880847.095438605, 3538134.0823274297)",1.0244001332610029
1364,11,10.0,2.0,"(-10880847.095438605, 3538134.0823274297)",1.0244001332610029
1364,12,10.0,2.14285714285714,"(-10880847.095438605, 3538134.0823274297)",1.0244001332610029
1364,13,10.0,1.85714285714286,"(-10880847.095438605, 3538134.0823274297)",1.0244001332610029
1364,14,10.0,1.85714285714286,"(-10880847.095438605, 3538134.0823274297)",1.0244001332610029
1364,15,10.0,1.0,"(-10880847.095438605, 3538134.0823274297)",1.0244001332610029
1364,16,10.0,0.285714285714286,"(-10880847.095438605, 3538134.0823274297)",1.0244001332610029
1364,17,10.0,0.428571428571429,"(-10880847.095438605, 3538134.0823274297)",1.0244001332610029
1364,18,10.0,0.428571428571429,"(-10880847.095438605, 3538134.0823274297)",1.0244001332610029
1364,19,10.0,1.28571428571429,"(-10880847.095438605, 3538134.0823274297)",1.0244001332610029
1364,20,10.0,2.85714285714286,"(-10880847.095438605, 3538134.0823274297)",1.0244001332610029
1364,21,10.0,2.85714285714286,"(-10880847.095438605, 3538134.0823274297)",1.0244001332610029
1364,22,10.0,3.85714285714286,"(-10880847.095438605, 3538134.0823274297)",1.0244001332610029
1364,23,10.0,2.42857142857143,"(-10880847.095438605, 3538134.0823274297)",1.0244001332610029
1365,0,10.0,1.28571428571429,"(-10880540.966838922, 3537956.8583595837)",1.0244001332610029
1365,1,10.0,2.0,"(-10880540.966838922, 3537956.8583595837)",1.0244001332610029
1365,2,10.0,2.0,"(-10880540.966838922, 3537956.8583595837)",1.0244001332610029
1365,3,10.0,2.71428571428571,"(-10880540.966838922, 3537956.8583595837)",1.0244001332610029
1365,4,10.0,2.14285714285714,"(-10880540.966838922, 3537956.8583595837)",1.0244001332610029
1365,5,10.0,2.14285714285714,"(-10880540.966838922, 3537956.8583595837)",1.0244001332610029
1365,6,10.0,2.0,"(-10880540.966838922, 3537956.8583595837)",1.0244001332610029
1365,7,10.0,0.857142857142857,"(-10880540.966838922, 3537956.8583595837)",1.0244001332610029
1365,8,10.0,1.28571428571429,"(-10880540.966838922, 3537956.8583595837)",1.0244001332610029
1365,9,10.0,2.28571428571429,"(-10880540.966838922, 3537956.8583595837)",1.0244001332610029
1365,10,10.0,2.0,"(-10880540.966838922, 3537956.8583595837)",1.0244001332610029
1365,11,10.0,2.42857142857143,"(-10880540.966838922, 3537956.8583595837)",1.0244001332610029
1365,12,10.0,2.14285714285714,"(-10880540.966838922, 3537956.8583595837)",1.0244001332610029
1365,13,10.0,1.57142857142857,"(-10880540.966838922, 3537956.8583595837)",1.0244001332610029
1365,14,10.0,1.71428571428571,"(-10880540.966838922, 3537956.8583595837)",1.0244001332610029
1365,15,10.0,2.0,"(-10880540.966838922, 3537956.8583595837)",1.0244001332610029
1365,16,10.0,3.71428571428571,"(-10880540.966838922, 3537956.8583595837)",1.0244001332610029
1365,17,10.0,2.28571428571429,"(-10880540.966838922, 3537956.8583595837)",1.0244001332610029
1365,18,10.0,2.57142857142857,"(-10880540.966838922, 3537956.8583595837)",1.0244001332610029
1365,19,10.0,3.0,"(-10880540.966838922, 3537956.8583595837)",1.0244001332610029
1365,20,10.0,3.0,"(-10880540.966838922, 3537956.8583595837)",1.0244001332610029
1365,21,10.0,3.28571428571429,"(-10880540.966838922, 3537956.8583595837)",1.0244001332610029
1365,22,10.0,1.85714285714286,"(-10880540.966838922, 3537956.8583595837)",1.0244001332610029
1365,23,10.0,1.42857142857143,"(-10880540.966838922, 3537956.8583595837)",1.0244001332610029
1366,0,2.0,0.142857142857143,"(-10882850.846272884, 3535588.7398430943)",1.0244001332610029
1366,1,2.0,0.142857142857143,"(-10882850.846272884, 3535588.7398430943)",1.0244001332610029
1366,2,2.0,0.142857142857143,"(-10882850.846272884, 3535588.7398430943)",1.0244001332610029
1366,3,2.0,0.285714285714286,"(-10882850.846272884, 3535588.7398430943)",1.0244001332610029
1366,4,2.0,0.285714285714286,"(-10882850.846272884, 3535588.7398430943)",1.0244001332610029
1366,5,2.0,0.285714285714286,"(-10882850.846272884, 3535588.7398430943)",1.0244001332610029
1366,6,2.0,0.0,"(-10882850.846272884, 3535588.7398430943)",1.0244001332610029
1366,7,2.0,0.0,"(-10882850.846272884, 3535588.7398430943)",1.0244001332610029
1366,8,2.0,0.0,"(-10882850.846272884, 3535588.7398430943)",1.0244001332610029
1366,9,2.0,0.0,"(-10882850.846272884, 3535588.7398430943)",1.0244001332610029
1366,10,2.0,0.142857142857143,"(-10882850.846272884, 3535588.7398430943)",1.0244001332610029
1366,11,2.0,0.0,"(-10882850.846272884, 3535588.7398430943)",1.0244001332610029
1366,12,2.0,0.285714285714286,"(-10882850.846272884, 3535588.7398430943)",1.0244001332610029
1366,13,2.0,0.285714285714286,"(-10882850.846272884, 3535588.7398430943)",1.0244001332610029
1366,14,2.0,0.0,"(-10882850.846272884, 3535588.7398430943)",1.0244001332610029
1366,15,2.0,0.142857142857143,"(-10882850.846272884, 3535588.7398430943)",1.0244001332610029
1366,16,2.0,0.285714285714286,"(-10882850.846272884, 3535588.7398430943)",1.0244001332610029
1366,17,2.0,0.428571428571429,"(-10882850.846272884, 3535588.7398430943)",1.0244001332610029
1366,18,2.0,0.142857142857143,"(-10882850.846272884, 3535588.7398430943)",1.0244001332610029
1366,19,2.0,0.428571428571429,"(-10882850.846272884, 3535588.7398430943)",1.0244001332610029
1366,20,2.0,0.285714285714286,"(-10882850.846272884, 3535588.7398430943)",1.0244001332610029
1366,21,2.0,0.714285714285714,"(-10882850.846272884, 3535588.7398430943)",1.0244001332610029
1366,22,2.0,0.285714285714286,"(-10882850.846272884, 3535588.7398430943)",1.0244001332610029
1366,23,2.0,0.285714285714286,"(-10882850.846272884, 3535588.7398430943)",1.0244001332610029
1367,0,4.0,0.857142857142857,"(-10882002.035155585, 3538053.525670709)",1.0244001332610029
1367,1,4.0,0.857142857142857,"(-10882002.035155585, 3538053.525670709)",1.0244001332610029
1367,2,4.0,1.14285714285714,"(-10882002.035155585, 3538053.525670709)",1.0244001332610029
1367,3,4.0,0.857142857142857,"(-10882002.035155585, 3538053.525670709)",1.0244001332610029
1367,4,4.0,0.714285714285714,"(-10882002.035155585, 3538053.525670709)",1.0244001332610029
1367,5,4.0,0.714285714285714,"(-10882002.035155585, 3538053.525670709)",1.0244001332610029
1367,6,4.0,1.0,"(-10882002.035155585, 3538053.525670709)",1.0244001332610029
1367,7,4.0,1.0,"(-10882002.035155585, 3538053.525670709)",1.0244001332610029
1367,8,4.0,1.28571428571429,"(-10882002.035155585, 3538053.525670709)",1.0244001332610029
1367,9,4.0,1.42857142857143,"(-10882002.035155585, 3538053.525670709)",1.0244001332610029
1367,10,4.0,1.14285714285714,"(-10882002.035155585, 3538053.525670709)",1.0244001332610029
1367,11,4.0,1.28571428571429,"(-10882002.035155585, 3538053.525670709)",1.0244001332610029
1367,12,4.0,1.28571428571429,"(-10882002.035155585, 3538053.525670709)",1.0244001332610029
1367,13,4.0,1.14285714285714,"(-10882002.035155585, 3538053.525670709)",1.0244001332610029
1367,14,4.0,1.0,"(-10882002.035155585, 3538053.525670709)",1.0244001332610029
1367,15,4.0,1.42857142857143,"(-10882002.035155585, 3538053.525670709)",1.0244001332610029
1367,16,4.0,1.14285714285714,"(-10882002.035155585, 3538053.525670709)",1.0244001332610029
1367,17,4.0,0.714285714285714,"(-10882002.035155585, 3538053.525670709)",1.0244001332610029
1367,18,4.0,1.14285714285714,"(-10882002.035155585, 3538053.525670709)",1.0244001332610029
1367,19,4.0,0.857142857142857,"(-10882002.035155585, 3538053.525670709)",1.0244001332610029
1367,20,4.0,1.28571428571429,"(-10882002.035155585, 3538053.525670709)",1.0244001332610029
1367,21,4.0,1.42857142857143,"(-10882002.035155585, 3538053.525670709)",1.0244001332610029
1367,22,4.0,1.57142857142857,"(-10882002.035155585, 3538053.525670709)",1.0244001332610029
1367,23,4.0,1.14285714285714,"(-10882002.035155585, 3538053.525670709)",1.0244001332610029
1368,0,4.0,0.714285714285714,"(-10881014.074674794, 3537892.4138957523)",1.0244001332610029
1368,1,4.0,0.571428571428571,"(-10881014.074674794, 3537892.4138957523)",1.0244001332610029
1368,2,4.0,0.285714285714286,"(-10881014.074674794, 3537892.4138957523)",1.0244001332610029
1368,3,4.0,0.428571428571429,"(-10881014.074674794, 3537892.4138957523)",1.0244001332610029
1368,4,4.0,0.571428571428571,"(-10881014.074674794, 3537892.4138957523)",1.0244001332610029
1368,5,4.0,0.428571428571429,"(-10881014.074674794, 3537892.4138957523)",1.0244001332610029
1368,6,4.0,0.285714285714286,"(-10881014.074674794, 3537892.4138957523)",1.0244001332610029
1368,7,4.0,0.428571428571429,"(-10881014.074674794, 3537892.4138957523)",1.0244001332610029
1368,8,4.0,0.285714285714286,"(-10881014.074674794, 3537892.4138957523)",1.0244001332610029
1368,9,4.0,0.142857142857143,"(-10881014.074674794, 3537892.4138957523)",1.0244001332610029
1368,10,4.0,0.285714285714286,"(-10881014.074674794, 3537892.4138957523)",1.0244001332610029
1368,11,4.0,0.428571428571429,"(-10881014.074674794, 3537892.4138957523)",1.0244001332610029
1368,12,4.0,0.714285714285714,"(-10881014.074674794, 3537892.4138957523)",1.0244001332610029
1368,13,4.0,0.428571428571429,"(-10881014.074674794, 3537892.4138957523)",1.0244001332610029
1368,14,4.0,1.0,"(-10881014.074674794, 3537892.4138957523)",1.0244001332610029
1368,15,4.0,1.0,"(-10881014.074674794, 3537892.4138957523)",1.0244001332610029
1368,16,4.0,0.714285714285714,"(-10881014.074674794, 3537892.4138957523)",1.0244001332610029
1368,17,4.0,0.714285714285714,"(-10881014.074674794, 3537892.4138957523)",1.0244001332610029
1368,18,4.0,0.571428571428571,"(-10881014.074674794, 3537892.4138957523)",1.0244001332610029
1368,19,4.0,0.0,"(-10881014.074674794, 3537892.4138957523)",1.0244001332610029
1368,20,4.0,0.142857142857143,"(-10881014.074674794, 3537892.4138957523)",1.0244001332610029
1368,21,4.0,0.285714285714286,"(-10881014.074674794, 3537892.4138957523)",1.0244001332610029
1368,22,4.0,0.714285714285714,"(-10881014.074674794, 3537892.4138957523)",1.0244001332610029
1368,23,4.0,1.28571428571429,"(-10881014.074674794, 3537892.4138957523)",1.0244001332610029
1369,0,2.0,0.142857142857143,"(-10881278.458465429, 3537811.8587774844)",1.0244001332610029
1369,1,2.0,0.285714285714286,"(-10881278.458465429, 3537811.8587774844)",1.0244001332610029
1369,2,2.0,0.285714285714286,"(-10881278.458465429, 3537811.8587774844)",1.0244001332610029
1369,3,2.0,0.285714285714286,"(-10881278.458465429, 3537811.8587774844)",1.0244001332610029
1369,4,2.0,0.285714285714286,"(-10881278.458465429, 3537811.8587774844)",1.0244001332610029
1369,5,2.0,0.0,"(-10881278.458465429, 3537811.8587774844)",1.0244001332610029
1369,6,2.0,0.0,"(-10881278.458465429, 3537811.8587774844)",1.0244001332610029
1369,7,2.0,0.285714285714286,"(-10881278.458465429, 3537811.8587774844)",1.0244001332610029
1369,8,2.0,0.142857142857143,"(-10881278.458465429, 3537811.8587774844)",1.0244001332610029
1369,9,2.0,0.571428571428571,"(-10881278.458465429, 3537811.8587774844)",1.0244001332610029
1369,10,2.0,0.428571428571429,"(-10881278.458465429, 3537811.8587774844)",1.0244001332610029
1369,11,2.0,0.142857142857143,"(-10881278.458465429, 3537811.8587774844)",1.0244001332610029
1369,12,2.0,0.142857142857143,"(-10881278.458465429, 3537811.8587774844)",1.0244001332610029
1369,13,2.0,0.0,"(-10881278.458465429, 3537811.8587774844)",1.0244001332610029
1369,14,2.0,0.142857142857143,"(-10881278.458465429, 3537811.8587774844)",1.0244001332610029
1369,15,2.0,0.428571428571429,"(-10881278.458465429, 3537811.8587774844)",1.0244001332610029
1369,16,2.0,0.142857142857143,"(-10881278.458465429, 3537811.8587774844)",1.0244001332610029
1369,17,2.0,0.142857142857143,"(-10881278.458465429, 3537811.8587774844)",1.0244001332610029
1369,18,2.0,0.285714285714286,"(-10881278.458465429, 3537811.8587774844)",1.0244001332610029
1369,19,2.0,0.285714285714286,"(-10881278.458465429, 3537811.8587774844)",1.0244001332610029
1369,20,2.0,0.142857142857143,"(-10881278.458465429, 3537811.8587774844)",1.0244001332610029
1369,21,2.0,0.428571428571429,"(-10881278.458465429, 3537811.8587774844)",1.0244001332610029
1369,22,2.0,0.428571428571429,"(-10881278.458465429, 3537811.8587774844)",1.0244001332610029
1369,23,2.0,0.428571428571429,"(-10881278.458465429, 3537811.8587774844)",1.0244001332610029
1370,0,4.0,0.428571428571429,"(-10881139.309101937, 3537650.750079289)",1.0244001332610029
1370,1,4.0,0.428571428571429,"(-10881139.309101937, 3537650.750079289)",1.0244001332610029
1370,2,4.0,0.857142857142857,"(-10881139.309101937, 3537650.750079289)",1.0244001332610029
1370,3,4.0,0.428571428571429,"(-10881139.309101937, 3537650.750079289)",1.0244001332610029
1370,4,4.0,0.428571428571429,"(-10881139.309101937, 3537650.750079289)",1.0244001332610029
1370,5,4.0,0.428571428571429,"(-10881139.309101937, 3537650.750079289)",1.0244001332610029
1370,6,4.0,0.285714285714286,"(-10881139.309101937, 3537650.750079289)",1.0244001332610029
1370,7,4.0,0.571428571428571,"(-10881139.309101937, 3537650.750079289)",1.0244001332610029
1370,8,4.0,0.714285714285714,"(-10881139.309101937, 3537650.750079289)",1.0244001332610029
1370,9,4.0,0.571428571428571,"(-10881139.309101937, 3537650.750079289)",1.0244001332610029
1370,10,4.0,0.857142857142857,"(-10881139.309101937, 3537650.750079289)",1.0244001332610029
1370,11,4.0,0.857142857142857,"(-10881139.309101937, 3537650.750079289)",1.0244001332610029
1370,12,4.0,0.857142857142857,"(-10881139.309101937, 3537650.750079289)",1.0244001332610029
1370,13,4.0,0.571428571428571,"(-10881139.309101937, 3537650.750079289)",1.0244001332610029
1370,14,4.0,0.428571428571429,"(-10881139.309101937, 3537650.750079289)",1.0244001332610029
1370,15,4.0,0.142857142857143,"(-10881139.309101937, 3537650.750079289)",1.0244001332610029
1370,16,4.0,0.428571428571429,"(-10881139.309101937, 3537650.750079289)",1.0244001332610029
1370,17,4.0,1.0,"(-10881139.309101937, 3537650.750079289)",1.0244001332610029
1370,18,4.0,1.14285714285714,"(-10881139.309101937, 3537650.750079289)",1.0244001332610029
1370,19,4.0,1.42857142857143,"(-10881139.309101937, 3537650.750079289)",1.0244001332610029
1370,20,4.0,1.0,"(-10881139.309101937, 3537650.750079289)",1.0244001332610029
1370,21,4.0,0.714285714285714,"(-10881139.309101937, 3537650.750079289)",1.0244001332610029
1370,22,4.0,0.571428571428571,"(-10881139.309101937, 3537650.750079289)",1.0244001332610029
1370,23,4.0,0.142857142857143,"(-10881139.309101937, 3537650.750079289)",1.0244001332610029
